t_epoch,robot,topic
1786641836.894672,1,scan
1786641836.895066,2,scan
1786641836.919345,3,scan
1786641836.994494,1,scan
1786641836.994895,2,scan
1786641837.019369,3,scan
1786641837.095365,1,scan
1786641837.096045,2,scan
1786641837.119680,3,scan
1786641837.120708,2,camera
1786641837.195175,1,scan
1786641837.195817,2,scan
1786641837.219796,3,scan
1786641837.295363,1,scan
1786641837.296636,2,scan
1786641837.321596,3,scan
1786641837.343370,3,camera
1786641837.394823,1,scan
1786641837.395297,2,scan
1786641837.419675,3,scan
1786641837.494436,1,scan
1786641837.494660,2,scan
1786641837.519677,3,scan
1786641837.594674,1,scan
1786641837.595041,2,scan
1786641837.611923,2,camera
1786641837.619476,3,scan
1786641837.695046,1,scan
1786641837.695719,2,scan
1786641837.706588,2,camera
1786641837.719604,3,scan
1786641837.795463,2,scan
1786641837.797341,1,scan
1786641837.810025,2,camera
1786641837.819899,3,scan
1786641837.895573,1,scan
1786641837.896317,2,scan
1786641837.908414,2,camera
1786641837.920565,3,scan
1786641837.938671,3,camera
1786641837.941417,3,camera
1786641837.943950,3,camera
1786641837.995132,1,scan
1786641837.995821,2,scan
1786641838.010480,2,camera
1786641838.016164,1,camera
1786641838.019707,3,scan
1786641838.022746,1,camera
1786641838.026525,1,camera
1786641838.029641,3,camera
1786641838.030657,1,camera
1786641838.033891,1,camera
1786641838.087749,1,camera
1786641838.094404,1,scan
1786641838.094640,2,scan
1786641838.101486,2,camera
1786641838.119234,3,scan
1786641838.123358,3,camera
1786641838.192804,1,camera
1786641838.194984,1,scan
1786641838.195611,2,scan
1786641838.209605,2,camera
1786641838.219779,3,scan
1786641838.231516,3,camera
1786641838.290252,1,camera
1786641838.295047,1,scan
1786641838.295642,2,scan
1786641838.309444,2,camera
1786641838.320130,3,scan
1786641838.333177,3,camera
1786641838.390218,1,camera
1786641838.395189,1,scan
1786641838.395864,2,scan
1786641838.412026,2,camera
1786641838.419505,3,scan
1786641838.425521,3,camera
1786641838.490144,1,camera
1786641838.495134,1,scan
1786641838.495735,2,scan
1786641838.508800,2,camera
1786641838.519777,3,scan
1786641838.531115,3,camera
1786641838.590100,1,camera
1786641838.594960,1,scan
1786641838.595558,2,scan
1786641838.607512,2,camera
1786641838.620449,3,scan
1786641838.631567,3,camera
1786641838.690239,1,camera
1786641838.695089,1,scan
1786641838.695649,2,scan
1786641838.709061,2,camera
1786641838.720081,3,scan
1786641838.730762,3,camera
1786641838.790180,1,camera
1786641838.795034,1,scan
1786641838.795574,2,scan
1786641838.806777,2,camera
1786641838.819724,3,scan
1786641838.831207,3,camera
1786641838.890333,1,camera
1786641838.895030,1,scan
1786641838.895617,2,scan
1786641838.919739,3,scan
1786641838.930738,3,camera
1786641838.989179,1,camera
1786641838.995062,1,scan
1786641838.995669,2,scan
1786641839.014811,2,camera
1786641839.020170,3,scan
1786641839.042191,3,camera
1786641839.089663,1,camera
1786641839.096266,1,scan
1786641839.097553,2,scan
1786641839.118311,2,camera
1786641839.120156,3,scan
1786641839.124924,2,camera
1786641839.128810,3,camera
1786641839.181623,1,camera
1786641839.194980,1,scan
1786641839.195969,2,scan
1786641839.209446,2,camera
1786641839.219854,3,scan
1786641839.227189,3,camera
1786641839.290229,1,camera
1786641839.294991,1,scan
1786641839.295567,2,scan
1786641839.309345,2,camera
1786641839.320065,3,scan
1786641839.330800,3,camera
1786641839.391736,1,camera
1786641839.394963,1,scan
1786641839.395518,2,scan
1786641839.408847,2,camera
1786641839.419650,3,scan
1786641839.431892,3,camera
1786641839.491474,1,camera
1786641839.495175,1,scan
1786641839.495786,2,scan
1786641839.506840,2,camera
1786641839.519812,3,scan
1786641839.530982,3,camera
1786641839.594566,1,camera
1786641839.595313,1,scan
1786641839.595471,2,scan
1786641839.605956,2,camera
1786641839.619733,3,scan
1786641839.630893,3,camera
1786641839.690368,1,camera
1786641839.695060,1,scan
1786641839.695635,2,scan
1786641839.709487,2,camera
1786641839.719747,3,scan
1786641839.731112,3,camera
1786641839.790568,1,camera
1786641839.794951,1,scan
1786641839.795489,2,scan
1786641839.808938,2,camera
1786641839.819911,3,scan
1786641839.830716,3,camera
1786641839.889789,1,camera
1786641839.895249,1,scan
1786641839.895955,2,scan
1786641839.909559,2,camera
1786641839.919786,3,scan
1786641839.930860,3,camera
1786641839.989886,1,camera
1786641839.995224,1,scan
1786641839.995897,2,scan
1786641840.013250,2,camera
1786641840.020344,3,scan
1786641840.041803,3,camera
1786641840.093424,1,camera
1786641840.095376,1,scan
1786641840.096080,2,scan
1786641840.103359,2,camera
1786641840.119305,3,scan
1786641840.123798,3,camera
1786641840.182395,1,camera
1786641840.194477,1,scan
1786641840.194841,2,scan
1786641840.201450,2,camera
1786641840.219505,3,scan
1786641840.221402,3,camera
1786641840.290469,1,camera
1786641840.295678,2,scan
1786641840.296339,1,scan
1786641840.313586,2,camera
1786641840.319557,3,scan
1786641840.329747,3,camera
1786641840.395078,1,scan
1786641840.396052,2,scan
1786641840.396875,1,camera
1786641840.412868,2,camera
1786641840.419608,3,scan
1786641840.429301,3,camera
1786641840.490369,1,camera
1786641840.495267,2,scan
1786641840.495902,1,scan
1786641840.513649,2,camera
1786641840.519650,3,scan
1786641840.589921,1,camera
1786641840.595104,1,scan
1786641840.595733,2,scan
1786641840.607588,2,camera
1786641840.619762,3,scan
1786641840.690019,1,camera
1786641840.695003,1,scan
1786641840.695616,2,scan
1786641840.707072,2,camera
1786641840.719766,3,scan
1786641840.738180,3,camera
1786641840.743606,3,camera
1786641840.748434,3,camera
1786641840.791334,1,camera
1786641840.795507,1,scan
1786641840.796837,2,scan
1786641840.809459,2,camera
1786641840.819796,3,scan
1786641840.835248,3,camera
1786641840.895286,1,scan
1786641840.895968,2,scan
1786641840.898064,1,camera
1786641840.908242,2,camera
1786641840.919685,3,scan
1786641840.930825,3,camera
1786641840.990169,1,camera
1786641840.995108,1,scan
1786641840.995785,2,scan
1786641841.008638,2,camera
1786641841.019769,3,scan
1786641841.047762,3,camera
1786641841.095620,1,scan
1786641841.096513,2,scan
1786641841.102047,1,camera
1786641841.115649,2,camera
1786641841.120140,3,scan
1786641841.183887,1,camera
1786641841.194682,1,scan
1786641841.195060,2,scan
1786641841.205347,2,camera
1786641841.219614,3,scan
1786641841.228435,3,camera
1786641841.234615,3,camera
1786641841.291157,1,camera
1786641841.295266,1,scan
1786641841.296025,2,scan
1786641841.304797,2,camera
1786641841.319739,3,scan
1786641841.330688,3,camera
1786641841.395303,1,scan
1786641841.396118,2,scan
1786641841.408219,2,camera
1786641841.419672,3,scan
1786641841.435301,3,camera
1786641841.488367,1,camera
1786641841.494817,1,scan
1786641841.495226,2,scan
1786641841.495736,1,camera
1786641841.503181,2,camera
1786641841.519662,3,scan
1786641841.530762,3,camera
1786641841.590156,1,camera
1786641841.595039,1,scan
1786641841.595586,2,scan
1786641841.609496,2,camera
1786641841.619636,3,scan
1786641841.630406,3,camera
1786641841.693886,1,camera
1786641841.695068,1,scan
1786641841.695229,2,scan
1786641841.706855,2,camera
1786641841.719772,3,scan
1786641841.730839,3,camera
1786641841.790449,1,camera
1786641841.795083,1,scan
1786641841.796426,2,scan
1786641841.811157,2,camera
1786641841.819804,3,scan
1786641841.831139,3,camera
1786641841.890164,1,camera
1786641841.895180,1,scan
1786641841.896189,2,scan
1786641841.914088,2,camera
1786641841.919559,3,scan
1786641841.927018,3,camera
1786641841.991200,1,camera
1786641841.995042,1,scan
1786641841.995621,2,scan
1786641842.014879,2,camera
1786641842.020429,3,scan
1786641842.050880,3,camera
1786641842.095556,2,scan
1786641842.096927,1,scan
1786641842.101643,1,camera
1786641842.110195,2,camera
1786641842.119843,3,scan
1786641842.133013,3,camera
1786641842.182856,1,camera
1786641842.195228,1,scan
1786641842.196284,2,scan
1786641842.207604,2,camera
1786641842.219827,3,scan
1786641842.230635,3,camera
1786641842.289187,1,camera
1786641842.295266,2,scan
1786641842.295932,1,scan
1786641842.308568,2,camera
1786641842.319732,3,scan
1786641842.330781,3,camera
1786641842.395308,1,scan
1786641842.395999,2,scan
1786641842.398752,1,camera
1786641842.409843,2,camera
1786641842.419750,3,scan
1786641842.431458,3,camera
1786641842.490114,1,camera
1786641842.495609,2,scan
1786641842.496608,1,scan
1786641842.508955,2,camera
1786641842.519684,3,scan
1786641842.531000,3,camera
1786641842.595410,1,scan
1786641842.596353,1,camera
1786641842.596557,2,scan
1786641842.608881,2,camera
1786641842.619708,3,scan
1786641842.630685,3,camera
1786641842.690151,1,camera
1786641842.695150,2,scan
1786641842.695783,1,scan
1786641842.708311,2,camera
1786641842.719795,3,scan
1786641842.730974,3,camera
1786641842.789616,1,camera
1786641842.795156,2,scan
1786641842.795757,1,scan
1786641842.808884,2,camera
1786641842.820141,3,scan
1786641842.830517,3,camera
1786641842.889737,1,camera
1786641842.895195,1,scan
1786641842.895890,2,scan
1786641842.908755,2,camera
1786641842.920174,3,scan
1786641842.929789,3,camera
1786641842.989860,1,camera
1786641842.995212,1,scan
1786641842.995903,2,scan
1786641843.009333,2,camera
1786641843.020034,3,scan
1786641843.095506,1,scan
1786641843.096465,2,scan
1786641843.104295,1,camera
1786641843.111747,2,camera
1786641843.119833,3,scan
1786641843.134326,3,camera
1786641843.141383,3,camera
1786641843.183915,1,camera
1786641843.195189,1,scan
1786641843.195918,2,scan
1786641843.207225,2,camera
1786641843.219708,3,scan
1786641843.227390,3,camera
1786641843.290449,1,camera
1786641843.295303,1,scan
1786641843.295939,2,scan
1786641843.308936,2,camera
1786641843.319801,3,scan
1786641843.336860,3,camera
1786641843.390176,1,camera
1786641843.395402,1,scan
1786641843.396170,2,scan
1786641843.409048,2,camera
1786641843.419750,3,scan
1786641843.430764,3,camera
1786641843.490163,1,camera
1786641843.495245,2,scan
1786641843.495886,1,scan
1786641843.508842,2,camera
1786641843.519775,3,scan
1786641843.532915,3,camera
1786641843.590158,1,camera
1786641843.595002,1,scan
1786641843.595663,2,scan
1786641843.609874,2,camera
1786641843.619727,3,scan
1786641843.636457,3,camera
1786641843.695325,1,scan
1786641843.695982,2,scan
1786641843.716732,2,camera
1786641843.719631,3,scan
1786641843.730505,3,camera
1786641843.789319,1,camera
1786641843.795098,1,scan
1786641843.796052,2,scan
1786641843.797946,1,camera
1786641843.806527,2,camera
1786641843.819706,3,scan
1786641843.830821,3,camera
1786641843.890217,1,camera
1786641843.895182,2,scan
1786641843.895798,1,scan
1786641843.909511,2,camera
1786641843.920283,3,scan
1786641843.930538,3,camera
1786641843.994393,1,camera
1786641843.995440,1,scan
1786641843.995593,2,scan
1786641844.010946,2,camera
1786641844.020753,3,scan
1786641844.096273,1,scan
1786641844.096520,2,scan
1786641844.100791,1,camera
1786641844.114420,2,camera
1786641844.120093,3,scan
1786641844.181466,1,camera
1786641844.194493,1,scan
1786641844.194868,2,scan
1786641844.199531,2,camera
1786641844.219186,3,scan
1786641844.280150,1,camera
1786641844.294472,1,scan
1786641844.294836,2,scan
1786641844.299138,2,camera
1786641844.319259,3,scan
1786641844.388968,1,camera
1786641844.395353,1,scan
1786641844.396173,2,scan
1786641844.411038,2,camera
1786641844.419768,3,scan
1786641844.490884,1,camera
1786641844.494644,1,scan
1786641844.495044,2,scan
1786641844.512302,2,camera
1786641844.519996,3,scan
1786641844.590233,1,camera
1786641844.594746,1,scan
1786641844.595109,2,scan
1786641844.610846,2,camera
1786641844.619623,3,scan
1786641844.690379,1,camera
1786641844.694908,1,scan
1786641844.695404,2,scan
1786641844.704670,2,camera
1786641844.719717,3,scan
1786641844.789781,1,camera
1786641844.795036,1,scan
1786641844.795625,2,scan
1786641844.809576,2,camera
1786641844.820113,3,scan
1786641844.834020,3,camera
1786641844.844675,3,camera
1786641844.847211,3,camera
1786641844.849421,3,camera
1786641844.851604,3,camera
1786641844.853862,3,camera
1786641844.856027,3,camera
1786641844.858159,3,camera
1786641844.860287,3,camera
1786641844.886783,1,camera
1786641844.895338,1,scan
1786641844.896394,2,scan
1786641844.917607,2,camera
1786641844.919627,3,scan
1786641844.932162,3,camera
1786641844.989717,1,camera
1786641844.995412,1,scan
1786641844.996246,2,scan
1786641845.009109,2,camera
1786641845.020872,3,scan
1786641845.045486,3,camera
1786641845.095420,1,scan
1786641845.096375,2,scan
1786641845.114769,2,camera
1786641845.120170,3,scan
1786641845.135220,3,camera
1786641845.185135,1,camera
1786641845.191852,1,camera
1786641845.194534,1,scan
1786641845.194818,2,scan
1786641845.199927,2,camera
1786641845.220259,3,scan
1786641845.230646,3,camera
1786641845.294199,1,camera
1786641845.295319,1,scan
1786641845.295468,2,scan
1786641845.308967,2,camera
1786641845.319969,3,scan
1786641845.332631,3,camera
1786641845.392024,1,camera
1786641845.395221,2,scan
1786641845.395838,1,scan
1786641845.409745,2,camera
1786641845.420088,3,scan
1786641845.428134,3,camera
1786641845.489319,1,camera
1786641845.495203,2,scan
1786641845.495837,1,scan
1786641845.515922,2,camera
1786641845.520120,3,scan
1786641845.532858,3,camera
1786641845.589809,1,camera
1786641845.595299,1,scan
1786641845.595572,2,scan
1786641845.608809,2,camera
1786641845.619680,3,scan
1786641845.630608,3,camera
1786641845.689925,1,camera
1786641845.695120,1,scan
1786641845.695687,2,scan
1786641845.708835,2,camera
1786641845.719950,3,scan
1786641845.730656,3,camera
1786641845.790495,1,camera
1786641845.794981,1,scan
1786641845.795562,2,scan
1786641845.808499,2,camera
1786641845.819843,3,scan
1786641845.831109,3,camera
1786641845.892591,1,camera
1786641845.894436,1,scan
1786641845.895415,2,scan
1786641845.908947,2,camera
1786641845.920047,3,scan
1786641845.930483,3,camera
1786641845.992075,1,camera
1786641845.995393,1,scan
1786641845.996608,2,scan
1786641846.008932,2,camera
1786641846.021410,3,scan
1786641846.042073,3,camera
1786641846.096126,2,scan
1786641846.096818,1,scan
1786641846.108292,2,camera
1786641846.120506,3,scan
1786641846.144458,3,camera
1786641846.190308,1,camera
1786641846.193880,1,camera
1786641846.194917,1,scan
1786641846.195780,2,scan
1786641846.200882,2,camera
1786641846.219773,3,scan
1786641846.229004,3,camera
1786641846.293199,1,camera
1786641846.294604,1,scan
1786641846.294827,2,scan
1786641846.302095,2,camera
1786641846.319764,3,scan
1786641846.327304,3,camera
1786641846.389133,1,camera
1786641846.394892,1,scan
1786641846.395364,2,scan
1786641846.406392,2,camera
1786641846.419556,3,scan
1786641846.432033,3,camera
1786641846.489783,1,camera
1786641846.495595,1,scan
1786641846.496848,2,scan
1786641846.509165,2,camera
1786641846.519617,3,scan
1786641846.526000,3,camera
1786641846.590313,1,camera
1786641846.594722,1,scan
1786641846.595259,2,scan
1786641846.600141,2,camera
1786641846.619452,3,scan
1786641846.622382,3,camera
1786641846.683532,1,camera
1786641846.694475,1,scan
1786641846.694826,2,scan
1786641846.699636,2,camera
1786641846.719571,3,scan
1786641846.728606,3,camera
1786641846.790170,1,camera
1786641846.795180,2,scan
1786641846.795773,1,scan
1786641846.809312,2,camera
1786641846.820144,3,scan
1786641846.830415,3,camera
1786641846.887932,1,camera
1786641846.894372,1,scan
1786641846.894579,2,scan
1786641846.899326,2,camera
1786641846.919831,3,scan
1786641846.926276,3,camera
1786641846.989664,1,camera
1786641846.995096,2,scan
1786641846.995641,1,scan
1786641847.008354,2,camera
1786641847.020550,3,scan
1786641847.037869,3,camera
1786641847.088185,1,camera
1786641847.094815,1,scan
1786641847.095333,2,scan
1786641847.106916,2,camera
1786641847.119409,3,scan
1786641847.183186,1,camera
1786641847.194893,2,scan
1786641847.195262,1,scan
1786641847.203247,2,camera
1786641847.219284,3,scan
1786641847.234689,3,camera
1786641847.239435,3,camera
1786641847.285262,1,camera
1786641847.295479,1,scan
1786641847.296806,2,scan
1786641847.309174,2,camera
1786641847.320598,3,scan
1786641847.334461,3,camera
1786641847.390425,1,camera
1786641847.395346,1,scan
1786641847.395976,2,scan
1786641847.409792,2,camera
1786641847.420053,3,scan
1786641847.433450,3,camera
1786641847.495392,1,scan
1786641847.495793,2,scan
1786641847.501734,2,camera
1786641847.519352,3,scan
1786641847.522452,3,camera
1786641847.589659,1,camera
1786641847.594994,1,scan
1786641847.595793,2,scan
1786641847.598716,1,camera
1786641847.602703,2,camera
1786641847.619474,3,scan
1786641847.621325,3,camera
1786641847.681983,1,camera
1786641847.694602,1,scan
1786641847.694947,2,scan
1786641847.701480,2,camera
1786641847.719474,3,scan
1786641847.723257,3,camera
1786641847.795286,1,scan
1786641847.795969,2,scan
1786641847.806336,2,camera
1786641847.819731,3,scan
1786641847.830540,3,camera
1786641847.893234,1,camera
1786641847.895078,1,scan
1786641847.895655,2,scan
1786641847.912667,2,camera
1786641847.919184,3,scan
1786641847.921114,3,camera
1786641847.995244,1,scan
1786641847.995901,2,scan
1786641847.998473,1,camera
1786641848.004365,1,camera
1786641848.005664,2,camera
1786641848.020500,3,scan
1786641848.095521,1,scan
1786641848.096268,2,scan
1786641848.099734,1,camera
1786641848.104393,2,camera
1786641848.119518,3,scan
1786641848.130573,3,camera
1786641848.134107,3,camera
1786641848.181410,1,camera
1786641848.194585,1,scan
1786641848.195056,2,scan
1786641848.199830,2,camera
1786641848.219248,3,scan
1786641848.221259,3,camera
1786641848.283554,1,camera
1786641848.295260,1,scan
1786641848.296508,2,scan
1786641848.304802,2,camera
1786641848.319803,3,scan
1786641848.334721,3,camera
1786641848.381826,1,camera
1786641848.394670,1,scan
1786641848.395401,2,scan
1786641848.403352,2,camera
1786641848.419855,3,scan
1786641848.432391,3,camera
1786641848.485294,1,camera
1786641848.495629,2,scan
1786641848.496395,1,scan
1786641848.508325,2,camera
1786641848.519925,3,scan
1786641848.527046,3,camera
1786641848.586030,1,camera
1786641848.595181,1,scan
1786641848.595855,2,scan
1786641848.616664,2,camera
1786641848.619940,3,scan
1786641848.633193,3,camera
1786641848.685904,1,camera
1786641848.695502,1,scan
1786641848.696424,2,scan
1786641848.710995,2,camera
1786641848.719727,3,scan
1786641848.724419,3,camera
1786641848.790130,1,camera
1786641848.795399,2,scan
1786641848.796150,1,scan
1786641848.813282,2,camera
1786641848.819842,3,scan
1786641848.830635,3,camera
1786641848.895275,2,scan
1786641848.895941,1,scan
1786641848.897235,1,camera
1786641848.909375,2,camera
1786641848.919794,3,scan
1786641848.931077,3,camera
1786641848.990178,1,camera
1786641848.995188,1,scan
1786641848.996403,2,scan
1786641849.020595,2,camera
1786641849.021978,3,scan
1786641849.050764,3,camera
1786641849.096068,2,scan
1786641849.097149,1,scan
1786641849.105632,1,camera
1786641849.120006,3,scan
1786641849.181620,1,camera
1786641849.195103,1,scan
1786641849.195532,2,scan
1786641849.219019,2,camera
1786641849.221250,3,scan
1786641849.227472,2,camera
1786641849.290963,1,camera
1786641849.295062,1,scan
1786641849.295736,2,scan
1786641849.304610,2,camera
1786641849.319791,3,scan
1786641849.380037,1,camera
1786641849.394330,1,scan
1786641849.394524,2,scan
1786641849.400345,2,camera
1786641849.419094,3,scan
1786641849.431034,3,camera
1786641849.433725,3,camera
1786641849.436729,3,camera
1786641849.442878,3,camera
1786641849.480278,1,camera
1786641849.494518,1,scan
1786641849.494733,2,scan
1786641849.499309,2,camera
1786641849.519505,3,scan
1786641849.528435,3,camera
1786641849.590301,1,camera
1786641849.595045,1,scan
1786641849.595618,2,scan
1786641849.609036,2,camera
1786641849.619662,3,scan
1786641849.630874,3,camera
1786641849.690108,1,camera
1786641849.695532,1,scan
1786641849.696349,2,scan
1786641849.709096,2,camera
1786641849.719720,3,scan
1786641849.729481,3,camera
1786641849.791816,1,camera
1786641849.795201,1,scan
1786641849.795936,2,scan
1786641849.808914,2,camera
1786641849.820057,3,scan
1786641849.830439,3,camera
1786641849.890056,1,camera
1786641849.895056,1,scan
1786641849.895688,2,scan
1786641849.909347,2,camera
1786641849.920117,3,scan
1786641849.931190,3,camera
1786641849.992955,1,camera
1786641849.995044,1,scan
1786641849.995571,2,scan
1786641850.009287,2,camera
1786641850.020357,3,scan
1786641850.040328,3,camera
1786641850.089916,1,camera
1786641850.096360,1,scan
1786641850.096588,2,scan
1786641850.111947,2,camera
1786641850.120110,3,scan
1786641850.132933,3,camera
1786641850.183528,1,camera
1786641850.195032,1,scan
1786641850.195501,2,scan
1786641850.207660,2,camera
1786641850.219675,3,scan
1786641850.226870,3,camera
1786641850.290790,1,camera
1786641850.295445,1,scan
1786641850.296491,2,scan
1786641850.309171,2,camera
1786641850.320518,3,scan
1786641850.329504,3,camera
1786641850.389428,1,camera
1786641850.395336,2,scan
1786641850.396051,1,scan
1786641850.408052,2,camera
1786641850.420002,3,scan
1786641850.438224,3,camera
1786641850.485148,1,camera
1786641850.494880,1,scan
1786641850.495292,2,scan
1786641850.504723,2,camera
1786641850.519675,3,scan
1786641850.524586,3,camera
1786641850.591786,1,camera
1786641850.595321,1,scan
1786641850.595986,2,scan
1786641850.604811,2,camera
1786641850.619861,3,scan
1786641850.633196,3,camera
1786641850.694685,1,scan
1786641850.695042,2,scan
1786641850.704305,2,camera
1786641850.719342,3,scan
1786641850.723847,3,camera
1786641850.786133,1,camera
1786641850.791044,1,camera
1786641850.794649,1,scan
1786641850.795019,2,scan
1786641850.805908,2,camera
1786641850.819417,3,scan
1786641850.824013,3,camera
1786641850.884418,1,camera
1786641850.894818,1,scan
1786641850.895200,2,scan
1786641850.906630,2,camera
1786641850.919513,3,scan
1786641850.923623,3,camera
1786641850.988741,1,camera
1786641850.994540,1,scan
1786641850.994830,2,scan
1786641851.001142,2,camera
1786641851.020746,3,scan
1786641851.039683,3,camera
1786641851.094995,1,scan
1786641851.095500,2,scan
1786641851.105927,2,camera
1786641851.119678,3,scan
1786641851.127173,3,camera
1786641851.195690,2,scan
1786641851.196495,1,scan
1786641851.204924,1,camera
1786641851.212622,1,camera
1786641851.219292,3,scan
1786641851.224494,3,camera
1786641851.290886,1,camera
1786641851.295110,1,scan
1786641851.295725,2,scan
1786641851.315747,2,camera
1786641851.319576,3,scan
1786641851.321153,2,camera
1786641851.325472,3,camera
1786641851.391619,1,camera
1786641851.394793,1,scan
1786641851.395197,2,scan
1786641851.410176,2,camera
1786641851.419755,3,scan
1786641851.430627,3,camera
1786641851.490106,1,camera
1786641851.495489,1,scan
1786641851.496684,2,scan
1786641851.512841,2,camera
1786641851.519655,3,scan
1786641851.530778,3,camera
1786641851.590114,1,camera
1786641851.595188,1,scan
1786641851.595842,2,scan
1786641851.609851,2,camera
1786641851.620131,3,scan
1786641851.631166,3,camera
1786641851.690008,1,camera
1786641851.695553,2,scan
1786641851.696775,1,scan
1786641851.709442,2,camera
1786641851.720010,3,scan
1786641851.739093,3,camera
1786641851.790321,1,camera
1786641851.795107,1,scan
1786641851.795681,2,scan
1786641851.809625,2,camera
1786641851.819995,3,scan
1786641851.831587,3,camera
1786641851.895524,1,scan
1786641851.897107,2,scan
1786641851.909114,2,camera
1786641851.919770,3,scan
1786641851.931691,3,camera
1786641851.995154,1,scan
1786641851.995853,2,scan
1786641852.011808,2,camera
1786641852.020774,3,scan
1786641852.039776,3,camera
1786641852.090116,1,camera
1786641852.095264,1,scan
1786641852.095920,1,camera
1786641852.096083,2,scan
1786641852.099637,1,camera
1786641852.101979,2,camera
1786641852.119574,3,scan
1786641852.121745,3,camera
1786641852.189069,1,camera
1786641852.195020,1,scan
1786641852.195570,2,scan
1786641852.208158,2,camera
1786641852.219788,3,scan
1786641852.230617,3,camera
1786641852.290648,1,camera
1786641852.296010,1,scan
1786641852.296667,2,scan
1786641852.309665,2,camera
1786641852.319800,3,scan
1786641852.330920,3,camera
1786641852.391511,1,camera
1786641852.395040,1,scan
1786641852.396200,2,scan
1786641852.409204,2,camera
1786641852.420122,3,scan
1786641852.431381,3,camera
1786641852.489649,1,camera
1786641852.495151,1,scan
1786641852.496092,2,scan
1786641852.509038,2,camera
1786641852.520060,3,scan
1786641852.531727,3,camera
1786641852.590209,1,camera
1786641852.595195,1,scan
1786641852.596067,2,scan
1786641852.608846,2,camera
1786641852.620102,3,scan
1786641852.631943,3,camera
1786641852.690063,1,camera
1786641852.695167,1,scan
1786641852.695753,2,scan
1786641852.708911,2,camera
1786641852.719679,3,scan
1786641852.730780,3,camera
1786641852.790044,1,camera
1786641852.795489,1,scan
1786641852.796812,2,scan
1786641852.808797,2,camera
1786641852.819691,3,scan
1786641852.830677,3,camera
1786641852.895107,1,scan
1786641852.895905,2,scan
1786641852.897874,1,camera
1786641852.909159,2,camera
1786641852.919668,3,scan
1786641852.930613,3,camera
1786641852.995399,1,scan
1786641852.996939,2,scan
1786641853.010054,2,camera
1786641853.020948,3,scan
1786641853.045710,3,camera
1786641853.095262,1,scan
1786641853.095942,2,scan
1786641853.104528,1,camera
1786641853.111999,1,camera
1786641853.119539,3,scan
1786641853.132164,3,camera
1786641853.186187,1,camera
1786641853.194861,1,scan
1786641853.195481,2,scan
1786641853.203756,2,camera
1786641853.208400,2,camera
1786641853.219746,3,scan
1786641853.227290,3,camera
1786641853.290681,1,camera
1786641853.294963,1,scan
1786641853.295460,2,scan
1786641853.306607,2,camera
1786641853.319724,3,scan
1786641853.331100,3,camera
1786641853.389847,1,camera
1786641853.395000,1,scan
1786641853.395579,2,scan
1786641853.410893,2,camera
1786641853.419603,3,scan
1786641853.429074,3,camera
1786641853.490050,1,camera
1786641853.495189,2,scan
1786641853.495786,1,scan
1786641853.508927,2,camera
1786641853.519908,3,scan
1786641853.535066,3,camera
1786641853.590041,1,camera
1786641853.595160,2,scan
1786641853.595793,1,scan
1786641853.608677,2,camera
1786641853.620178,3,scan
1786641853.628448,3,camera
1786641853.690350,1,camera
1786641853.695332,2,scan
1786641853.696439,1,scan
1786641853.709322,2,camera
1786641853.720032,3,scan
1786641853.730096,3,camera
1786641853.790054,1,camera
1786641853.795246,1,scan
1786641853.795941,2,scan
1786641853.808876,2,camera
1786641853.819772,3,scan
1786641853.829911,3,camera
1786641853.890090,1,camera
1786641853.895151,1,scan
1786641853.895760,2,scan
1786641853.909230,2,camera
1786641853.919674,3,scan
1786641853.930662,3,camera
1786641853.990155,1,camera
1786641853.995215,1,scan
1786641853.995895,2,scan
1786641854.008204,2,camera
1786641854.020145,3,scan
1786641854.038425,3,camera
1786641854.095914,2,scan
1786641854.097217,1,scan
1786641854.116613,2,camera
1786641854.117258,1,camera
1786641854.119631,3,scan
1786641854.129464,3,camera
1786641854.183081,1,camera
1786641854.194499,1,scan
1786641854.194757,2,scan
1786641854.199903,2,camera
1786641854.219495,3,scan
1786641854.228908,3,camera
1786641854.290258,1,camera
1786641854.295434,1,scan
1786641854.295911,2,scan
1786641854.305789,2,camera
1786641854.319866,3,scan
1786641854.330327,3,camera
1786641854.390163,1,camera
1786641854.395195,2,scan
1786641854.395830,1,scan
1786641854.407885,2,camera
1786641854.419772,3,scan
1786641854.433841,3,camera
1786641854.490440,1,camera
1786641854.495185,2,scan
1786641854.495806,1,scan
1786641854.509293,2,camera
1786641854.519681,3,scan
1786641854.530822,3,camera
1786641854.590041,1,camera
1786641854.595296,1,scan
1786641854.596016,2,scan
1786641854.610215,2,camera
1786641854.619716,3,scan
1786641854.635854,3,camera
1786641854.690266,1,camera
1786641854.695310,2,scan
1786641854.695936,1,scan
1786641854.709928,2,camera
1786641854.719725,3,scan
1786641854.731022,3,camera
1786641854.790689,1,camera
1786641854.795180,1,scan
1786641854.795802,2,scan
1786641854.809386,2,camera
1786641854.819603,3,scan
1786641854.827564,3,camera
1786641854.895355,2,scan
1786641854.896100,1,scan
1786641854.897063,1,camera
1786641854.915204,2,camera
1786641854.920460,3,scan
1786641854.934152,3,camera
1786641854.990245,1,camera
1786641854.995327,2,scan
1786641854.996125,1,scan
1786641855.009071,2,camera
1786641855.022259,3,scan
1786641855.053030,3,camera
1786641855.092534,1,camera
1786641855.095221,1,scan
1786641855.095998,2,scan
1786641855.111858,2,camera
1786641855.119546,3,scan
1786641855.128770,3,camera
1786641855.184793,1,camera
1786641855.195249,1,scan
1786641855.195965,2,scan
1786641855.215080,2,camera
1786641855.219447,3,scan
1786641855.224684,3,camera
1786641855.280274,1,camera
1786641855.295197,2,scan
1786641855.295832,1,scan
1786641855.305558,2,camera
1786641855.320167,3,scan
1786641855.330815,3,camera
1786641855.390223,1,camera
1786641855.395039,1,scan
1786641855.395586,2,scan
1786641855.408636,2,camera
1786641855.419678,3,scan
1786641855.437900,3,camera
1786641855.490120,1,camera
1786641855.495049,1,scan
1786641855.495651,2,scan
1786641855.509262,2,camera
1786641855.519622,3,scan
1786641855.532084,3,camera
1786641855.590285,1,camera
1786641855.595374,1,scan
1786641855.596177,2,scan
1786641855.610276,2,camera
1786641855.619722,3,scan
1786641855.632863,3,camera
1786641855.690149,1,camera
1786641855.695277,1,scan
1786641855.696102,2,scan
1786641855.708721,2,camera
1786641855.719651,3,scan
1786641855.729692,3,camera
1786641855.790162,1,camera
1786641855.795285,1,scan
1786641855.796104,2,scan
1786641855.808677,2,camera
1786641855.819724,3,scan
1786641855.830650,3,camera
1786641855.890221,1,camera
1786641855.895160,1,scan
1786641855.895737,2,scan
1786641855.909158,2,camera
1786641855.919727,3,scan
1786641855.930523,3,camera
1786641855.989942,1,camera
1786641855.994945,1,scan
1786641855.996032,2,scan
1786641856.009275,2,camera
1786641856.021330,3,scan
1786641856.040007,3,camera
1786641856.095509,1,camera
1786641856.096440,1,scan
1786641856.096672,2,scan
1786641856.108130,2,camera
1786641856.119865,3,scan
1786641856.126943,3,camera
1786641856.187522,1,camera
1786641856.194976,1,scan
1786641856.195803,2,scan
1786641856.210086,2,camera
1786641856.222243,3,scan
1786641856.290070,1,camera
1786641856.295542,1,scan
1786641856.296146,2,scan
1786641856.308050,2,camera
1786641856.319890,3,scan
1786641856.380288,1,camera
1786641856.394687,1,scan
1786641856.395109,2,scan
1786641856.403803,2,camera
1786641856.419963,3,scan
1786641856.489937,1,camera
1786641856.495110,1,scan
1786641856.495755,2,scan
1786641856.508228,2,camera
1786641856.519930,3,scan
1786641856.590176,1,camera
1786641856.595228,1,scan
1786641856.596123,2,scan
1786641856.608753,2,camera
1786641856.619934,3,scan
1786641856.635792,3,camera
1786641856.638353,3,camera
1786641856.640651,3,camera
1786641856.643237,3,camera
1786641856.645438,3,camera
1786641856.690528,1,camera
1786641856.695202,2,scan
1786641856.695811,1,scan
1786641856.709345,2,camera
1786641856.719761,3,scan
1786641856.733832,3,camera
1786641856.790469,1,camera
1786641856.795235,2,scan
1786641856.795861,1,scan
1786641856.809036,2,camera
1786641856.819819,3,scan
1786641856.831940,3,camera
1786641856.890354,1,camera
1786641856.895189,1,scan
1786641856.895854,2,scan
1786641856.909106,2,camera
1786641856.919752,3,scan
1786641856.930632,3,camera
1786641856.990841,1,camera
1786641856.995465,2,scan
1786641856.996097,1,scan
1786641857.009514,2,camera
1786641857.019809,3,scan
1786641857.050096,3,camera
1786641857.095567,2,scan
1786641857.096578,1,scan
1786641857.110215,2,camera
1786641857.119921,3,scan
1786641857.130576,3,camera
1786641857.186578,1,camera
1786641857.191658,1,camera
1786641857.194676,2,scan
1786641857.194963,1,scan
1786641857.206744,2,camera
1786641857.219965,3,scan
1786641857.224399,3,camera
1786641857.291820,1,camera
1786641857.295193,1,scan
1786641857.295847,2,scan
1786641857.308763,2,camera
1786641857.319691,3,scan
1786641857.328041,3,camera
1786641857.395351,1,scan
1786641857.396050,2,scan
1786641857.397784,1,camera
1786641857.409164,2,camera
1786641857.419899,3,scan
1786641857.437941,3,camera
1786641857.480434,1,camera
1786641857.494672,1,scan
1786641857.495049,2,scan
1786641857.504491,2,camera
1786641857.519746,3,scan
1786641857.536667,3,camera
1786641857.590138,1,camera
1786641857.595167,1,scan
1786641857.595796,2,scan
1786641857.608745,2,camera
1786641857.619920,3,scan
1786641857.631185,3,camera
1786641857.690208,1,camera
1786641857.694955,1,scan
1786641857.695511,2,scan
1786641857.710296,2,camera
1786641857.719788,3,scan
1786641857.731550,3,camera
1786641857.790050,1,camera
1786641857.795097,1,scan
1786641857.795665,2,scan
1786641857.809495,2,camera
1786641857.819772,3,scan
1786641857.832019,3,camera
1786641857.889987,1,camera
1786641857.895002,1,scan
1786641857.895538,2,scan
1786641857.919241,2,camera
1786641857.919924,3,scan
1786641857.933008,3,camera
1786641857.990295,1,camera
1786641857.994907,1,scan
1786641857.995433,2,scan
1786641858.012324,2,camera
1786641858.020195,3,scan
1786641858.040643,3,camera
1786641858.095192,1,camera
1786641858.096046,1,scan
1786641858.096227,2,scan
1786641858.107401,2,camera
1786641858.120528,3,scan
1786641858.128995,3,camera
1786641858.182025,1,camera
1786641858.194952,1,scan
1786641858.195386,2,scan
1786641858.208757,2,camera
1786641858.219809,3,scan
1786641858.226965,3,camera
1786641858.290302,1,camera
1786641858.295254,1,scan
1786641858.296367,2,scan
1786641858.308358,2,camera
1786641858.319947,3,scan
1786641858.330630,3,camera
1786641858.395464,1,scan
1786641858.396761,2,scan
1786641858.399925,1,camera
1786641858.408584,2,camera
1786641858.419767,3,scan
1786641858.430804,3,camera
1786641858.490162,1,camera
1786641858.495667,2,scan
1786641858.496903,1,scan
1786641858.517629,2,camera
1786641858.519779,3,scan
1786641858.529146,3,camera
1786641858.582129,1,camera
1786641858.595419,1,scan
1786641858.596428,2,scan
1786641858.619812,3,scan
1786641858.630749,3,camera
1786641858.688667,1,camera
1786641858.694995,1,scan
1786641858.695608,2,scan
1786641858.716074,2,camera
1786641858.719782,3,scan
1786641858.723825,2,camera
1786641858.728837,3,camera
1786641858.789945,1,camera
1786641858.795012,1,scan
1786641858.795579,2,scan
1786641858.808482,2,camera
1786641858.819804,3,scan
1786641858.830899,3,camera
1786641858.890038,1,camera
1786641858.895099,1,scan
1786641858.895792,2,scan
1786641858.918457,2,camera
1786641858.920132,3,scan
1786641858.930274,3,camera
1786641858.990215,1,camera
1786641858.995406,1,scan
1786641858.996483,2,scan
1786641859.009152,2,camera
1786641859.020496,3,scan
1786641859.043958,3,camera
1786641859.095316,2,scan
1786641859.095980,1,camera
1786641859.096107,1,scan
1786641859.107929,2,camera
1786641859.119672,3,scan
1786641859.127681,3,camera
1786641859.187931,1,camera
1786641859.195261,2,scan
1786641859.195896,1,scan
1786641859.208223,2,camera
1786641859.220468,3,scan
1786641859.229271,3,camera
1786641859.290245,1,camera
1786641859.295306,1,scan
1786641859.296116,2,scan
1786641859.314571,2,camera
1786641859.319632,3,scan
1786641859.330173,3,camera
1786641859.390064,1,camera
1786641859.395018,1,scan
1786641859.395604,2,scan
1786641859.409136,2,camera
1786641859.419629,3,scan
1786641859.430856,3,camera
1786641859.490336,1,camera
1786641859.495152,2,scan
1786641859.495691,1,scan
1786641859.508961,2,camera
1786641859.519614,3,scan
1786641859.530796,3,camera
1786641859.587020,1,camera
1786641859.595113,1,scan
1786641859.596038,2,scan
1786641859.610630,2,camera
1786641859.619681,3,scan
1786641859.631226,3,camera
1786641859.680251,1,camera
1786641859.694825,1,scan
1786641859.695257,2,scan
1786641859.707504,2,camera
1786641859.719667,3,scan
1786641859.730518,3,camera
1786641859.788336,1,camera
1786641859.794821,1,scan
1786641859.795266,2,scan
1786641859.809587,2,camera
1786641859.820236,3,scan
1786641859.830632,3,camera
1786641859.890436,1,camera
1786641859.894974,1,scan
1786641859.895544,2,scan
1786641859.911418,2,camera
1786641859.919660,3,scan
1786641859.931066,3,camera
1786641859.989635,1,camera
1786641859.994998,1,scan
1786641859.995598,2,scan
1786641860.009360,2,camera
1786641860.020562,3,scan
1786641860.049785,3,camera
1786641860.092711,1,camera
1786641860.095717,1,scan
1786641860.096340,2,scan
1786641860.108673,2,camera
1786641860.119999,3,scan
1786641860.131268,3,camera
1786641860.184258,1,camera
1786641860.195153,1,scan
1786641860.195339,2,scan
1786641860.209860,2,camera
1786641860.222586,3,scan
1786641860.236656,3,camera
1786641860.290171,1,camera
1786641860.295233,2,scan
1786641860.295859,1,scan
1786641860.311166,2,camera
1786641860.320070,3,scan
1786641860.331274,3,camera
1786641860.390312,1,camera
1786641860.395231,2,scan
1786641860.395852,1,scan
1786641860.409019,2,camera
1786641860.419931,3,scan
1786641860.490189,1,camera
1786641860.495009,1,scan
1786641860.495556,2,scan
1786641860.509851,2,camera
1786641860.519632,3,scan
1786641860.534730,3,camera
1786641860.590139,1,camera
1786641860.595142,1,scan
1786641860.595770,2,scan
1786641860.609575,2,camera
1786641860.619640,3,scan
1786641860.634889,3,camera
1786641860.642199,3,camera
1786641860.689787,1,camera
1786641860.695072,1,scan
1786641860.695689,2,scan
1786641860.707460,2,camera
1786641860.719939,3,scan
1786641860.736244,3,camera
1786641860.780165,1,camera
1786641860.794910,1,scan
1786641860.795410,2,scan
1786641860.807969,2,camera
1786641860.819612,3,scan
1786641860.827762,3,camera
1786641860.889979,1,camera
1786641860.895125,1,scan
1786641860.895808,2,scan
1786641860.908564,2,camera
1786641860.919734,3,scan
1786641860.931375,3,camera
1786641860.989989,1,camera
1786641860.995086,1,scan
1786641860.995780,2,scan
1786641861.008426,2,camera
1786641861.022787,3,scan
1786641861.095513,1,scan
1786641861.096442,2,scan
1786641861.100864,1,camera
1786641861.111382,2,camera
1786641861.120048,3,scan
1786641861.134873,3,camera
1786641861.140850,3,camera
1786641861.181115,1,camera
1786641861.194855,1,scan
1786641861.195260,2,scan
1786641861.204032,2,camera
1786641861.219444,3,scan
1786641861.227479,3,camera
1786641861.289785,1,camera
1786641861.295059,1,scan
1786641861.296035,2,scan
1786641861.305853,2,camera
1786641861.319720,3,scan
1786641861.335437,3,camera
1786641861.395392,1,scan
1786641861.396096,2,scan
1786641861.401030,1,camera
1786641861.408787,2,camera
1786641861.419713,3,scan
1786641861.431170,3,camera
1786641861.488802,1,camera
1786641861.495106,1,scan
1786641861.496027,2,scan
1786641861.508363,2,camera
1786641861.519713,3,scan
1786641861.530819,3,camera
1786641861.590389,1,camera
1786641861.594972,1,scan
1786641861.595527,2,scan
1786641861.608633,2,camera
1786641861.619653,3,scan
1786641861.631004,3,camera
1786641861.690109,1,camera
1786641861.695170,2,scan
1786641861.695750,1,scan
1786641861.709349,2,camera
1786641861.719832,3,scan
1786641861.731113,3,camera
1786641861.790395,1,camera
1786641861.795035,1,scan
1786641861.795614,2,scan
1786641861.809961,2,camera
1786641861.819778,3,scan
1786641861.829281,3,camera
1786641861.880792,1,camera
1786641861.894895,1,scan
1786641861.895323,2,scan
1786641861.905822,2,camera
1786641861.919712,3,scan
1786641861.930811,3,camera
1786641861.989981,1,camera
1786641861.995036,1,scan
1786641861.995611,2,scan
1786641862.009161,2,camera
1786641862.020780,3,scan
1786641862.048613,3,camera
1786641862.095557,1,scan
1786641862.096576,2,scan
1786641862.107952,1,camera
1786641862.108594,2,camera
1786641862.119749,3,scan
1786641862.186103,1,camera
1786641862.194517,1,scan
1786641862.194808,2,scan
1786641862.204113,2,camera
1786641862.220032,3,scan
1786641862.291056,1,camera
1786641862.294980,1,scan
1786641862.295525,2,scan
1786641862.313754,2,camera
1786641862.319634,3,scan
1786641862.395253,1,scan
1786641862.395938,2,scan
1786641862.399585,1,camera
1786641862.409318,2,camera
1786641862.419738,3,scan
1786641862.490552,1,camera
1786641862.495088,1,scan
1786641862.495765,2,scan
1786641862.507565,2,camera
1786641862.519757,3,scan
1786641862.537855,3,camera
1786641862.546015,3,camera
1786641862.552242,3,camera
1786641862.557124,3,camera
1786641862.564849,3,camera
1786641862.590070,1,camera
1786641862.595035,1,scan
1786641862.595596,2,scan
1786641862.605160,2,camera
1786641862.620239,3,scan
1786641862.640324,3,camera
1786641862.695335,1,scan
1786641862.696372,1,camera
1786641862.696541,2,scan
1786641862.710082,2,camera
1786641862.720129,3,scan
1786641862.731393,3,camera
1786641862.790620,1,camera
1786641862.795188,1,scan
1786641862.795799,2,scan
1786641862.809100,2,camera
1786641862.820005,3,scan
1786641862.830852,3,camera
1786641862.890876,1,camera
1786641862.895100,1,scan
1786641862.895579,2,scan
1786641862.907449,2,camera
1786641862.920309,3,scan
1786641862.935159,3,camera
1786641862.980389,1,camera
1786641862.995260,2,scan
1786641862.996441,1,scan
1786641863.009327,2,camera
1786641863.020301,3,scan
1786641863.035271,3,camera
1786641863.095489,1,scan
1786641863.096755,2,scan
1786641863.101783,1,camera
1786641863.113372,2,camera
1786641863.119725,3,scan
1786641863.128309,3,camera
1786641863.181558,1,camera
1786641863.195496,1,scan
1786641863.196181,2,scan
1786641863.207271,2,camera
1786641863.219907,3,scan
1786641863.228945,3,camera
1786641863.290395,1,camera
1786641863.295185,1,scan
1786641863.295822,2,scan
1786641863.313205,2,camera
1786641863.319601,3,scan
1786641863.330590,3,camera
1786641863.389832,1,camera
1786641863.395158,1,scan
1786641863.395775,2,scan
1786641863.407192,2,camera
1786641863.419789,3,scan
1786641863.430558,3,camera
1786641863.487735,1,camera
1786641863.495045,1,scan
1786641863.496027,2,scan
1786641863.508253,2,camera
1786641863.519723,3,scan
1786641863.530220,3,camera
1786641863.589820,1,camera
1786641863.595016,1,scan
1786641863.595949,2,scan
1786641863.612575,2,camera
1786641863.619686,3,scan
1786641863.630812,3,camera
1786641863.689644,1,camera
1786641863.695077,1,scan
1786641863.696044,2,scan
1786641863.708791,2,camera
1786641863.719732,3,scan
1786641863.730810,3,camera
1786641863.791380,1,camera
1786641863.794931,1,scan
1786641863.795476,2,scan
1786641863.808793,2,camera
1786641863.819657,3,scan
1786641863.830688,3,camera
1786641863.889004,1,camera
1786641863.895266,1,scan
1786641863.896224,2,scan
1786641863.909101,2,camera
1786641863.919671,3,scan
1786641863.931163,3,camera
1786641863.990754,1,camera
1786641863.995100,1,scan
1786641863.995884,2,scan
1786641864.009261,2,camera
1786641864.020416,3,scan
1786641864.048065,3,camera
1786641864.095361,1,scan
1786641864.096139,2,scan
1786641864.097337,1,camera
1786641864.108433,2,camera
1786641864.119703,3,scan
1786641864.187931,1,camera
1786641864.194715,1,scan
1786641864.195099,2,scan
1786641864.204926,2,camera
1786641864.219822,3,scan
1786641864.235361,3,camera
1786641864.240779,3,camera
1786641864.292458,1,camera
1786641864.294899,1,scan
1786641864.295830,2,scan
1786641864.310253,2,camera
1786641864.319626,3,scan
1786641864.332527,3,camera
1786641864.394763,1,camera
1786641864.396301,1,scan
1786641864.396680,2,scan
1786641864.408875,2,camera
1786641864.419754,3,scan
1786641864.433042,3,camera
1786641864.491463,1,camera
1786641864.494882,1,scan
1786641864.495374,2,scan
1786641864.511475,2,camera
1786641864.519809,3,scan
1786641864.529312,3,camera
1786641864.590156,1,camera
1786641864.595146,1,scan
1786641864.595746,2,scan
1786641864.608999,2,camera
1786641864.619821,3,scan
1786641864.630301,3,camera
1786641864.695261,1,scan
1786641864.695987,1,camera
1786641864.696147,2,scan
1786641864.709603,2,camera
1786641864.719646,3,scan
1786641864.730554,3,camera
1786641864.790057,1,camera
1786641864.795285,1,scan
1786641864.795947,2,scan
1786641864.812273,2,camera
1786641864.819802,3,scan
1786641864.832315,3,camera
1786641864.894063,1,camera
1786641864.895493,1,scan
1786641864.895650,2,scan
1786641864.909083,2,camera
1786641864.919658,3,scan
1786641864.990419,1,camera
1786641864.995099,1,scan
1786641864.995663,2,scan
1786641865.021062,3,scan
1786641865.043281,3,camera
1786641865.052847,3,camera
1786641865.096001,1,scan
1786641865.096795,2,scan
1786641865.099155,1,camera
1786641865.120178,3,scan
1786641865.180667,1,camera
1786641865.194584,1,scan
1786641865.194881,2,scan
1786641865.208395,2,camera
1786641865.213006,2,camera
1786641865.218011,2,camera
1786641865.219364,3,scan
1786641865.232393,3,camera
1786641865.236168,3,camera
1786641865.289835,1,camera
1786641865.294602,1,scan
1786641865.294952,2,scan
1786641865.314396,2,camera
1786641865.319478,3,scan
1786641865.395094,1,scan
1786641865.395767,2,scan
1786641865.396305,1,camera
1786641865.408919,2,camera
1786641865.419780,3,scan
1786641865.429572,3,camera
1786641865.440195,3,camera
1786641865.490225,1,camera
1786641865.495036,1,scan
1786641865.495663,2,scan
1786641865.509444,2,camera
1786641865.519764,3,scan
1786641865.532429,3,camera
1786641865.595232,1,scan
1786641865.595924,2,scan
1786641865.596452,1,camera
1786641865.609049,2,camera
1786641865.619758,3,scan
1786641865.632849,3,camera
1786641865.690500,1,camera
1786641865.695152,1,scan
1786641865.695890,2,scan
1786641865.709111,2,camera
1786641865.719676,3,scan
1786641865.790047,1,camera
1786641865.795103,1,scan
1786641865.795780,2,scan
1786641865.808868,2,camera
1786641865.820473,3,scan
1786641865.889546,1,camera
1786641865.894976,1,scan
1786641865.895564,2,scan
1786641865.908827,2,camera
1786641865.919666,3,scan
1786641865.932173,3,camera
1786641865.939276,3,camera
1786641865.944247,3,camera
1786641865.990716,1,camera
1786641865.995183,1,scan
1786641865.996653,2,scan
1786641866.009656,2,camera
1786641866.019800,3,scan
1786641866.044497,3,camera
1786641866.095733,2,scan
1786641866.097100,1,scan
1786641866.103175,1,camera
1786641866.119303,2,camera
1786641866.120019,3,scan
1786641866.131100,3,camera
1786641866.184496,1,camera
1786641866.194909,1,scan
1786641866.195312,2,scan
1786641866.219455,2,camera
1786641866.220234,3,scan
1786641866.231300,3,camera
1786641866.290807,1,camera
1786641866.294629,1,scan
1786641866.294988,2,scan
1786641866.302170,2,camera
1786641866.319804,3,scan
1786641866.333177,3,camera
1786641866.395186,1,scan
1786641866.395905,2,scan
1786641866.401501,1,camera
1786641866.409539,2,camera
1786641866.420074,3,scan
1786641866.491368,1,camera
1786641866.495059,1,scan
1786641866.495656,2,scan
1786641866.515264,2,camera
1786641866.519684,3,scan
1786641866.529673,3,camera
1786641866.595598,1,scan
1786641866.595950,2,scan
1786641866.597085,1,camera
1786641866.611753,2,camera
1786641866.619199,3,scan
1786641866.628116,3,camera
1786641866.631192,3,camera
1786641866.691242,1,camera
1786641866.694329,1,scan
1786641866.694608,2,scan
1786641866.699171,2,camera
1786641866.719758,3,scan
1786641866.728013,3,camera
1786641866.796047,2,scan
1786641866.797093,1,camera
1786641866.799128,1,scan
1786641866.808954,2,camera
1786641866.819900,3,scan
1786641866.829214,3,camera
1786641866.895185,2,scan
1786641866.899571,1,scan
1786641866.900299,2,camera
1786641866.919762,3,scan
1786641866.926041,3,camera
1786641866.996293,2,scan
1786641866.998466,1,camera
1786641866.999200,1,scan
1786641867.005582,2,camera
1786641867.020606,3,scan
1786641867.039867,3,camera
1786641867.095144,2,scan
1786641867.095926,1,camera
1786641867.099480,1,scan
1786641867.104859,2,camera
1786641867.119553,3,scan
1786641867.123295,3,camera
1786641867.199384,1,scan
1786641867.201883,2,scan
1786641867.212936,2,camera
1786641867.219650,3,scan
1786641867.233076,3,camera
1786641867.299582,1,scan
1786641867.300245,2,scan
1786641867.300787,1,camera
1786641867.308197,1,camera
1786641867.312959,2,camera
1786641867.319662,3,scan
1786641867.328931,3,camera
1786641867.390580,1,camera
1786641867.399055,1,scan
1786641867.399434,2,scan
1786641867.410461,2,camera
1786641867.419416,3,scan
1786641867.421306,3,camera
1786641867.498969,1,scan
1786641867.501212,2,scan
1786641867.509431,2,camera
1786641867.519502,3,scan
1786641867.534510,3,camera
1786641867.596405,1,camera
1786641867.599343,1,scan
1786641867.600279,2,scan
1786641867.614934,2,camera
1786641867.625879,3,scan
1786641867.637093,3,camera
1786641867.696723,1,camera
1786641867.699529,1,scan
1786641867.700434,2,scan
1786641867.714975,2,camera
1786641867.724055,3,scan
1786641867.730332,3,camera
1786641867.797887,1,camera
1786641867.799145,1,scan
1786641867.800005,2,scan
1786641867.812477,2,camera
1786641867.823719,3,scan
1786641867.829580,3,camera
1786641867.896186,1,camera
1786641867.899894,1,scan
1786641867.900829,2,scan
1786641867.915863,2,camera
1786641867.924532,3,scan
1786641867.940707,3,camera
1786641867.998746,1,camera
1786641867.999423,1,scan
1786641868.002220,2,scan
1786641868.016373,2,camera
1786641868.025747,3,scan
1786641868.100453,2,scan
1786641868.101971,1,camera
1786641868.102377,1,scan
1786641868.122285,2,camera
1786641868.126332,3,scan
1786641868.192047,1,camera
1786641868.199667,2,scan
1786641868.201746,1,scan
1786641868.214011,2,camera
1786641868.224876,3,scan
1786641868.238407,3,camera
1786641868.245986,3,camera
1786641868.298903,1,camera
1786641868.299607,2,scan
1786641868.300461,1,scan
1786641868.317202,2,camera
1786641868.324560,3,scan
1786641868.343022,3,camera
1786641868.398574,1,camera
1786641868.399412,2,scan
1786641868.399962,1,scan
1786641868.414994,2,camera
1786641868.424275,3,scan
1786641868.443021,3,camera
1786641868.487404,1,camera
1786641868.500132,1,scan
1786641868.501232,2,scan
1786641868.517276,2,camera
1786641868.525599,3,scan
1786641868.539637,3,camera
1786641868.598454,1,camera
1786641868.599512,1,scan
1786641868.600044,2,scan
1786641868.616587,2,camera
1786641868.624556,3,scan
1786641868.639525,3,camera
1786641868.697661,1,camera
1786641868.700036,2,scan
1786641868.702382,1,scan
1786641868.717057,2,camera
1786641868.725981,3,scan
1786641868.796956,1,camera
1786641868.799556,1,scan
1786641868.800473,2,scan
1786641868.817406,2,camera
1786641868.825275,3,scan
1786641868.897503,1,camera
1786641868.899474,1,scan
1786641868.900332,2,scan
1786641868.915344,2,camera
1786641868.923784,3,scan
1786641868.943479,3,camera
1786641868.948206,3,camera
1786641868.955337,3,camera
1786641868.999573,2,scan
1786641869.000237,1,scan
1786641869.017475,2,camera
1786641869.026655,3,scan
1786641869.051969,3,camera
1786641869.100705,2,scan
1786641869.101278,1,camera
1786641869.101690,1,scan
1786641869.124368,3,scan
1786641869.145788,3,camera
1786641869.198040,1,camera
1786641869.199573,2,scan
1786641869.200477,1,scan
1786641869.214548,2,camera
1786641869.222562,2,camera
1786641869.224347,3,scan
1786641869.229903,3,camera
1786641869.297408,1,camera
1786641869.299937,1,scan
1786641869.303613,2,scan
1786641869.316385,2,camera
1786641869.325179,3,scan
1786641869.340976,3,camera
1786641869.398686,1,camera
1786641869.399615,2,scan
1786641869.400789,1,scan
1786641869.414530,2,camera
1786641869.425671,3,scan
1786641869.437475,3,camera
1786641869.493099,1,camera
1786641869.500092,2,scan
1786641869.502317,1,scan
1786641869.514401,2,camera
1786641869.526003,3,scan
1786641869.595120,1,camera
1786641869.598755,1,scan
1786641869.599587,2,scan
1786641869.617230,2,camera
1786641869.624221,3,scan
1786641869.650566,3,camera
1786641869.654623,3,camera
1786641869.697223,1,camera
1786641869.699876,1,scan
1786641869.703930,2,scan
1786641869.710680,2,camera
1786641869.724386,3,scan
1786641869.737727,3,camera
1786641869.798716,1,camera
1786641869.799396,2,scan
1786641869.799913,1,scan
1786641869.816359,2,camera
1786641869.824914,3,scan
1786641869.844999,3,camera
1786641869.898684,1,camera
1786641869.900139,2,scan
1786641869.901744,1,scan
1786641869.917660,2,camera
1786641869.924985,3,scan
1786641869.937815,3,camera
1786641869.997411,1,camera
1786641869.999220,1,scan
1786641870.003717,2,scan
1786641870.024647,3,scan
1786641870.100777,2,scan
1786641870.101539,1,camera
1786641870.101713,1,scan
1786641870.125041,2,camera
1786641870.126179,3,scan
1786641870.136895,3,camera
1786641870.141888,3,camera
1786641870.190125,1,camera
1786641870.199030,2,scan
1786641870.199455,1,scan
1786641870.209431,2,camera
1786641870.224570,3,scan
1786641870.239314,3,camera
1786641870.297812,1,camera
1786641870.299554,2,scan
1786641870.300795,1,scan
1786641870.315068,2,camera
1786641870.324216,3,scan
1786641870.341725,3,camera
1786641870.396661,1,camera
1786641870.399919,2,scan
1786641870.400968,1,scan
1786641870.422165,2,camera
1786641870.424502,3,scan
1786641870.436291,3,camera
1786641870.498743,1,camera
1786641870.499758,1,scan
1786641870.500262,2,scan
1786641870.515886,2,camera
1786641870.524194,3,scan
1786641870.538071,3,camera
1786641870.597247,1,camera
1786641870.599811,2,scan
1786641870.601098,1,scan
1786641870.616393,2,camera
1786641870.624040,3,scan
1786641870.630069,3,camera
1786641870.695948,1,camera
1786641870.698980,1,scan
1786641870.699495,2,scan
1786641870.714299,2,camera
1786641870.726949,3,scan
1786641870.741124,3,camera
1786641870.795604,1,camera
1786641870.799095,1,scan
1786641870.800367,2,scan
1786641870.817014,2,camera
1786641870.825648,3,scan
1786641870.837227,3,camera
1786641870.896981,1,camera
1786641870.899611,2,scan
1786641870.900142,1,scan
1786641870.917137,2,camera
1786641870.925569,3,scan
1786641870.937924,3,camera
1786641870.997349,1,camera
1786641871.000091,1,scan
1786641871.001690,2,scan
1786641871.017102,2,camera
1786641871.025940,3,scan
1786641871.067085,3,camera
1786641871.100237,1,scan
1786641871.100914,2,scan
1786641871.114297,2,camera
1786641871.124327,3,scan
1786641871.134699,3,camera
1786641871.199663,1,scan
1786641871.199994,2,scan
1786641871.209146,2,camera
1786641871.223775,3,scan
1786641871.236517,3,camera
1786641871.299424,2,scan
1786641871.300122,1,scan
1786641871.317464,2,camera
1786641871.325168,3,scan
1786641871.336756,3,camera
1786641871.400919,2,scan
1786641871.403786,1,scan
1786641871.407560,1,camera
1786641871.412436,2,camera
1786641871.413406,1,camera
1786641871.417053,1,camera
1786641871.423711,3,scan
1786641871.500026,1,scan
1786641871.500685,2,scan
1786641871.504307,1,camera
1786641871.512544,2,camera
1786641871.524458,3,scan
1786641871.540781,3,camera
1786641871.598648,1,camera
1786641871.599804,1,scan
1786641871.600756,2,scan
1786641871.618452,2,camera
1786641871.623714,3,scan
1786641871.637443,3,camera
1786641871.691632,1,camera
1786641871.699284,2,scan
1786641871.700092,1,scan
1786641871.713665,2,camera
1786641871.726532,3,scan
1786641871.736714,3,camera
1786641871.798845,1,camera
1786641871.800649,1,scan
1786641871.800912,2,scan
1786641871.816363,2,camera
1786641871.824193,3,scan
1786641871.837653,3,camera
1786641871.900550,2,scan
1786641871.901473,1,scan
1786641871.914574,2,camera
1786641871.924220,3,scan
1786641871.937145,3,camera
1786641871.996731,1,camera
1786641871.999924,2,scan
1786641872.000940,1,scan
1786641872.015729,2,camera
1786641872.024428,3,scan
1786641872.040894,3,camera
1786641872.097666,1,camera
1786641872.100845,1,scan
1786641872.103880,2,scan
1786641872.126319,3,scan
1786641872.135830,3,camera
1786641872.190766,1,camera
1786641872.199260,1,scan
1786641872.199666,2,scan
1786641872.217310,2,camera
1786641872.218874,2,camera
1786641872.224180,3,scan
1786641872.231957,3,camera
1786641872.297641,1,camera
1786641872.299578,2,scan
1786641872.300119,1,scan
1786641872.320621,2,camera
1786641872.324107,3,scan
1786641872.337328,3,camera
1786641872.398803,1,camera
1786641872.400103,1,scan
1786641872.400393,2,scan
1786641872.416355,2,camera
1786641872.425106,3,scan
1786641872.437190,3,camera
1786641872.499260,1,camera
1786641872.499938,1,scan
1786641872.500831,2,scan
1786641872.516035,2,camera
1786641872.526860,3,scan
1786641872.541915,3,camera
1786641872.597091,1,camera
1786641872.599401,1,scan
1786641872.599935,2,scan
1786641872.616494,2,camera
1786641872.624004,3,scan
1786641872.642562,3,camera
1786641872.696805,1,camera
1786641872.699542,2,scan
1786641872.702202,1,scan
1786641872.716590,2,camera
1786641872.724017,3,scan
1786641872.739097,3,camera
1786641872.799640,1,scan
1786641872.800367,2,scan
1786641872.813934,2,camera
1786641872.823953,3,scan
1786641872.840616,3,camera
1786641872.899624,1,scan
1786641872.900316,2,scan
1786641872.909654,1,camera
1786641872.913496,2,camera
1786641872.915897,1,camera
1786641872.925818,3,scan
1786641872.938053,3,camera
1786641872.998476,1,camera
1786641872.999508,2,scan
1786641873.000037,1,scan
1786641873.017312,2,camera
1786641873.025030,3,scan
1786641873.100763,2,scan
1786641873.101658,1,scan
1786641873.103707,1,camera
1786641873.118817,2,camera
1786641873.124542,3,scan
1786641873.135432,3,camera
1786641873.142257,3,camera
1786641873.199833,1,camera
1786641873.201330,1,scan
1786641873.201506,2,scan
1786641873.218779,2,camera
1786641873.225207,3,scan
1786641873.237444,3,camera
1786641873.297890,1,camera
1786641873.301460,1,scan
1786641873.302997,2,scan
1786641873.316849,2,camera
1786641873.323982,3,scan
1786641873.336020,3,camera
1786641873.396389,1,camera
1786641873.399954,1,scan
1786641873.400109,2,scan
1786641873.415820,2,camera
1786641873.425500,3,scan
1786641873.436023,3,camera
1786641873.496418,1,camera
1786641873.499959,1,scan
1786641873.500487,2,scan
1786641873.516865,2,camera
1786641873.523929,3,scan
1786641873.537126,3,camera
1786641873.598394,1,camera
1786641873.599413,1,scan
1786641873.599566,2,scan
1786641873.614275,2,camera
1786641873.623879,3,scan
1786641873.640019,3,camera
1786641873.699486,1,camera
1786641873.700154,1,scan
1786641873.700278,2,scan
1786641873.713437,2,camera
1786641873.724910,3,scan
1786641873.739374,3,camera
1786641873.798934,1,camera
1786641873.799607,1,scan
1786641873.800581,2,scan
1786641873.815708,2,camera
1786641873.824968,3,scan
1786641873.837238,3,camera
1786641873.893364,1,camera
1786641873.899401,1,scan
1786641873.900537,2,scan
1786641873.915381,2,camera
1786641873.924247,3,scan
1786641873.997363,1,camera
1786641873.999761,2,scan
1786641874.000291,1,scan
1786641874.016099,2,camera
1786641874.028779,3,scan
1786641874.061228,3,camera
1786641874.099985,2,scan
1786641874.101257,1,scan
1786641874.119447,2,camera
1786641874.124489,3,scan
1786641874.139013,3,camera
1786641874.192376,1,camera
1786641874.198745,1,scan
1786641874.199355,2,scan
1786641874.210231,2,camera
1786641874.224156,3,scan
1786641874.233041,3,camera
1786641874.299521,1,scan
1786641874.300567,1,camera
1786641874.300735,2,scan
1786641874.315022,2,camera
1786641874.324651,3,scan
1786641874.336790,3,camera
1786641874.401331,2,scan
1786641874.401961,1,scan
1786641874.413844,2,camera
1786641874.424214,3,scan
1786641874.498318,1,camera
1786641874.499902,1,scan
1786641874.500848,2,scan
1786641874.518641,2,camera
1786641874.524210,3,scan
1786641874.600310,2,scan
1786641874.601373,1,scan
1786641874.617995,2,camera
1786641874.624191,3,scan
1786641874.635349,3,camera
1786641874.697818,1,camera
1786641874.699681,2,scan
1786641874.700077,1,scan
1786641874.705627,1,camera
1786641874.714500,2,camera
1786641874.724056,3,scan
1786641874.736285,3,camera
1786641874.798106,1,camera
1786641874.799274,1,scan
1786641874.799783,2,scan
1786641874.814816,2,camera
1786641874.825621,3,scan
1786641874.835566,3,camera
1786641874.897254,1,camera
1786641874.899507,1,scan
1786641874.900032,2,scan
1786641874.917605,2,camera
1786641874.924974,3,scan
1786641874.935379,3,camera
1786641874.998839,1,scan
1786641874.999851,2,scan
1786641875.024268,3,scan
1786641875.033839,3,camera
1786641875.089106,1,camera
1786641875.100418,1,scan
1786641875.100867,2,scan
1786641875.107657,2,camera
1786641875.124687,3,scan
1786641875.137926,3,camera
1786641875.196542,1,camera
1786641875.199889,1,scan
1786641875.200404,2,scan
1786641875.215223,2,camera
1786641875.224726,3,scan
1786641875.237032,3,camera
1786641875.300175,1,scan
1786641875.301214,2,scan
1786641875.305591,1,camera
1786641875.315753,2,camera
1786641875.324591,3,scan
1786641875.337445,3,camera
1786641875.398462,1,camera
1786641875.399460,1,scan
1786641875.402261,2,scan
1786641875.413759,2,camera
1786641875.424594,3,scan
1786641875.439292,3,camera
1786641875.496573,1,camera
1786641875.499018,2,scan
1786641875.500122,1,scan
1786641875.510354,2,camera
1786641875.524277,3,scan
1786641875.538651,3,camera
1786641875.598463,1,camera
1786641875.600134,2,scan
1786641875.600471,1,scan
1786641875.614220,2,camera
1786641875.624939,3,scan
1786641875.636142,3,camera
1786641875.699296,1,camera
1786641875.699992,1,scan
1786641875.700134,2,scan
1786641875.718213,2,camera
1786641875.724820,3,scan
1786641875.739027,3,camera
1786641875.798120,1,camera
1786641875.800003,2,scan
1786641875.800509,1,scan
1786641875.818151,2,camera
1786641875.825684,3,scan
1786641875.844506,3,camera
1786641875.897085,1,camera
1786641875.899857,2,scan
1786641875.901686,1,scan
1786641875.916610,2,camera
1786641875.924475,3,scan
1786641875.937636,3,camera
1786641875.997611,1,camera
1786641876.000574,2,scan
1786641876.001926,1,scan
1786641876.015998,2,camera
1786641876.025186,3,scan
1786641876.100772,1,scan
1786641876.101128,2,scan
1786641876.120298,2,camera
1786641876.124184,3,scan
1786641876.138259,3,camera
1786641876.139935,3,camera
1786641876.192989,1,camera
1786641876.199953,1,scan
1786641876.200643,2,scan
1786641876.214519,2,camera
1786641876.225248,3,scan
1786641876.237893,3,camera
1786641876.298440,1,camera
1786641876.299122,1,scan
1786641876.299263,2,scan
1786641876.325641,3,scan
1786641876.338540,3,camera
1786641876.398120,1,camera
1786641876.399197,1,scan
1786641876.400069,2,scan
1786641876.424143,3,scan
1786641876.430258,2,camera
1786641876.433355,3,camera
1786641876.498456,1,camera
1786641876.500322,2,scan
1786641876.501237,1,scan
1786641876.522126,2,camera
1786641876.524631,3,scan
1786641876.537970,3,camera
1786641876.596909,1,camera
1786641876.600101,2,scan
1786641876.600976,1,scan
1786641876.617351,2,camera
1786641876.624507,3,scan
1786641876.639725,3,camera
1786641876.697127,1,camera
1786641876.699753,1,scan
1786641876.700576,2,scan
1786641876.724512,3,scan
1786641876.738978,3,camera
1786641876.796636,1,camera
1786641876.800131,1,scan
1786641876.800679,2,scan
1786641876.815839,2,camera
1786641876.824264,3,scan
1786641876.837353,3,camera
1786641876.897211,1,camera
1786641876.899316,1,scan
1786641876.901500,2,scan
1786641876.914805,2,camera
1786641876.924600,3,scan
1786641876.941119,3,camera
1786641876.998188,1,camera
1786641876.999548,2,scan
1786641877.000442,1,scan
1786641877.018500,2,camera
1786641877.028277,3,scan
1786641877.044147,3,camera
1786641877.100374,2,scan
1786641877.101372,1,scan
1786641877.102273,1,camera
1786641877.127554,2,camera
1786641877.128507,3,scan
1786641877.136054,3,camera
1786641877.190713,1,camera
1786641877.199687,1,scan
1786641877.200132,2,scan
1786641877.209221,2,camera
1786641877.223918,3,scan
1786641877.227521,3,camera
1786641877.299607,2,scan
1786641877.300248,1,scan
1786641877.312632,2,camera
1786641877.325256,3,scan
1786641877.337768,3,camera
1786641877.397750,1,camera
1786641877.401026,2,scan
1786641877.402397,1,scan
1786641877.417440,2,camera
1786641877.424553,3,scan
1786641877.438687,3,camera
1786641877.498069,1,camera
1786641877.499137,1,scan
1786641877.500033,2,scan
1786641877.524889,3,scan
1786641877.538791,3,camera
1786641877.596888,1,camera
1786641877.599528,1,scan
1786641877.600054,2,scan
1786641877.618609,2,camera
1786641877.624108,3,scan
1786641877.639021,3,camera
1786641877.696335,1,camera
1786641877.699616,1,scan
1786641877.700799,2,scan
1786641877.715197,2,camera
1786641877.724520,3,scan
1786641877.740734,3,camera
1786641877.797751,1,camera
1786641877.799402,2,scan
1786641877.799949,1,scan
1786641877.824435,3,scan
1786641877.837164,3,camera
1786641877.895914,1,camera
1786641877.899729,1,scan
1786641877.900246,2,scan
1786641877.917369,2,camera
1786641877.924824,3,scan
1786641877.939473,3,camera
1786641877.998307,1,camera
1786641877.999624,1,scan
1786641878.004609,2,scan
1786641878.017141,2,camera
1786641878.025546,3,scan
1786641878.050168,3,camera
1786641878.099722,1,scan
1786641878.100456,2,scan
1786641878.105266,1,camera
1786641878.122903,2,camera
1786641878.124167,3,scan
1786641878.140492,3,camera
1786641878.192124,1,camera
1786641878.199505,2,scan
1786641878.199952,1,scan
1786641878.211165,2,camera
1786641878.225385,3,scan
1786641878.235105,3,camera
1786641878.297159,1,camera
1786641878.299520,1,scan
1786641878.299934,2,scan
1786641878.311596,2,camera
1786641878.324203,3,scan
1786641878.328165,3,camera
1786641878.399542,1,camera
1786641878.400446,1,scan
1786641878.400595,2,scan
1786641878.415648,2,camera
1786641878.425385,3,scan
1786641878.437083,3,camera
1786641878.496763,1,camera
1786641878.499635,2,scan
1786641878.500211,1,scan
1786641878.517071,2,camera
1786641878.525901,3,scan
1786641878.539356,3,camera
1786641878.597008,1,camera
1786641878.599683,1,scan
1786641878.600236,2,scan
1786641878.618071,2,camera
1786641878.624161,3,scan
1786641878.639834,3,camera
1786641878.697178,1,camera
1786641878.699664,1,scan
1786641878.701107,2,scan
1786641878.717192,2,camera
1786641878.725606,3,scan
1786641878.739099,3,camera
1786641878.798732,1,camera
1786641878.799434,2,scan
1786641878.800268,1,scan
1786641878.817424,2,camera
1786641878.824226,3,scan
1786641878.838161,3,camera
1786641878.898310,1,camera
1786641878.900548,1,scan
1786641878.901148,2,scan
1786641878.917345,2,camera
1786641878.925710,3,scan
1786641878.938829,3,camera
1786641879.000343,2,scan
1786641879.002312,1,scan
1786641879.015503,2,camera
1786641879.025398,3,scan
1786641879.041082,3,camera
1786641879.100480,1,scan
1786641879.101558,2,scan
1786641879.124760,3,scan
1786641879.133235,2,camera
1786641879.194700,1,camera
1786641879.199016,1,camera
1786641879.199685,2,scan
1786641879.202527,1,scan
1786641879.211828,2,camera
1786641879.223303,3,scan
1786641879.233438,3,camera
1786641879.238872,3,camera
1786641879.296501,1,camera
1786641879.299197,2,scan
1786641879.300074,1,scan
1786641879.315066,2,camera
1786641879.326712,3,scan
1786641879.335739,3,camera
1786641879.399591,1,scan
1786641879.400919,2,scan
1786641879.401930,1,camera
1786641879.413819,2,camera
1786641879.424280,3,scan
1786641879.435335,3,camera
1786641879.497715,1,camera
1786641879.499448,1,scan
1786641879.500051,2,scan
1786641879.510489,2,camera
1786641879.523462,3,scan
1786641879.530322,3,camera
1786641879.597869,1,camera
1786641879.599125,2,scan
1786641879.600951,1,scan
1786641879.616970,2,camera
1786641879.624120,3,scan
1786641879.637214,3,camera
1786641879.697030,1,camera
1786641879.699818,2,scan
1786641879.700337,1,scan
1786641879.715760,2,camera
1786641879.725181,3,scan
1786641879.738027,3,camera
1786641879.797009,1,camera
1786641879.800527,1,scan
1786641879.801460,2,scan
1786641879.817160,2,camera
1786641879.824008,3,scan
1786641879.839720,3,camera
1786641879.898630,1,camera
1786641879.900899,1,scan
1786641879.901426,2,scan
1786641879.915629,2,camera
1786641879.924043,3,scan
1786641879.937148,3,camera
1786641879.998215,1,camera
1786641879.999202,2,scan
1786641880.000354,1,scan
1786641880.015056,2,camera
1786641880.026154,3,scan
1786641880.051800,3,camera
1786641880.100242,2,scan
1786641880.102527,1,scan
1786641880.104018,1,camera
1786641880.121020,2,camera
1786641880.125574,3,scan
1786641880.137464,3,camera
1786641880.199193,2,scan
1786641880.200154,1,scan
1786641880.210018,2,camera
1786641880.223737,3,scan
1786641880.234588,3,camera
1786641880.300830,2,scan
1786641880.301464,1,scan
1786641880.305222,1,camera
1786641880.312340,1,camera
1786641880.324866,3,scan
1786641880.338979,3,camera
1786641880.398661,1,camera
1786641880.399681,1,scan
1786641880.400192,2,scan
1786641880.418007,2,camera
1786641880.424046,3,scan
1786641880.433268,3,camera
1786641880.434640,2,camera
1786641880.492440,1,camera
1786641880.498953,1,scan
1786641880.499835,2,scan
1786641880.514524,2,camera
1786641880.524488,3,scan
1786641880.536928,3,camera
1786641880.599487,1,scan
1786641880.600115,2,scan
1786641880.600602,1,camera
1786641880.615555,2,camera
1786641880.624273,3,scan
1786641880.699352,2,scan
1786641880.699994,1,scan
1786641880.717731,2,camera
1786641880.725423,3,scan
1786641880.737547,3,camera
1786641880.798836,1,camera
1786641880.800562,1,scan
1786641880.801105,2,scan
1786641880.817731,2,camera
1786641880.824350,3,scan
1786641880.837769,3,camera
1786641880.899157,1,camera
1786641880.900308,2,scan
1786641880.900841,1,scan
1786641880.924525,3,scan
1786641880.937072,3,camera
1786641880.998172,1,camera
1786641880.999846,2,scan
1786641881.000310,1,scan
1786641881.014889,2,camera
1786641881.024740,3,scan
1786641881.055576,3,camera
1786641881.101785,2,scan
1786641881.102899,1,scan
1786641881.112405,1,camera
1786641881.124187,2,camera
1786641881.125161,3,scan
1786641881.194271,1,camera
1786641881.199295,2,scan
1786641881.199666,1,scan
1786641881.214354,2,camera
1786641881.223754,3,scan
1786641881.299757,2,scan
1786641881.300449,1,scan
1786641881.315978,2,camera
1786641881.324067,3,scan
1786641881.339328,3,camera
1786641881.345072,3,camera
1786641881.398094,1,camera
1786641881.399378,1,scan
1786641881.402289,2,scan
1786641881.415953,2,camera
1786641881.425747,3,scan
1786641881.438731,3,camera
1786641881.499317,1,camera
1786641881.500725,1,scan
1786641881.501049,2,scan
1786641881.522115,2,camera
1786641881.524527,3,scan
1786641881.540135,3,camera
1786641881.587390,1,camera
1786641881.598835,2,scan
1786641881.599216,1,scan
1786641881.608788,2,camera
1786641881.624094,3,scan
1786641881.638867,3,camera
1786641881.696872,1,camera
1786641881.700246,2,scan
1786641881.700772,1,scan
1786641881.714512,2,camera
1786641881.724409,3,scan
1786641881.738320,3,camera
1786641881.799613,1,scan
1786641881.800386,2,scan
1786641881.801917,1,camera
1786641881.813755,2,camera
1786641881.825016,3,scan
1786641881.837952,3,camera
1786641881.897622,1,camera
1786641881.899617,1,scan
1786641881.900157,2,scan
1786641881.926349,2,camera
1786641881.927671,3,scan
1786641881.939078,3,camera
1786641881.998305,1,camera
1786641881.999571,1,scan
1786641882.000590,2,scan
1786641882.024520,2,camera
1786641882.024830,3,scan
1786641882.057216,3,camera
1786641882.100077,1,scan
1786641882.101308,2,scan
1786641882.109619,1,camera
1786641882.125219,3,scan
1786641882.143524,3,camera
1786641882.190389,1,camera
1786641882.200023,2,scan
1786641882.200774,1,scan
1786641882.222903,2,camera
1786641882.228148,3,scan
1786641882.237098,3,camera
1786641882.299821,1,camera
1786641882.300530,2,scan
1786641882.302887,1,scan
1786641882.317030,2,camera
1786641882.324160,3,scan
1786641882.339788,3,camera
1786641882.396391,1,camera
1786641882.399980,1,scan
1786641882.400943,2,scan
1786641882.415002,2,camera
1786641882.424794,3,scan
1786641882.444432,3,camera
1786641882.498559,1,camera
1786641882.499558,1,scan
1786641882.500073,2,scan
1786641882.517174,2,camera
1786641882.524027,3,scan
1786641882.539540,3,camera
1786641882.599020,1,camera
1786641882.600027,1,scan
1786641882.600908,2,scan
1786641882.621248,2,camera
1786641882.623934,3,scan
1786641882.690563,1,camera
1786641882.699160,2,scan
1786641882.699608,1,scan
1786641882.709516,2,camera
1786641882.724082,3,scan
1786641882.799712,1,scan
1786641882.800387,1,camera
1786641882.800533,2,scan
1786641882.817561,2,camera
1786641882.824551,3,scan
1786641882.848628,3,camera
1786641882.861130,3,camera
1786641882.863520,3,camera
1786641882.898266,1,camera
1786641882.898941,1,scan
1786641882.900745,2,scan
1786641882.914032,2,camera
1786641882.924321,3,scan
1786641882.939819,3,camera
1786641882.995985,1,camera
1786641882.999306,2,scan
1786641883.003309,1,scan
1786641883.015463,2,camera
1786641883.025400,3,scan
1786641883.099814,1,scan
1786641883.100832,2,scan
1786641883.125807,3,scan
1786641883.192474,1,camera
1786641883.196947,1,camera
1786641883.198933,1,scan
1786641883.199521,2,scan
1786641883.211099,2,camera
1786641883.224802,3,scan
1786641883.300019,1,scan
1786641883.301295,1,camera
1786641883.301516,2,scan
1786641883.319458,2,camera
1786641883.324643,3,scan
1786641883.399899,1,scan
1786641883.400496,2,scan
1786641883.405761,1,camera
1786641883.424357,3,scan
1786641883.443667,3,camera
1786641883.451208,3,camera
1786641883.454870,3,camera
1786641883.457850,3,camera
1786641883.460814,3,camera
1786641883.498842,1,camera
1786641883.499860,2,scan
1786641883.500398,1,scan
1786641883.517111,2,camera
1786641883.525068,3,scan
1786641883.525936,2,camera
1786641883.545181,3,camera
1786641883.599835,1,scan
1786641883.600476,2,scan
1786641883.616076,2,camera
1786641883.624202,3,scan
1786641883.639193,3,camera
1786641883.698911,1,camera
1786641883.699577,1,scan
1786641883.701288,2,scan
1786641883.724518,3,scan
1786641883.790488,1,camera
1786641883.799143,1,scan
1786641883.799991,2,scan
1786641883.812411,2,camera
1786641883.824397,3,scan
1786641883.838886,3,camera
1786641883.898830,1,camera
1786641883.899564,1,scan
1786641883.900102,2,scan
1786641883.918116,2,camera
1786641883.924495,3,scan
1786641883.940624,3,camera
1786641883.997147,1,camera
1786641883.998962,1,scan
1786641884.000154,2,scan
1786641884.017175,2,camera
1786641884.026303,3,scan
1786641884.056766,3,camera
1786641884.100315,2,scan
1786641884.101657,1,scan
1786641884.111795,1,camera
1786641884.116618,2,camera
1786641884.128913,3,scan
1786641884.146041,3,camera
1786641884.191208,1,camera
1786641884.199526,2,scan
1786641884.200354,1,scan
1786641884.213616,2,camera
1786641884.223986,3,scan
1786641884.236760,3,camera
1786641884.298689,1,camera
1786641884.300208,1,scan
1786641884.300748,2,scan
1786641884.314764,2,camera
1786641884.324682,3,scan
1786641884.337549,3,camera
1786641884.400004,2,scan
1786641884.400687,1,scan
1786641884.407675,1,camera
1786641884.414793,2,camera
1786641884.424506,3,scan
1786641884.439150,3,camera
1786641884.499134,1,camera
1786641884.499823,2,scan
1786641884.500337,1,scan
1786641884.520060,2,camera
1786641884.524602,3,scan
1786641884.537331,3,camera
1786641884.596156,1,camera
1786641884.599467,1,scan
1786641884.600312,2,scan
1786641884.616433,2,camera
1786641884.624550,3,scan
1786641884.637548,3,camera
1786641884.697172,1,camera
1786641884.699563,1,scan
1786641884.700112,2,scan
1786641884.715176,2,camera
1786641884.724789,3,scan
1786641884.739254,3,camera
1786641884.796257,1,camera
1786641884.800274,2,scan
1786641884.800938,1,scan
1786641884.814688,2,camera
1786641884.825485,3,scan
1786641884.837038,3,camera
1786641884.886456,1,camera
1786641884.899155,1,scan
1786641884.899532,2,scan
1786641884.908994,2,camera
1786641884.924444,3,scan
1786641884.998441,1,camera
1786641884.999503,1,scan
1786641885.018147,2,camera
1786641885.025384,3,scan
1786641885.054792,3,camera
1786641885.101237,1,scan
1786641885.109250,1,camera
1786641885.120164,2,camera
1786641885.124471,3,scan
1786641885.157127,3,camera
1786641885.188227,1,camera
1786641885.199108,2,scan
1786641885.199568,1,scan
1786641885.209713,2,camera
1786641885.224741,3,scan
1786641885.235561,3,camera
1786641885.298602,1,camera
1786641885.300417,1,scan
1786641885.300660,2,scan
1786641885.318513,2,camera
1786641885.324064,3,scan
1786641885.339345,3,camera
1786641885.397065,1,camera
1786641885.399754,1,scan
1786641885.400727,2,scan
1786641885.418333,2,camera
1786641885.425821,3,scan
1786641885.437484,3,camera
1786641885.497633,1,camera
1786641885.499407,1,scan
1786641885.499943,2,scan
1786641885.523941,3,scan
1786641885.532800,2,camera
1786641885.538121,3,camera
1786641885.596669,1,camera
1786641885.599144,1,scan
1786641885.600254,2,scan
1786641885.616403,2,camera
1786641885.626186,3,scan
1786641885.635941,3,camera
1786641885.698682,1,camera
1786641885.699641,1,scan
1786641885.699785,2,scan
1786641885.714008,2,camera
1786641885.724452,3,scan
1786641885.799022,1,camera
1786641885.799737,1,scan
1786641885.799881,2,scan
1786641885.819790,2,camera
1786641885.823866,3,scan
1786641885.834313,3,camera
1786641885.896592,1,camera
1786641885.899971,2,scan
1786641885.900477,1,scan
1786641885.910429,2,camera
1786641885.924089,3,scan
1786641885.931714,3,camera
1786641885.996878,1,camera
1786641885.999343,1,scan
1786641886.001407,2,scan
1786641886.015425,2,camera
1786641886.024978,3,scan
1786641886.046123,3,camera
1786641886.100869,1,scan
1786641886.102159,2,scan
1786641886.109880,1,camera
1786641886.122360,2,camera
1786641886.124560,3,scan
1786641886.135944,3,camera
1786641886.192053,1,camera
1786641886.199245,1,scan
1786641886.199955,2,scan
1786641886.214633,2,camera
1786641886.224754,3,scan
1786641886.236458,3,camera
1786641886.299163,1,camera
1786641886.300388,2,scan
1786641886.301451,1,scan
1786641886.317223,2,camera
1786641886.324450,3,scan
1786641886.338645,3,camera
1786641886.398740,1,camera
1786641886.399804,2,scan
1786641886.400324,1,scan
1786641886.418112,2,camera
1786641886.425663,3,scan
1786641886.438302,3,camera
1786641886.498536,1,camera
1786641886.499606,1,scan
1786641886.500627,2,scan
1786641886.523586,2,camera
1786641886.524904,3,scan
1786641886.541194,3,camera
1786641886.596815,1,camera
1786641886.600685,1,scan
1786641886.600870,2,scan
1786641886.621162,2,camera
1786641886.624774,3,scan
1786641886.640186,3,camera
1786641886.696181,1,camera
1786641886.699445,2,scan
1786641886.700489,1,scan
1786641886.716014,2,camera
1786641886.724363,3,scan
1786641886.742112,3,camera
1786641886.796556,1,camera
1786641886.799849,1,scan
1786641886.800396,2,scan
1786641886.815756,2,camera
1786641886.825160,3,scan
1786641886.838884,3,camera
1786641886.898863,1,camera
1786641886.901302,2,scan
1786641886.902074,1,scan
1786641886.915324,2,camera
1786641886.924730,3,scan
1786641886.936663,3,camera
1786641886.994772,1,camera
1786641887.001510,1,scan
1786641887.002134,2,scan
1786641887.027200,3,scan
1786641887.038998,3,camera
1786641887.100092,2,scan
1786641887.100638,1,scan
1786641887.113934,2,camera
1786641887.125273,3,scan
1786641887.136325,3,camera
1786641887.199069,2,scan
1786641887.200178,1,scan
1786641887.215066,2,camera
1786641887.223766,3,scan
1786641887.236347,3,camera
1786641887.300409,1,scan
1786641887.300991,2,scan
1786641887.324562,3,scan
1786641887.340533,3,camera
1786641887.400872,1,scan
1786641887.401542,2,scan
1786641887.416325,2,camera
1786641887.424588,3,scan
1786641887.436551,3,camera
1786641887.500202,2,scan
1786641887.500866,1,scan
1786641887.517586,2,camera
1786641887.524894,3,scan
1786641887.538873,3,camera
1786641887.600890,1,scan
1786641887.601522,2,scan
1786641887.616405,2,camera
1786641887.624620,3,scan
1786641887.637908,3,camera
1786641887.696114,1,camera
1786641887.698564,1,camera
1786641887.699413,2,scan
1786641887.699679,1,scan
1786641887.706752,1,camera
1786641887.707599,1,camera
1786641887.707975,2,camera
1786641887.711683,1,camera
1786641887.723218,3,scan
1786641887.728826,3,camera
1786641887.799423,2,scan
1786641887.801537,1,scan
1786641887.823078,2,camera
1786641887.828363,3,scan
1786641887.901124,1,scan
1786641887.901773,1,camera
1786641887.901921,2,scan
1786641887.912370,2,camera
1786641887.924250,3,scan
1786641887.930362,3,camera
1786641887.999073,1,scan
1786641887.999595,2,scan
1786641888.002829,1,camera
1786641888.010991,2,camera
1786641888.025154,3,scan
1786641888.039935,3,camera
1786641888.102307,2,scan
1786641888.103456,1,scan
1786641888.109295,2,camera
1786641888.123928,3,scan
1786641888.130383,3,camera
1786641888.199857,2,scan
1786641888.205393,1,scan
1786641888.211229,1,camera
1786641888.211983,2,camera
1786641888.224224,3,scan
1786641888.238215,3,camera
1786641888.299983,2,scan
1786641888.304380,1,scan
1786641888.305510,1,camera
1786641888.315896,2,camera
1786641888.325007,3,scan
1786641888.329906,3,camera
1786641888.400015,2,scan
1786641888.404512,1,camera
1786641888.406238,1,scan
1786641888.411468,2,camera
1786641888.423735,3,scan
1786641888.429281,3,camera
1786641888.501835,1,camera
1786641888.503833,1,scan
1786641888.505939,2,scan
1786641888.517295,2,camera
1786641888.524797,3,scan
1786641888.596582,1,camera
1786641888.601841,1,scan
1786641888.604555,2,scan
1786641888.622365,2,camera
1786641888.624793,3,scan
1786641888.636439,3,camera
1786641888.643610,3,camera
1786641888.696396,1,camera
1786641888.703361,2,scan
1786641888.705414,1,scan
1786641888.718339,2,camera
1786641888.723753,3,scan
1786641888.736314,3,camera
1786641888.804145,1,scan
1786641888.806150,2,scan
1786641888.809964,1,camera
1786641888.825307,3,scan
1786641888.826069,2,camera
1786641888.837455,3,camera
1786641888.903972,2,scan
1786641888.905135,1,scan
1786641888.911469,1,camera
1786641888.927526,3,scan
1786641888.930135,2,camera
1786641889.003167,2,scan
1786641889.004866,1,scan
1786641889.029126,3,scan
1786641889.104566,1,scan
1786641889.107144,2,scan
1786641889.110897,1,camera
1786641889.127533,2,camera
1786641889.128403,3,scan
1786641889.149499,3,camera
1786641889.152951,3,camera
1786641889.158928,3,camera
1786641889.199980,1,camera
1786641889.202724,1,scan
1786641889.203909,2,scan
1786641889.219682,2,camera
1786641889.229660,3,scan
1786641889.252175,3,camera
1786641889.303404,1,scan
1786641889.306862,2,scan
1786641889.310215,1,camera
1786641889.326422,2,camera
1786641889.329365,3,scan
1786641889.346859,3,camera
1786641889.402250,1,scan
1786641889.404430,2,scan
1786641889.410676,1,camera
1786641889.428832,3,scan
1786641889.429877,2,camera
1786641889.452937,3,camera
1786641889.504042,2,scan
1786641889.504752,1,camera
1786641889.509198,1,scan
1786641889.526118,2,camera
1786641889.529027,3,scan
1786641889.557979,3,camera
1786641889.603318,2,scan
1786641889.606182,1,scan
1786641889.610606,1,camera
1786641889.630972,3,scan
1786641889.647948,3,camera
1786641889.703726,1,camera
1786641889.704396,1,scan
1786641889.706677,2,scan
1786641889.725790,2,camera
1786641889.727376,3,scan
1786641889.757813,3,camera
1786641889.806457,1,scan
1786641889.807556,2,scan
1786641889.809381,1,camera
1786641889.826950,2,camera
1786641889.829600,3,scan
1786641889.845550,3,camera
1786641889.904919,1,scan
1786641889.907763,2,scan
1786641889.910219,1,camera
1786641889.928020,3,scan
1786641889.928778,2,camera
1786641889.947835,3,camera
1786641890.005367,1,scan
1786641890.006115,2,scan
1786641890.008365,1,camera
1786641890.030748,2,camera
1786641890.032381,3,scan
1786641890.048187,3,camera
1786641890.103304,2,scan
1786641890.106396,1,scan
1786641890.130592,3,scan
1786641890.131068,2,camera
1786641890.141097,3,camera
1786641890.202095,1,scan
1786641890.203149,1,camera
1786641890.205684,2,scan
1786641890.221742,2,camera
1786641890.227762,3,scan
1786641890.240248,3,camera
1786641890.301354,1,camera
1786641890.305073,1,scan
1786641890.306395,2,scan
1786641890.327803,3,scan
1786641890.351253,3,camera
1786641890.403749,2,scan
1786641890.404275,1,scan
1786641890.405882,1,camera
1786641890.419635,2,camera
1786641890.426648,3,scan
1786641890.445566,3,camera
1786641890.504802,1,scan
1786641890.505589,1,camera
1786641890.507074,2,scan
1786641890.526475,2,camera
1786641890.527225,3,scan
1786641890.551805,3,camera
1786641890.605546,2,scan
1786641890.609823,1,scan
1786641890.611748,1,camera
1786641890.620123,2,camera
1786641890.628034,3,scan
1786641890.649141,3,camera
1786641890.703191,2,scan
1786641890.705101,1,scan
1786641890.705662,1,camera
1786641890.725351,2,camera
1786641890.728744,3,scan
1786641890.751211,3,camera
1786641890.804133,1,scan
1786641890.804789,2,scan
1786641890.812625,1,camera
1786641890.827180,2,camera
1786641890.832286,3,scan
1786641890.842820,3,camera
1786641890.903355,1,scan
1786641890.903803,2,scan
1786641890.904900,1,camera
1786641890.920942,2,camera
1786641890.931309,3,scan
1786641891.003665,1,scan
1786641891.004386,2,scan
1786641891.005835,1,camera
1786641891.025077,2,camera
1786641891.030370,3,scan
1786641891.054986,3,camera
1786641891.102284,2,scan
1786641891.108094,1,scan
1786641891.129098,3,scan
1786641891.130270,2,camera
1786641891.157257,3,camera
1786641891.202738,1,scan
1786641891.204393,2,scan
1786641891.205601,1,camera
1786641891.227720,3,scan
1786641891.243649,3,camera
1786641891.303717,1,scan
1786641891.306772,2,scan
1786641891.315368,1,camera
1786641891.322923,2,camera
1786641891.327460,3,scan
1786641891.347813,3,camera
1786641891.399671,1,camera
1786641891.402733,1,scan
1786641891.403793,2,scan
1786641891.424326,2,camera
1786641891.432993,3,scan
1786641891.451337,3,camera
1786641891.503882,1,scan
1786641891.509007,1,camera
1786641891.511045,2,scan
1786641891.529394,3,scan
1786641891.530779,2,camera
1786641891.544247,3,camera
1786641891.603087,1,scan
1786641891.604226,2,scan
1786641891.629065,3,scan
1786641891.651754,3,camera
1786641891.704534,2,scan
1786641891.706255,1,scan
1786641891.710555,1,camera
1786641891.727159,2,camera
1786641891.729460,3,scan
1786641891.750763,3,camera
1786641891.802586,2,scan
1786641891.804235,1,scan
1786641891.810888,1,camera
1786641891.826655,2,camera
1786641891.829133,3,scan
1786641891.845085,3,camera
1786641891.902671,1,scan
1786641891.903619,2,scan
1786641891.904682,1,camera
1786641891.926560,2,camera
1786641891.929340,3,scan
1786641891.944026,3,camera
1786641892.002894,2,scan
1786641892.003824,1,scan
1786641892.011393,1,camera
1786641892.024981,2,camera
1786641892.027545,3,scan
1786641892.061648,3,camera
1786641892.104429,2,scan
1786641892.106388,1,scan
1786641892.128789,3,scan
1786641892.130188,2,camera
1786641892.153927,3,camera
1786641892.203206,2,scan
1786641892.206225,1,scan
1786641892.219642,2,camera
1786641892.224319,1,camera
1786641892.225960,1,camera
1786641892.228069,3,scan
1786641892.255160,3,camera
1786641892.304988,1,scan
1786641892.308798,2,scan
1786641892.316417,2,camera
1786641892.328327,3,scan
1786641892.345675,3,camera
1786641892.403312,2,scan
1786641892.407218,1,scan
1786641892.417606,2,camera
1786641892.431714,3,scan
1786641892.447040,3,camera
1786641892.503667,1,scan
1786641892.508727,2,scan
1786641892.509511,1,camera
1786641892.526130,2,camera
1786641892.527555,3,scan
1786641892.543976,3,camera
1786641892.603293,1,scan
1786641892.605389,1,camera
1786641892.606237,2,scan
1786641892.627328,3,scan
1786641892.651182,3,camera
1786641892.702729,1,camera
1786641892.703900,2,scan
1786641892.714735,1,scan
1786641892.722208,2,camera
1786641892.726967,3,scan
1786641892.751449,3,camera
1786641892.805459,1,scan
1786641892.806499,1,camera
1786641892.806748,2,scan
1786641892.821728,2,camera
1786641892.828598,3,scan
1786641892.840162,3,camera
1786641892.905580,1,scan
1786641892.906211,1,camera
1786641892.906357,2,scan
1786641892.927603,3,scan
1786641892.930297,2,camera
1786641892.942330,3,camera
1786641893.003806,1,scan
1786641893.004501,2,scan
1786641893.007389,1,camera
1786641893.032207,2,camera
1786641893.033585,3,scan
1786641893.104235,2,scan
1786641893.104889,1,scan
1786641893.113911,1,camera
1786641893.128882,3,scan
1786641893.155391,3,camera
1786641893.155615,3,camera
1786641893.203050,2,scan
1786641893.205424,1,camera
1786641893.206340,1,scan
1786641893.228960,3,scan
1786641893.230015,2,camera
1786641893.248140,3,camera
1786641893.303881,2,scan
1786641893.307293,1,camera
1786641893.311495,1,scan
1786641893.330590,3,scan
1786641893.331901,2,camera
1786641893.344852,3,camera
1786641893.395568,1,camera
1786641893.402643,2,scan
1786641893.403312,1,scan
1786641893.424499,2,camera
1786641893.429517,3,scan
1786641893.448871,3,camera
1786641893.503643,2,scan
1786641893.506201,1,scan
1786641893.510363,1,camera
1786641893.521639,2,camera
1786641893.527385,3,scan
1786641893.603441,2,scan
1786641893.604207,1,scan
1786641893.611175,1,camera
1786641893.621464,2,camera
1786641893.628648,3,scan
1786641893.651110,3,camera
1786641893.703947,2,scan
1786641893.708456,1,camera
1786641893.716000,1,scan
1786641893.722081,2,camera
1786641893.729392,3,scan
1786641893.747798,3,camera
1786641893.804320,1,scan
1786641893.804899,2,scan
1786641893.808634,1,camera
1786641893.825522,2,camera
1786641893.828668,3,scan
1786641893.849168,3,camera
1786641893.903130,1,scan
1786641893.904165,2,scan
1786641893.907464,1,camera
1786641893.923376,2,camera
1786641893.928643,3,scan
1786641893.949690,3,camera
1786641894.004612,1,scan
1786641894.005292,2,scan
1786641894.028295,2,camera
1786641894.028812,3,scan
1786641894.064826,3,camera
1786641894.104523,2,scan
1786641894.105434,1,scan
1786641894.122313,1,camera
1786641894.123265,2,camera
1786641894.130473,3,scan
1786641894.205482,1,scan
1786641894.206570,1,camera
1786641894.208887,2,scan
1786641894.226968,3,scan
1786641894.228208,2,camera
1786641894.252856,3,camera
1786641894.305135,1,camera
1786641894.305835,2,scan
1786641894.306345,1,scan
1786641894.328749,3,scan
1786641894.362568,3,camera
1786641894.369845,3,camera
1786641894.402295,1,scan
1786641894.404104,2,scan
1786641894.413470,1,camera
1786641894.429337,3,scan
1786641894.457374,3,camera
1786641894.502601,1,scan
1786641894.503120,2,scan
1786641894.508356,1,camera
1786641894.526338,2,camera
1786641894.527362,3,scan
1786641894.535873,2,camera
1786641894.536817,3,camera
1786641894.606452,1,scan
1786641894.607791,1,camera
1786641894.608911,2,scan
1786641894.628020,2,camera
1786641894.630298,3,scan
1786641894.637945,3,camera
1786641894.702420,2,scan
1786641894.705149,1,scan
1786641894.734267,2,camera
1786641894.735005,3,scan
1786641894.750757,3,camera
1786641894.805886,1,scan
1786641894.807897,1,camera
1786641894.809007,2,scan
1786641894.820747,2,camera
1786641894.828295,3,scan
1786641894.850845,3,camera
1786641894.906149,2,scan
1786641894.906857,1,scan
1786641894.908719,1,camera
1786641894.922000,2,camera
1786641894.929991,3,scan
1786641894.952053,3,camera
1786641895.003447,2,scan
1786641895.004194,1,scan
1786641895.012805,1,camera
1786641895.031767,3,scan
1786641895.038979,2,camera
1786641895.067438,3,camera
1786641895.103498,1,scan
1786641895.108111,2,scan
1786641895.113326,1,camera
1786641895.124415,2,camera
1786641895.128545,3,scan
1786641895.146082,3,camera
1786641895.204844,1,scan
1786641895.205098,2,scan
1786641895.224389,2,camera
1786641895.232092,3,scan
1786641895.249856,3,camera
1786641895.302398,2,scan
1786641895.304267,1,scan
1786641895.308916,1,camera
1786641895.322632,2,camera
1786641895.327627,3,scan
1786641895.345103,3,camera
1786641895.405044,2,scan
1786641895.407841,1,scan
1786641895.420609,1,camera
1786641895.425729,2,camera
1786641895.428360,3,scan
1786641895.451752,3,camera
1786641895.507304,1,camera
1786641895.508054,2,scan
1786641895.512172,1,scan
1786641895.527787,2,camera
1786641895.528997,3,scan
1786641895.547426,3,camera
1786641895.604181,1,scan
1786641895.605072,2,scan
1786641895.606344,1,camera
1786641895.622781,2,camera
1786641895.627731,3,scan
1786641895.650236,3,camera
1786641895.702743,2,scan
1786641895.704448,1,scan
1786641895.719918,2,camera
1786641895.731456,3,scan
1786641895.748318,3,camera
1786641895.802310,1,camera
1786641895.802791,1,scan
1786641895.802894,2,scan
1786641895.823627,2,camera
1786641895.829162,3,scan
1786641895.848439,3,camera
1786641895.905958,2,scan
1786641895.911976,1,scan
1786641895.918379,2,camera
1786641895.928042,3,scan
1786641895.950053,3,camera
1786641896.004299,1,scan
1786641896.004896,1,camera
1786641896.008347,2,scan
1786641896.027397,2,camera
1786641896.033128,3,scan
1786641896.062620,3,camera
1786641896.104411,2,scan
1786641896.107500,1,scan
1786641896.126666,1,camera
1786641896.128830,3,scan
1786641896.141990,3,camera
1786641896.199128,1,camera
1786641896.202647,2,scan
1786641896.208957,1,scan
1786641896.228840,3,scan
1786641896.235415,2,camera
1786641896.245771,3,camera
1786641896.248120,2,camera
1786641896.304074,1,scan
1786641896.304755,2,scan
1786641896.312344,1,camera
1786641896.331100,3,scan
1786641896.402355,2,scan
1786641896.402988,1,scan
1786641896.409289,1,camera
1786641896.431366,3,scan
1786641896.432942,2,camera
1786641896.446183,3,camera
1786641896.504606,1,scan
1786641896.505967,2,scan
1786641896.507182,1,camera
1786641896.523607,2,camera
1786641896.529734,3,scan
1786641896.547043,3,camera
1786641896.603212,1,scan
1786641896.604123,2,scan
1786641896.611120,1,camera
1786641896.627852,2,camera
1786641896.628527,3,scan
1786641896.703444,2,scan
1786641896.705531,1,scan
1786641896.711366,1,camera
1786641896.725021,2,camera
1786641896.728706,3,scan
1786641896.745020,3,camera
1786641896.802910,2,scan
1786641896.807617,1,scan
1786641896.827809,2,camera
1786641896.829885,3,scan
1786641896.849568,3,camera
1786641896.905540,1,camera
1786641896.906245,1,scan
1786641896.906387,2,scan
1786641896.913443,1,camera
1786641896.926245,2,camera
1786641896.928598,3,scan
1786641897.006295,2,scan
1786641897.007315,1,scan
1786641897.013171,1,camera
1786641897.024350,2,camera
1786641897.030732,3,scan
1786641897.067529,3,camera
1786641897.112777,2,scan
1786641897.114385,1,camera
1786641897.129153,2,camera
1786641897.129930,3,scan
1786641897.151324,3,camera
1786641897.198066,1,camera
1786641897.209600,2,scan
1786641897.227599,3,scan
1786641897.305112,1,scan
1786641897.307656,2,scan
1786641897.310867,1,camera
1786641897.325475,2,camera
1786641897.327194,3,scan
1786641897.345478,3,camera
1786641897.402911,1,scan
1786641897.405753,2,scan
1786641897.417277,1,camera
1786641897.422355,2,camera
1786641897.431132,3,scan
1786641897.451870,3,camera
1786641897.504712,1,scan
1786641897.507480,1,camera
1786641897.508189,2,scan
1786641897.528784,3,scan
1786641897.533850,2,camera
1786641897.545249,3,camera
1786641897.604084,1,scan
1786641897.609569,2,scan
1786641897.627937,3,scan
1786641897.632252,2,camera
1786641897.646256,3,camera
1786641897.703887,2,scan
1786641897.704569,1,scan
1786641897.727771,3,scan
1786641897.751536,3,camera
1786641897.802332,1,scan
1786641897.803411,2,scan
1786641897.826372,2,camera
1786641897.827692,3,scan
1786641897.850086,3,camera
1786641897.905635,2,scan
1786641897.911839,1,scan
1786641897.915012,1,camera
1786641897.917769,1,camera
1786641897.924817,2,camera
1786641897.926480,1,camera
1786641897.927227,3,scan
1786641897.944956,3,camera
1786641898.002002,1,scan
1786641898.002555,2,scan
1786641898.008636,1,camera
1786641898.019118,2,camera
1786641898.030373,3,scan
1786641898.059708,3,camera
1786641898.103546,1,scan
1786641898.106099,2,scan
1786641898.129687,3,scan
1786641898.131146,2,camera
1786641898.132508,1,camera
1786641898.149061,3,camera
1786641898.203223,1,scan
1786641898.205643,2,scan
1786641898.220151,2,camera
1786641898.228724,3,scan
1786641898.248364,3,camera
1786641898.303594,1,scan
1786641898.304808,2,scan
1786641898.309721,1,camera
1786641898.329765,3,scan
1786641898.351680,3,camera
1786641898.403127,1,scan
1786641898.403622,2,scan
1786641898.409660,1,camera
1786641898.424741,2,camera
1786641898.432155,3,scan
1786641898.443233,3,camera
1786641898.502689,2,scan
1786641898.504669,1,scan
1786641898.507440,1,camera
1786641898.527204,3,scan
1786641898.549041,3,camera
1786641898.603929,2,scan
1786641898.604760,1,scan
1786641898.606360,1,camera
1786641898.628912,3,scan
1786641898.645463,3,camera
1786641898.702848,1,scan
1786641898.703559,2,scan
1786641898.706214,1,camera
1786641898.726796,2,camera
1786641898.731162,3,scan
1786641898.744977,3,camera
1786641898.803289,1,scan
1786641898.803996,2,scan
1786641898.804535,1,camera
1786641898.827188,3,scan
1786641898.852290,3,camera
1786641898.902688,1,scan
1786641898.904577,2,scan
1786641898.905214,1,camera
1786641898.922332,2,camera
1786641898.930987,3,scan
1786641898.947108,3,camera
1786641899.003294,1,scan
1786641899.010162,2,scan
1786641899.011146,1,camera
1786641899.018241,2,camera
1786641899.028771,3,scan
1786641899.061495,3,camera
1786641899.103991,1,scan
1786641899.108033,2,scan
1786641899.126796,3,scan
1786641899.130789,2,camera
1786641899.151778,3,camera
1786641899.204537,2,scan
1786641899.206918,1,scan
1786641899.207752,1,camera
1786641899.218578,1,camera
1786641899.226409,2,camera
1786641899.228885,3,scan
1786641899.250722,3,camera
1786641899.303874,1,scan
1786641899.304740,2,scan
1786641899.309130,1,camera
1786641899.324350,2,camera
1786641899.328069,3,scan
1786641899.404934,1,scan
1786641899.406011,2,scan
1786641899.428824,3,scan
1786641899.429667,2,camera
1786641899.446077,3,camera
1786641899.502924,1,scan
1786641899.507321,2,scan
1786641899.509916,1,camera
1786641899.528243,3,scan
1786641899.529819,2,camera
1786641899.603439,1,scan
1786641899.605641,2,scan
1786641899.610450,1,camera
1786641899.622962,2,camera
1786641899.629074,3,scan
1786641899.648302,3,camera
1786641899.704532,1,camera
1786641899.705247,1,scan
1786641899.705392,2,scan
1786641899.727639,3,scan
1786641899.730128,2,camera
1786641899.757788,3,camera
1786641899.803457,1,scan
1786641899.806487,1,camera
1786641899.807550,2,scan
1786641899.824603,2,camera
1786641899.830711,3,scan
1786641899.847858,3,camera
1786641899.902495,1,camera
1786641899.903609,2,scan
1786641899.908491,1,scan
1786641899.925811,2,camera
1786641899.928573,3,scan
1786641899.952789,3,camera
1786641900.002330,1,scan
1786641900.003042,2,scan
1786641900.005792,1,camera
1786641900.020584,2,camera
1786641900.030785,3,scan
1786641900.056013,3,camera
1786641900.103182,2,scan
1786641900.106894,1,scan
1786641900.126586,3,scan
1786641900.203420,1,scan
1786641900.205811,2,scan
1786641900.222411,2,camera
1786641900.228175,3,scan
1786641900.238995,3,camera
1786641900.302882,1,scan
1786641900.303732,2,scan
1786641900.327861,3,scan
1786641900.331851,2,camera
1786641900.346100,3,camera
1786641900.403328,2,scan
1786641900.409108,1,scan
1786641900.431061,2,camera
1786641900.431728,3,scan
1786641900.446538,3,camera
1786641900.503970,1,scan
1786641900.506770,2,scan
1786641900.527956,2,camera
1786641900.528885,3,scan
1786641900.550448,3,camera
1786641900.606275,2,scan
1786641900.608981,1,camera
1786641900.615934,1,scan
1786641900.621947,1,camera
1786641900.622630,2,camera
1786641900.625182,1,camera
1786641900.627462,3,scan
1786641900.632743,1,camera
1786641900.634928,1,camera
1786641900.639453,3,camera
1786641900.702548,1,scan
1786641900.703923,2,scan
1786641900.707547,1,camera
1786641900.730991,3,scan
1786641900.751842,3,camera
1786641900.804560,1,scan
1786641900.809317,2,scan
1786641900.828955,3,scan
1786641900.831836,2,camera
1786641900.851392,3,camera
1786641900.902543,2,scan
1786641900.905046,1,scan
1786641900.905629,1,camera
1786641900.923688,2,camera
1786641900.927969,3,scan
1786641900.950489,3,camera
1786641901.003952,2,scan
1786641901.005645,1,scan
1786641901.011095,1,camera
1786641901.028424,3,scan
1786641901.103763,1,scan
1786641901.105920,2,scan
1786641901.109821,1,camera
1786641901.128733,3,scan
1786641901.132594,2,camera
1786641901.139668,2,camera
1786641901.202595,1,camera
1786641901.203781,1,scan
1786641901.204449,2,scan
1786641901.215632,2,camera
1786641901.227552,3,scan
1786641901.244672,3,camera
1786641901.253738,3,camera
1786641901.304145,1,scan
1786641901.305228,1,camera
1786641901.305741,2,scan
1786641901.329819,3,scan
1786641901.334844,2,camera
1786641901.346299,3,camera
1786641901.403081,1,scan
1786641901.406368,1,camera
1786641901.406914,2,scan
1786641901.428978,3,scan
1786641901.452331,3,camera
1786641901.504295,1,scan
1786641901.504917,2,scan
1786641901.511129,1,camera
1786641901.527207,3,scan
1786641901.547424,3,camera
1786641901.604162,2,scan
1786641901.606964,1,scan
1786641901.611198,1,camera
1786641901.625583,2,camera
1786641901.629777,3,scan
1786641901.656217,3,camera
1786641901.702988,1,scan
1786641901.706602,2,scan
1786641901.711496,1,camera
1786641901.723163,2,camera
1786641901.731370,3,scan
1786641901.743412,3,camera
1786641901.804210,1,scan
1786641901.804934,2,scan
1786641901.810597,1,camera
1786641901.825497,2,camera
1786641901.829849,3,scan
1786641901.843928,3,camera
1786641901.902874,2,scan
1786641901.903871,1,scan
1786641901.910015,1,camera
1786641901.922950,2,camera
1786641901.928626,3,scan
1786641901.943926,3,camera
1786641902.003452,1,scan
1786641902.005099,2,scan
1786641902.029192,3,scan
1786641902.104520,1,scan
1786641902.105558,2,scan
1786641902.128820,3,scan
1786641902.130389,2,camera
1786641902.143436,3,camera
1786641902.160430,3,camera
1786641902.204553,2,scan
1786641902.205090,1,scan
1786641902.217869,2,camera
1786641902.228597,3,scan
1786641902.243640,3,camera
1786641902.303140,2,scan
1786641902.304720,1,scan
1786641902.310017,1,camera
1786641902.318188,1,camera
1786641902.322867,2,camera
1786641902.326601,3,scan
1786641902.351538,3,camera
1786641902.404015,1,scan
1786641902.407076,2,scan
1786641902.407617,1,camera
1786641902.421026,2,camera
1786641902.427285,3,scan
1786641902.453423,3,camera
1786641902.503396,1,scan
1786641902.504094,2,scan
1786641902.509619,1,camera
1786641902.527153,2,camera
1786641902.528168,3,scan
1786641902.551543,3,camera
1786641902.604057,1,scan
1786641902.604720,2,scan
1786641902.606968,1,camera
1786641902.624551,2,camera
1786641902.627551,3,scan
1786641902.703871,1,camera
1786641902.705263,1,scan
1786641902.706798,2,scan
1786641902.729322,2,camera
1786641902.733389,3,scan
1786641902.744474,3,camera
1786641902.803225,2,scan
1786641902.805898,1,scan
1786641902.809816,1,camera
1786641902.821815,2,camera
1786641902.828251,3,scan
1786641902.903401,1,scan
1786641902.908340,1,camera
1786641902.908951,2,scan
1786641902.924070,2,camera
1786641902.930642,3,scan
1786641902.945018,3,camera
1786641903.003028,1,scan
1786641903.005300,2,scan
1786641903.026263,2,camera
1786641903.105583,2,scan
1786641903.106390,1,scan
1786641903.116687,1,camera
1786641903.131122,2,camera
1786641903.197636,1,camera
1786641903.203218,1,scan
1786641903.207068,2,scan
1786641903.217161,2,camera
1786641903.233046,3,scan
1786641903.244172,3,camera
1786641903.254451,3,camera
1786641903.303365,2,scan
1786641903.307395,1,scan
1786641903.310016,1,camera
1786641903.315556,2,camera
1786641903.330359,3,scan
1786641903.353634,3,camera
1786641903.404803,1,scan
1786641903.406250,2,scan
1786641903.410895,1,camera
1786641903.422678,2,camera
1786641903.427986,3,scan
1786641903.444278,3,camera
1786641903.503865,1,scan
1786641903.504889,2,scan
1786641903.508439,1,camera
1786641903.524387,2,camera
1786641903.530324,3,scan
1786641903.549935,3,camera
1786641903.603024,1,scan
1786641903.604061,2,scan
1786641903.609044,1,camera
1786641903.630061,3,scan
1786641903.646262,3,camera
1786641903.703312,1,scan
1786641903.704367,1,camera
1786641903.705646,2,scan
1786641903.728519,3,scan
1786641903.751215,3,camera
1786641903.804011,2,scan
1786641903.807471,1,scan
1786641903.829224,3,scan
1786641903.903578,1,scan
1786641903.904155,2,scan
1786641903.910916,1,camera
1786641903.927429,2,camera
1786641903.929809,3,scan
1786641903.936527,2,camera
1786641903.939900,2,camera
1786641903.948660,2,camera
1786641904.003208,2,scan
1786641904.005505,1,scan
1786641904.008113,1,camera
1786641904.027337,2,camera
1786641904.029178,3,scan
1786641904.060362,3,camera
1786641904.062239,3,camera
1786641904.106654,2,scan
1786641904.111036,1,scan
1786641904.122015,1,camera
1786641904.128714,3,scan
1786641904.203789,1,scan
1786641904.204103,2,scan
1786641904.220912,2,camera
1786641904.227540,3,scan
1786641904.303537,2,scan
1786641904.307388,1,camera
1786641904.314476,1,scan
1786641904.326820,3,scan
1786641904.328103,2,camera
1786641904.357730,3,camera
1786641904.361288,3,camera
1786641904.364532,3,camera
1786641904.403868,2,scan
1786641904.406310,1,scan
1786641904.411171,1,camera
1786641904.422969,2,camera
1786641904.426914,3,scan
1786641904.458009,3,camera
1786641904.500852,1,camera
1786641904.501454,2,scan
1786641904.502792,1,scan
1786641904.521131,2,camera
1786641904.526915,3,scan
1786641904.603853,1,scan
1786641904.604560,1,camera
1786641904.604718,2,scan
1786641904.627142,2,camera
1786641904.628389,3,scan
1786641904.647023,3,camera
1786641904.705929,2,scan
1786641904.707974,1,camera
1786641904.709546,1,scan
1786641904.729149,3,scan
1786641904.730128,2,camera
1786641904.751874,3,camera
1786641904.803123,1,scan
1786641904.804688,2,scan
1786641904.809270,1,camera
1786641904.827471,2,camera
1786641904.832996,3,scan
1786641904.849519,3,camera
1786641904.904246,2,scan
1786641904.905005,1,scan
1786641904.905540,1,camera
1786641904.924438,2,camera
1786641904.926973,3,scan
1786641904.947073,3,camera
1786641905.005378,2,scan
1786641905.009078,1,scan
1786641905.011520,1,camera
1786641905.021050,2,camera
1786641905.030522,3,scan
1786641905.060415,3,camera
1786641905.103504,2,scan
1786641905.107808,1,scan
1786641905.113467,1,camera
1786641905.124071,2,camera
1786641905.128039,3,scan
1786641905.150137,3,camera
1786641905.202783,1,scan
1786641905.203925,1,camera
1786641905.204521,2,scan
1786641905.218545,2,camera
1786641905.228842,3,scan
1786641905.243653,3,camera
1786641905.303372,2,scan
1786641905.304320,1,scan
1786641905.307675,1,camera
1786641905.329935,2,camera
1786641905.333465,3,scan
1786641905.348019,3,camera
1786641905.403200,2,scan
1786641905.403908,1,scan
1786641905.405330,1,camera
1786641905.430135,3,scan
1786641905.437682,2,camera
1786641905.452036,3,camera
1786641905.505727,2,scan
1786641905.507452,1,camera
1786641905.516268,1,scan
1786641905.519116,2,camera
1786641905.529591,3,scan
1786641905.540920,3,camera
1786641905.593899,1,camera
1786641905.602493,2,scan
1786641905.603482,1,scan
1786641905.628447,3,scan
1786641905.639255,2,camera
1786641905.654238,3,camera
1786641905.704528,2,scan
1786641905.705842,1,scan
1786641905.727485,3,scan
1786641905.750106,3,camera
1786641905.803151,2,scan
1786641905.803842,1,scan
1786641905.810580,1,camera
1786641905.828938,3,scan
1786641905.834614,2,camera
1786641905.842301,2,camera
1786641905.845965,3,camera
1786641905.904140,2,scan
1786641905.905857,1,scan
1786641905.925108,2,camera
1786641905.928791,3,scan
1786641905.949589,3,camera
1786641906.003911,1,scan
1786641906.004603,2,scan
1786641906.009803,1,camera
1786641906.027186,3,scan
1786641906.032427,2,camera
1786641906.062373,3,camera
1786641906.104428,1,scan
1786641906.105317,2,scan
1786641906.117349,1,camera
1786641906.141586,3,camera
1786641906.197321,1,camera
1786641906.203118,1,scan
1786641906.204900,2,scan
1786641906.223273,2,camera
1786641906.251773,3,camera
1786641906.307897,2,scan
1786641906.308564,1,scan
1786641906.310417,1,camera
1786641906.320482,2,camera
1786641906.329855,3,scan
1786641906.404012,1,scan
1786641906.406021,2,scan
1786641906.410946,1,camera
1786641906.429040,3,scan
1786641906.504464,2,scan
1786641906.507069,1,camera
1786641906.510055,1,scan
1786641906.530202,3,scan
1786641906.566870,3,camera
1786641906.568821,3,camera
1786641906.603159,2,scan
1786641906.603842,1,camera
1786641906.606514,1,scan
1786641906.628441,3,scan
1786641906.634337,2,camera
1786641906.643235,3,camera
1786641906.649949,2,camera
1786641906.703479,1,scan
1786641906.706413,2,scan
1786641906.707318,1,camera
1786641906.726624,2,camera
1786641906.736762,3,scan
1786641906.749485,3,camera
1786641906.805472,1,scan
1786641906.806209,2,scan
1786641906.827616,3,scan
1786641906.833907,2,camera
1786641906.849910,3,camera
1786641906.905002,1,scan
1786641906.905549,2,scan
1786641906.906492,1,camera
1786641906.927668,2,camera
1786641906.928485,3,scan
1786641907.003885,1,scan
1786641907.004555,1,camera
1786641907.007059,2,scan
1786641907.030255,3,scan
1786641907.031255,2,camera
1786641907.105494,1,scan
1786641907.106095,2,scan
1786641907.119040,1,camera
1786641907.130213,3,scan
1786641907.135290,2,camera
1786641907.145643,3,camera
1786641907.147115,3,camera
1786641907.204154,2,scan
1786641907.204655,1,scan
1786641907.219357,2,camera
1786641907.228118,3,scan
1786641907.248374,3,camera
1786641907.303471,1,scan
1786641907.304223,1,camera
1786641907.304389,2,scan
1786641907.322038,2,camera
1786641907.327935,3,scan
1786641907.350236,3,camera
1786641907.402462,1,scan
1786641907.403780,2,scan
1786641907.407447,1,camera
1786641907.429092,3,scan
1786641907.429793,2,camera
1786641907.457183,3,camera
1786641907.504195,2,scan
1786641907.509758,1,scan
1786641907.513127,1,camera
1786641907.528532,3,scan
1786641907.530266,2,camera
1786641907.549515,3,camera
1786641907.602811,1,scan
1786641907.605577,2,scan
1786641907.613003,1,camera
1786641907.629871,2,camera
1786641907.630905,3,scan
1786641907.704043,1,scan
1786641907.706063,2,scan
1786641907.708778,1,camera
1786641907.727087,3,scan
1786641907.750122,3,camera
1786641907.801203,1,camera
1786641907.804637,2,scan
1786641907.805178,1,scan
1786641907.827282,3,scan
1786641907.834034,2,camera
1786641907.846269,3,camera
1786641907.901801,1,scan
1786641907.902741,1,camera
1786641907.908218,2,scan
1786641907.923326,2,camera
1786641907.927240,3,scan
1786641907.951364,3,camera
1786641908.004571,2,scan
1786641908.006296,1,scan
1786641908.010308,1,camera
1786641908.030242,3,scan
1786641908.031045,2,camera
1786641908.104366,2,scan
1786641908.105256,1,scan
1786641908.119854,1,camera
1786641908.130992,3,scan
1786641908.199085,1,camera
1786641908.204402,1,scan
1786641908.205755,2,scan
1786641908.229489,3,scan
1786641908.305141,1,scan
1786641908.306277,2,scan
1786641908.309959,1,camera
1786641908.327031,3,scan
1786641908.327641,2,camera
1786641908.403468,2,scan
1786641908.404186,1,camera
1786641908.410317,1,scan
1786641908.422461,2,camera
1786641908.432467,3,scan
1786641908.503461,1,camera
1786641908.505634,2,scan
1786641908.510387,1,scan
1786641908.528446,2,camera
1786641908.528951,3,scan
1786641908.606202,1,scan
1786641908.606910,1,camera
1786641908.609976,2,scan
1786641908.628033,2,camera
1786641908.629635,3,scan
1786641908.644687,3,camera
1786641908.650191,3,camera
1786641908.654942,3,camera
1786641908.657508,3,camera
1786641908.661832,3,camera
1786641908.705311,1,camera
1786641908.706344,1,scan
1786641908.706868,2,scan
1786641908.728015,3,scan
1786641908.729256,2,camera
1786641908.750522,3,camera
1786641908.802941,1,scan
1786641908.807945,2,scan
1786641908.811228,1,camera
1786641908.824143,2,camera
1786641908.836003,3,scan
1786641908.847645,3,camera
1786641908.904629,2,scan
1786641908.905187,1,scan
1786641908.910024,1,camera
1786641908.933172,3,scan
1786641908.946099,3,camera
1786641909.005244,1,scan
1786641909.006020,2,scan
1786641909.006624,1,camera
1786641909.030437,3,scan
1786641909.035672,2,camera
1786641909.053337,3,camera
1786641909.108920,1,scan
1786641909.109630,1,camera
1786641909.109807,2,scan
1786641909.128992,3,scan
1786641909.132279,2,camera
1786641909.150335,3,camera
1786641909.196971,1,camera
1786641909.208011,2,scan
1786641909.209648,1,scan
1786641909.227023,2,camera
1786641909.227980,3,scan
1786641909.238861,3,camera
1786641909.303362,2,scan
1786641909.304072,1,camera
1786641909.311297,1,scan
1786641909.327229,2,camera
1786641909.327453,3,scan
1786641909.408317,2,scan
1786641909.422483,2,camera
1786641909.428963,3,scan
1786641909.432987,1,camera
1786641909.436226,1,scan
1786641909.436905,3,camera
1786641909.503473,2,scan
1786641909.513840,1,scan
1786641909.522465,2,camera
1786641909.527223,3,scan
1786641909.553174,3,camera
1786641909.603189,2,scan
1786641909.614645,1,scan
1786641909.625841,1,camera
1786641909.628133,2,camera
1786641909.629197,3,scan
1786641909.654803,3,camera
1786641909.703301,2,scan
1786641909.713510,1,scan
1786641909.728456,3,scan
1786641909.728790,1,camera
1786641909.730626,2,camera
1786641909.742944,3,camera
1786641909.811431,1,scan
1786641909.816329,2,scan
1786641909.829236,3,scan
1786641909.830223,1,camera
1786641909.830949,2,camera
1786641909.843813,3,camera
1786641909.909479,2,scan
1786641909.911791,1,scan
1786641909.922772,1,camera
1786641909.927613,3,scan
1786641909.937892,2,camera
1786641909.938285,3,camera
1786641910.009434,1,scan
1786641910.010357,1,camera
1786641910.012912,2,scan
1786641910.028799,3,scan
1786641910.034283,2,camera
1786641910.051236,3,camera
1786641910.110846,1,scan
1786641910.123539,2,scan
1786641910.130672,2,camera
1786641910.136318,3,scan
1786641910.139042,1,camera
1786641910.165930,3,camera
1786641910.223166,1,camera
1786641910.224303,1,scan
1786641910.236574,2,scan
1786641910.244750,2,camera
1786641910.309550,2,scan
1786641910.315098,1,scan
1786641910.320536,1,camera
1786641910.349209,2,camera
1786641910.356842,3,camera
1786641910.412829,2,scan
1786641910.417468,1,scan
1786641910.423829,1,camera
1786641910.434217,3,scan
1786641910.456912,2,camera
1786641910.515772,1,scan
1786641910.516452,2,scan
1786641910.539625,3,scan
1786641910.619259,1,scan
1786641910.628764,1,camera
1786641910.636361,3,scan
1786641910.636961,2,scan
1786641910.660071,3,camera
1786641910.709335,1,scan
1786641910.717102,2,scan
1786641910.731326,1,camera
1786641910.740105,3,scan
1786641910.744962,2,camera
1786641910.764765,3,camera
1786641910.809578,2,scan
1786641910.812759,1,scan
1786641910.828849,1,camera
1786641910.838423,2,camera
1786641910.844544,3,scan
1786641910.869401,3,camera
1786641910.910759,1,scan
1786641910.917271,2,scan
1786641910.919197,1,camera
1786641910.939207,2,camera
1786641910.940743,3,scan
1786641910.973548,3,camera
1786641911.012021,2,scan
1786641911.031193,2,camera
1786641911.036941,1,scan
1786641911.037561,3,scan
1786641911.112933,1,scan
1786641911.115521,2,scan
1786641911.140610,1,camera
1786641911.140883,3,scan
1786641911.148849,2,camera
1786641911.212595,2,scan
1786641911.213024,1,scan
1786641911.223883,1,camera
1786641911.240901,3,scan
1786641911.266205,3,camera
1786641911.310969,2,scan
1786641911.311682,1,scan
1786641911.325142,1,camera
1786641911.335895,3,scan
1786641911.347251,2,camera
1786641911.368205,3,camera
1786641911.408535,2,scan
1786641911.409189,1,scan
1786641911.415182,1,camera
1786641911.435971,3,scan
1786641911.465872,3,camera
1786641911.511221,1,scan
1786641911.518950,2,scan
1786641911.533798,1,camera
1786641911.536619,3,scan
1786641911.548419,2,camera
1786641911.573067,3,camera
1786641911.611837,2,scan
1786641911.613163,1,scan
1786641911.636968,3,scan
1786641911.638109,2,camera
1786641911.670720,3,camera
1786641911.713375,2,scan
1786641911.729837,1,scan
1786641911.740529,2,camera
1786641911.741954,3,scan
1786641911.760676,3,camera
1786641911.816636,2,scan
1786641911.817350,1,camera
1786641911.817502,1,scan
1786641911.843675,2,camera
1786641911.852704,3,scan
1786641911.859708,3,camera
1786641911.912438,1,scan
1786641911.913974,2,scan
1786641911.928828,1,camera
1786641911.936157,3,scan
1786641912.011517,2,scan
1786641912.017188,1,camera
1786641912.018282,1,scan
1786641912.037277,3,scan
1786641912.055090,2,camera
1786641912.085439,3,camera
1786641912.112015,1,scan
1786641912.125671,1,camera
1786641912.126502,2,scan
1786641912.135746,3,scan
1786641912.154972,2,camera
1786641912.214917,1,scan
1786641912.215533,2,scan
1786641912.242055,2,camera
1786641912.244218,3,scan
1786641912.277082,3,camera
1786641912.286912,3,camera
1786641912.312556,2,scan
1786641912.313460,1,scan
1786641912.338351,1,camera
1786641912.346337,3,scan
1786641912.350614,2,camera
1786641912.367212,3,camera
1786641912.411847,2,scan
1786641912.416764,1,scan
1786641912.432073,1,camera
1786641912.436483,3,scan
1786641912.470621,3,camera
1786641912.512087,2,scan
1786641912.521209,1,scan
1786641912.540249,3,scan
1786641912.551608,2,camera
1786641912.562393,3,camera
1786641912.614874,1,scan
1786641912.617284,2,scan
1786641912.632496,1,camera
1786641912.635340,3,scan
1786641912.642542,2,camera
1786641912.712689,1,scan
1786641912.713598,2,scan
1786641912.731881,1,camera
1786641912.736156,3,scan
1786641912.751141,2,camera
1786641912.812727,2,scan
1786641912.813509,1,scan
1786641912.839137,2,camera
1786641912.840719,3,scan
1786641912.872063,3,camera
1786641912.913618,2,scan
1786641912.914338,1,scan
1786641912.928551,1,camera
1786641912.936749,2,camera
1786641912.939470,3,scan
1786641912.971190,3,camera
1786641913.012277,2,scan
1786641913.012964,1,scan
1786641913.031291,1,camera
1786641913.036357,3,scan
1786641913.051537,2,camera
1786641913.077991,3,camera
1786641913.114030,2,scan
1786641913.114767,1,scan
1786641913.139222,3,scan
1786641913.140977,2,camera
1786641913.160245,3,camera
1786641913.210220,1,scan
1786641913.211145,1,camera
1786641913.211757,2,scan
1786641913.238235,3,scan
1786641913.241223,2,camera
1786641913.259162,3,camera
1786641913.315590,1,scan
1786641913.320179,2,scan
1786641913.333445,1,camera
1786641913.335146,3,scan
1786641913.336993,2,camera
1786641913.367136,3,camera
1786641913.410325,1,scan
1786641913.411440,2,scan
1786641913.429496,1,camera
1786641913.432626,2,camera
1786641913.439211,3,scan
1786641913.514048,1,scan
1786641913.520162,2,scan
1786641913.531365,1,camera
1786641913.535061,3,scan
1786641913.541468,2,camera
1786641913.571896,3,camera
1786641913.608504,1,scan
1786641913.611559,2,scan
1786641913.636290,2,camera
1786641913.636945,3,scan
1786641913.678356,3,camera
1786641913.712494,2,scan
1786641913.713999,1,scan
1786641913.735071,3,scan
1786641913.758318,3,camera
1786641913.812627,1,scan
1786641913.817554,2,scan
1786641913.842421,2,camera
1786641913.843584,3,scan
1786641913.859060,3,camera
1786641913.913541,1,scan
1786641913.918907,2,scan
1786641913.923611,1,camera
1786641913.938168,3,scan
1786641913.940228,2,camera
1786641914.014910,1,scan
1786641914.015587,2,scan
1786641914.025479,1,camera
1786641914.036409,3,scan
1786641914.040206,2,camera
1786641914.079092,3,camera
1786641914.112844,1,scan
1786641914.114892,2,scan
1786641914.129079,1,camera
1786641914.145142,3,scan
1786641914.150663,2,camera
1786641914.216205,2,scan
1786641914.216892,1,scan
1786641914.223756,1,camera
1786641914.240347,3,scan
1786641914.241850,2,camera
1786641914.275339,3,camera
1786641914.311325,1,camera
1786641914.311941,2,scan
1786641914.315229,1,scan
1786641914.342270,3,scan
1786641914.365662,3,camera
1786641914.410196,1,scan
1786641914.415893,2,scan
1786641914.422982,1,camera
1786641914.438253,3,scan
1786641914.441420,2,camera
1786641914.511425,2,scan
1786641914.513554,1,scan
1786641914.529918,1,camera
1786641914.535943,3,scan
1786641914.537934,2,camera
1786641914.569341,3,camera
1786641914.610376,2,scan
1786641914.611428,1,scan
1786641914.621861,1,camera
1786641914.643598,3,scan
1786641914.711196,1,scan
1786641914.715024,2,scan
1786641914.736478,3,scan
1786641914.738590,2,camera
1786641914.774574,3,camera
1786641914.809063,2,scan
1786641914.812656,1,scan
1786641914.822073,1,camera
1786641914.832503,3,scan
1786641914.848991,2,camera
1786641914.865973,3,camera
1786641914.913588,2,scan
1786641914.921529,1,scan
1786641914.942158,3,scan
1786641914.975423,3,camera
1786641915.009384,2,scan
1786641915.014145,1,scan
1786641915.026009,1,camera
1786641915.037855,3,scan
1786641915.046321,2,camera
1786641915.086340,3,camera
1786641915.115252,1,scan
1786641915.131092,2,scan
1786641915.136289,3,scan
1786641915.142779,1,camera
1786641915.165008,2,camera
1786641915.172034,3,camera
1786641915.210352,1,camera
1786641915.212825,1,scan
1786641915.216914,2,scan
1786641915.241155,3,scan
1786641915.241816,2,camera
1786641915.310042,2,scan
1786641915.310373,1,scan
1786641915.320797,1,camera
1786641915.337669,3,scan
1786641915.339147,2,camera
1786641915.366466,3,camera
1786641915.410427,2,scan
1786641915.414207,1,scan
1786641915.418043,1,camera
1786641915.434397,3,scan
1786641915.449038,2,camera
1786641915.461239,3,camera
1786641915.513955,1,scan
1786641915.514610,2,scan
1786641915.526315,1,camera
1786641915.537962,3,scan
1786641915.545852,2,camera
1786641915.610755,1,scan
1786641915.615906,2,scan
1786641915.632743,1,camera
1786641915.633724,2,camera
1786641915.638652,3,scan
1786641915.659644,3,camera
1786641915.711495,1,scan
1786641915.715644,2,scan
1786641915.722463,1,camera
1786641915.748772,2,camera
1786641915.761640,3,scan
1786641915.767718,3,camera
1786641915.813103,2,scan
1786641915.819744,1,camera
1786641915.825765,1,scan
1786641915.841310,3,scan
1786641915.872154,3,camera
1786641915.910406,2,scan
1786641915.911837,1,scan
1786641915.940639,3,scan
1786641915.947308,2,camera
1786641915.959933,3,camera
1786641916.013553,1,scan
1786641916.019801,2,scan
1786641916.020473,1,camera
1786641916.035682,3,scan
1786641916.051511,2,camera
1786641916.075394,3,camera
1786641916.118155,2,scan
1786641916.119353,1,scan
1786641916.138235,3,scan
1786641916.138748,2,camera
1786641916.141594,1,camera
1786641916.207961,1,camera
1786641916.211196,2,scan
1786641916.215092,1,scan
1786641916.236706,3,scan
1786641916.251818,2,camera
1786641916.273193,3,camera
1786641916.313846,1,camera
1786641916.314504,1,scan
1786641916.314640,2,scan
1786641916.340153,3,scan
1786641916.359170,2,camera
1786641916.361984,3,camera
1786641916.413139,2,scan
1786641916.415875,1,scan
1786641916.418337,1,camera
1786641916.445046,3,scan
1786641916.469375,3,camera
1786641916.513247,1,scan
1786641916.514149,2,scan
1786641916.537997,3,scan
1786641916.557540,3,camera
1786641916.611948,1,scan
1786641916.623143,2,scan
1786641916.627443,1,camera
1786641916.639442,3,scan
1786641916.641978,2,camera
1786641916.662214,3,camera
1786641916.710872,1,scan
1786641916.720067,2,scan
1786641916.731359,1,camera
1786641916.754054,3,scan
1786641916.772952,2,camera
1786641916.776987,2,camera
1786641916.811789,1,scan
1786641916.813933,1,camera
1786641916.817832,2,scan
1786641916.837813,3,scan
1786641916.850097,2,camera
1786641916.864124,3,camera
1786641916.915638,2,scan
1786641916.917506,1,scan
1786641916.935679,3,scan
1786641916.940230,2,camera
1786641916.976520,3,camera
1786641916.980261,3,camera
1786641917.009777,1,scan
1786641917.012492,2,scan
1786641917.031125,1,camera
1786641917.040391,3,scan
1786641917.114935,1,scan
1786641917.115586,2,scan
1786641917.131796,1,camera
1786641917.137812,3,scan
1786641917.214231,2,scan
1786641917.214805,1,scan
1786641917.225977,1,camera
1786641917.235931,3,scan
1786641917.313784,2,scan
1786641917.327059,1,scan
1786641917.331784,1,camera
1786641917.335042,3,scan
1786641917.343502,2,camera
1786641917.356037,3,camera
1786641917.412153,1,scan
1786641917.413738,2,scan
1786641917.431715,1,camera
1786641917.432903,3,scan
1786641917.449689,2,camera
1786641917.513177,2,scan
1786641917.515452,1,scan
1786641917.530514,1,camera
1786641917.534963,3,scan
1786641917.551451,2,camera
1786641917.610920,1,scan
1786641917.611644,2,scan
1786641917.618541,1,camera
1786641917.640207,3,scan
1786641917.649566,2,camera
1786641917.711679,2,scan
1786641917.715065,1,camera
1786641917.720978,1,scan
1786641917.734645,3,scan
1786641917.745838,2,camera
1786641917.769682,3,camera
1786641917.778702,3,camera
1786641917.785111,3,camera
1786641917.809631,1,scan
1786641917.813257,1,camera
1786641917.813959,2,scan
1786641917.838194,3,scan
1786641917.841714,2,camera
1786641917.914330,1,scan
1786641917.920069,1,camera
1786641917.926868,2,scan
1786641917.935894,3,scan
1786641917.949506,2,camera
1786641918.016621,1,scan
1786641918.021142,2,scan
1786641918.034349,1,camera
1786641918.039803,3,scan
1786641918.071154,3,camera
1786641918.113926,1,scan
1786641918.130741,2,scan
1786641918.137269,1,camera
1786641918.138563,2,camera
1786641918.143113,3,scan
1786641918.153523,3,camera
1786641918.214327,2,scan
1786641918.215456,1,scan
1786641918.230682,1,camera
1786641918.240499,3,scan
1786641918.248915,2,camera
1786641918.263585,3,camera
1786641918.311494,2,scan
1786641918.315106,1,scan
1786641918.323384,1,camera
1786641918.331830,2,camera
1786641918.336257,3,scan
1786641918.358722,3,camera
1786641918.417876,2,scan
1786641918.418547,1,scan
1786641918.436015,3,scan
1786641918.437191,1,camera
1786641918.440054,2,camera
1786641918.471393,3,camera
1786641918.511815,1,scan
1786641918.513050,2,scan
1786641918.531296,1,camera
1786641918.538153,2,camera
1786641918.539981,3,scan
1786641918.572921,3,camera
1786641918.615026,2,scan
1786641918.618557,1,scan
1786641918.632559,1,camera
1786641918.644245,3,scan
1786641918.663565,3,camera
1786641918.711338,2,scan
1786641918.712688,1,scan
1786641918.720783,1,camera
1786641918.734825,3,scan
1786641918.772876,3,camera
1786641918.817506,2,scan
1786641918.818584,1,camera
1786641918.829664,1,scan
1786641918.837559,3,scan
1786641918.838243,2,camera
1786641918.858456,3,camera
1786641918.913024,2,scan
1786641918.919664,1,scan
1786641918.923361,1,camera
1786641918.934832,2,camera
1786641918.936187,3,scan
1786641918.976508,3,camera
1786641919.014419,1,scan
1786641919.017661,1,camera
1786641919.020663,2,scan
1786641919.041730,3,scan
1786641919.072509,3,camera
1786641919.110018,1,scan
1786641919.117308,2,scan
1786641919.138241,3,scan
1786641919.145168,1,camera
1786641919.151396,2,camera
1786641919.211201,2,scan
1786641919.213516,1,scan
1786641919.227852,1,camera
1786641919.238152,2,camera
1786641919.254241,3,scan
1786641919.263752,3,camera
1786641919.267580,3,camera
1786641919.310957,2,scan
1786641919.312047,1,scan
1786641919.338371,3,scan
1786641919.339979,2,camera
1786641919.375569,3,camera
1786641919.411158,1,scan
1786641919.415636,2,scan
1786641919.426672,1,camera
1786641919.434536,3,scan
1786641919.439534,2,camera
1786641919.469535,3,camera
1786641919.515153,2,scan
1786641919.516796,1,scan
1786641919.524856,1,camera
1786641919.534352,3,scan
1786641919.571903,3,camera
1786641919.612428,2,scan
1786641919.613474,1,scan
1786641919.615910,1,camera
1786641919.638307,3,scan
1786641919.639296,2,camera
1786641919.664786,3,camera
1786641919.710925,1,scan
1786641919.711596,2,scan
1786641919.741686,3,scan
1786641919.754595,2,camera
1786641919.756958,3,camera
1786641919.812600,2,scan
1786641919.816520,1,scan
1786641919.829946,1,camera
1786641919.831067,1,camera
1786641919.831885,2,camera
1786641919.843516,3,scan
1786641919.867339,3,camera
1786641919.912268,1,scan
1786641919.912956,2,scan
1786641919.921311,1,camera
1786641919.940294,3,scan
1786641920.012462,1,scan
1786641920.019256,2,scan
1786641920.023458,1,camera
1786641920.035361,3,scan
1786641920.041667,2,camera
1786641920.074352,3,camera
1786641920.112002,2,scan
1786641920.112619,1,scan
1786641920.131582,1,camera
1786641920.137051,3,scan
1786641920.157469,3,camera
1786641920.211118,2,scan
1786641920.222652,1,scan
1786641920.233340,1,camera
1786641920.237424,3,scan
1786641920.277725,3,camera
1786641920.311265,2,scan
1786641920.323844,1,scan
1786641920.335736,1,camera
1786641920.339281,3,scan
1786641920.366100,3,camera
1786641920.411540,1,scan
1786641920.412654,2,scan
1786641920.419975,1,camera
1786641920.442232,3,scan
1786641920.457409,3,camera
1786641920.460179,2,camera
1786641920.467548,2,camera
1786641920.473620,2,camera
1786641920.514588,1,camera
1786641920.515280,1,scan
1786641920.518868,2,scan
1786641920.539677,3,scan
1786641920.543669,2,camera
1786641920.574280,3,camera
1786641920.609915,1,scan
1786641920.611305,2,scan
1786641920.623828,1,camera
1786641920.638853,3,scan
1786641920.668723,3,camera
1786641920.713654,1,scan
1786641920.714319,2,scan
1786641920.737061,3,scan
1786641920.774371,3,camera
1786641920.809627,1,scan
1786641920.812075,2,scan
1786641920.828945,1,camera
1786641920.833350,3,scan
1786641920.838716,2,camera
1786641920.868117,3,camera
1786641920.911664,2,scan
1786641920.913485,1,scan
1786641920.925950,1,camera
1786641920.936647,3,scan
1786641920.939901,2,camera
1786641921.013830,2,scan
1786641921.022357,1,scan
1786641921.031519,1,camera
1786641921.041125,3,scan
1786641921.042976,2,camera
1786641921.084155,3,camera
1786641921.116278,1,scan
1786641921.117825,2,scan
1786641921.142142,3,scan
1786641921.160215,3,camera
1786641921.211229,1,scan
1786641921.222321,1,camera
1786641921.223042,2,scan
1786641921.237850,3,scan
1786641921.263035,3,camera
1786641921.312821,1,scan
1786641921.316914,2,scan
1786641921.322323,1,camera
1786641921.338066,3,scan
1786641921.341798,2,camera
1786641921.360529,3,camera
1786641921.413291,2,scan
1786641921.414085,1,scan
1786641921.427662,1,camera
1786641921.434248,2,camera
1786641921.461133,3,scan
1786641921.469380,3,camera
1786641921.508624,2,scan
1786641921.515935,1,scan
1786641921.533328,1,camera
1786641921.538295,3,scan
1786641921.553490,2,camera
1786641921.566687,3,camera
1786641921.615243,2,scan
1786641921.621362,1,scan
1786641921.632012,1,camera
1786641921.643282,2,camera
1786641921.649262,3,scan
1786641921.659521,3,camera
1786641921.712213,2,scan
1786641921.714362,1,scan
1786641921.724937,1,camera
1786641921.738239,3,scan
1786641921.745522,2,camera
1786641921.808098,1,scan
1786641921.810629,2,scan
1786641921.836447,3,scan
1786641921.837126,2,camera
1786641921.867986,3,camera
1786641921.912027,2,scan
1786641921.913325,1,scan
1786641921.932262,1,camera
1786641921.936351,2,camera
1786641921.938075,3,scan
1786641921.967867,3,camera
1786641922.009968,1,scan
1786641922.025913,2,scan
1786641922.030404,1,camera
1786641922.044635,2,camera
1786641922.046407,3,scan
1786641922.112807,1,scan
1786641922.115443,2,scan
1786641922.134469,1,camera
1786641922.138781,3,scan
1786641922.148437,2,camera
1786641922.211142,1,scan
1786641922.215902,2,scan
1786641922.220400,1,camera
1786641922.239836,3,scan
1786641922.275187,3,camera
1786641922.284096,3,camera
1786641922.295891,3,camera
1786641922.313298,2,scan
1786641922.319635,1,camera
1786641922.323912,1,scan
1786641922.334858,2,camera
1786641922.338570,3,scan
1786641922.374890,3,camera
1786641922.413537,1,scan
1786641922.414202,2,scan
1786641922.436064,3,scan
1786641922.439049,2,camera
1786641922.458053,3,camera
1786641922.515935,1,scan
1786641922.516935,2,scan
1786641922.531253,2,camera
1786641922.543185,3,scan
1786641922.610398,1,scan
1786641922.614473,2,scan
1786641922.637352,3,scan
1786641922.642951,1,camera
1786641922.649005,2,camera
1786641922.668219,3,camera
1786641922.671473,3,camera
1786641922.712180,1,scan
1786641922.714364,2,scan
1786641922.733407,1,camera
1786641922.737843,3,scan
1786641922.766755,3,camera
1786641922.812314,2,scan
1786641922.814222,1,scan
1786641922.822238,1,camera
1786641922.840249,3,scan
1786641922.842053,2,camera
1786641922.868726,3,camera
1786641922.910391,1,scan
1786641922.913579,2,scan
1786641922.919336,1,camera
1786641922.938397,3,scan
1786641922.952350,2,camera
1786641922.967320,3,camera
1786641923.010566,1,scan
1786641923.015191,2,scan
1786641923.023164,1,camera
1786641923.041645,3,scan
1786641923.051088,2,camera
1786641923.082887,3,camera
1786641923.115880,2,scan
1786641923.116509,1,scan
1786641923.143919,3,scan
1786641923.152225,2,camera
1786641923.168669,3,camera
1786641923.211419,2,scan
1786641923.212988,1,scan
1786641923.230491,1,camera
1786641923.234970,3,scan
1786641923.237748,1,camera
1786641923.244620,2,camera
1786641923.310525,2,scan
1786641923.321825,1,scan
1786641923.324883,1,camera
1786641923.338028,3,scan
1786641923.338616,2,camera
1786641923.373341,3,camera
1786641923.411415,1,scan
1786641923.432376,1,camera
1786641923.436343,3,scan
1786641923.452448,2,camera
1786641923.512136,1,scan
1786641923.533991,3,scan
1786641923.609895,1,scan
1786641923.624221,2,scan
1786641923.630445,1,camera
1786641923.636332,1,camera
1786641923.641570,3,scan
1786641923.671856,3,camera
1786641923.673908,3,camera
1786641923.692295,3,camera
1786641923.712572,1,scan
1786641923.716030,2,scan
1786641923.735560,2,camera
1786641923.738605,3,scan
1786641923.742077,1,camera
1786641923.766758,3,camera
1786641923.812923,1,scan
1786641923.837334,2,scan
1786641923.839458,1,camera
1786641923.843589,2,camera
1786641923.846929,3,scan
1786641923.857129,3,camera
1786641923.911361,1,scan
1786641923.912088,2,scan
1786641923.937366,1,camera
1786641923.940449,3,scan
1786641923.950758,2,camera
1786641924.008922,1,scan
1786641924.013163,2,scan
1786641924.022416,1,camera
1786641924.041390,3,scan
1786641924.045097,2,camera
1786641924.085236,3,camera
1786641924.114392,1,scan
1786641924.118735,2,scan
1786641924.137386,3,scan
1786641924.138922,1,camera
1786641924.148648,2,camera
1786641924.165932,3,camera
1786641924.209543,2,scan
1786641924.212278,1,scan
1786641924.215146,1,camera
1786641924.242857,2,camera
1786641924.245936,3,scan
1786641924.252607,3,camera
1786641924.312205,1,scan
1786641924.319556,2,scan
1786641924.322031,1,camera
1786641924.338526,3,scan
1786641924.350733,2,camera
1786641924.365931,3,camera
1786641924.410157,2,scan
1786641924.418214,1,scan
1786641924.431181,1,camera
1786641924.434151,3,scan
1786641924.438160,2,camera
1786641924.511208,2,scan
1786641924.514530,1,scan
1786641924.521484,1,camera
1786641924.538688,3,scan
1786641924.543530,2,camera
1786641924.554786,3,camera
1786641924.614572,2,scan
1786641924.615286,1,scan
1786641924.640145,3,scan
1786641924.657591,3,camera
1786641924.710972,1,scan
1786641924.713180,2,scan
1786641924.732057,1,camera
1786641924.734204,2,camera
1786641924.738289,3,scan
1786641924.775316,3,camera
1786641924.814443,2,scan
1786641924.820560,1,scan
1786641924.830930,1,camera
1786641924.839547,3,scan
1786641924.843411,2,camera
1786641924.871983,3,camera
1786641924.914939,2,scan
1786641924.916947,1,scan
1786641924.932184,1,camera
1786641924.934647,3,scan
1786641924.950803,2,camera
1786641924.961163,3,camera
1786641925.012108,2,scan
1786641925.012624,1,scan
1786641925.030210,1,camera
1786641925.037893,3,scan
1786641925.051576,2,camera
1786641925.080395,3,camera
1786641925.115958,1,scan
1786641925.125636,2,scan
1786641925.130202,1,camera
1786641925.143258,3,scan
1786641925.158629,2,camera
1786641925.164394,3,camera
1786641925.214387,2,scan
1786641925.216190,1,scan
1786641925.220401,1,camera
1786641925.236713,3,scan
1786641925.272809,2,camera
1786641925.273520,3,camera
1786641925.313577,1,scan
1786641925.320537,2,scan
1786641925.322491,1,camera
1786641925.338599,2,camera
1786641925.339624,3,scan
1786641925.372630,3,camera
1786641925.412775,1,scan
1786641925.434040,1,camera
1786641925.436584,2,scan
1786641925.438500,3,scan
1786641925.468513,3,camera
1786641925.513094,1,scan
1786641925.514091,2,scan
1786641925.517808,1,camera
1786641925.537038,3,scan
1786641925.560194,3,camera
1786641925.612413,2,scan
1786641925.615574,1,scan
1786641925.626664,1,camera
1786641925.638570,2,camera
1786641925.648485,3,scan
1786641925.660843,3,camera
1786641925.710502,1,scan
1786641925.711974,2,scan
1786641925.729252,1,camera
1786641925.737668,3,scan
1786641925.749798,2,camera
1786641925.772069,3,camera
1786641925.811766,2,scan
1786641925.814159,1,scan
1786641925.843299,3,scan
1786641925.870058,3,camera
1786641925.909393,1,scan
1786641925.911240,2,scan
1786641925.939509,3,scan
1786641925.957370,3,camera
1786641926.009022,1,scan
1786641926.011410,2,scan
1786641926.032084,1,camera
1786641926.036891,3,scan
1786641926.047260,2,camera
1786641926.112993,2,scan
1786641926.116333,1,scan
1786641926.125738,1,camera
1786641926.136687,2,camera
1786641926.138577,3,scan
1786641926.212825,1,scan
1786641926.216977,2,scan
1786641926.240147,3,scan
1786641926.249411,2,camera
1786641926.313650,2,scan
1786641926.313876,1,scan
1786641926.327318,1,camera
1786641926.340045,3,scan
1786641926.376600,3,camera
1786641926.381129,3,camera
1786641926.389310,3,camera
1786641926.399902,3,camera
1786641926.412332,1,scan
1786641926.415848,2,scan
1786641926.420233,1,camera
1786641926.440840,2,camera
1786641926.461960,3,scan
1786641926.475948,3,camera
1786641926.516210,2,scan
1786641926.516896,1,scan
1786641926.531285,1,camera
1786641926.537168,3,scan
1786641926.540597,2,camera
1786641926.570718,3,camera
1786641926.615634,1,scan
1786641926.616656,2,scan
1786641926.617870,1,camera
1786641926.637665,3,scan
1786641926.712651,1,scan
1786641926.713433,2,scan
1786641926.719228,1,camera
1786641926.736171,3,scan
1786641926.742252,2,camera
1786641926.769707,3,camera
1786641926.811934,1,scan
1786641926.812566,2,scan
1786641926.832067,1,camera
1786641926.838461,3,scan
1786641926.851027,2,camera
1786641926.909296,1,scan
1786641926.910921,2,scan
1786641926.942161,3,scan
1786641926.949920,2,camera
1786641926.961026,3,camera
1786641927.010757,2,scan
1786641927.015113,1,scan
1786641927.032491,1,camera
1786641927.048795,3,scan
1786641927.076778,3,camera
1786641927.111597,2,scan
1786641927.119399,1,scan
1786641927.124186,1,camera
1786641927.138264,3,scan
1786641927.140585,2,camera
1786641927.152718,3,camera
1786641927.210580,1,camera
1786641927.212346,1,scan
1786641927.224859,2,scan
1786641927.230707,2,camera
1786641927.241807,3,scan
1786641927.270742,3,camera
1786641927.312123,1,scan
1786641927.317765,2,scan
1786641927.330700,1,camera
1786641927.339370,3,scan
1786641927.362834,3,camera
1786641927.416399,2,scan
1786641927.417456,1,scan
1786641927.431999,1,camera
1786641927.440052,3,scan
1786641927.449275,3,camera
1786641927.510177,1,scan
1786641927.525215,2,scan
1786641927.539806,3,scan
1786641927.540193,2,camera
1786641927.612618,1,scan
1786641927.615203,2,scan
1786641927.626089,1,camera
1786641927.638013,3,scan
1786641927.640615,2,camera
1786641927.672645,3,camera
1786641927.711536,2,scan
1786641927.715321,1,scan
1786641927.718217,1,camera
1786641927.736343,3,scan
1786641927.743511,2,camera
1786641927.769055,3,camera
1786641927.814234,2,scan
1786641927.815650,1,scan
1786641927.820040,1,camera
1786641927.841748,2,camera
1786641927.842404,3,scan
1786641927.872478,3,camera
1786641927.913422,1,scan
1786641927.915491,2,scan
1786641927.933520,1,camera
1786641927.934683,3,scan
1786641927.937375,2,camera
1786641927.959808,3,camera
1786641928.010318,1,scan
1786641928.020579,1,camera
1786641928.037289,3,scan
1786641928.038036,2,scan
1786641928.074583,3,camera
1786641928.117425,1,scan
1786641928.120034,2,scan
1786641928.134564,1,camera
1786641928.137335,3,scan
1786641928.141285,2,camera
1786641928.167892,3,camera
1786641928.210678,2,scan
1786641928.221621,1,camera
1786641928.221965,1,scan
1786641928.233802,3,scan
1786641928.250960,2,camera
1786641928.314468,1,scan
1786641928.318331,2,scan
1786641928.323919,1,camera
1786641928.336862,3,scan
1786641928.350616,2,camera
1786641928.359877,3,camera
1786641928.412189,2,scan
1786641928.417508,1,camera
1786641928.424345,1,scan
1786641928.441370,3,scan
1786641928.511988,1,scan
1786641928.520188,2,scan
1786641928.539979,2,camera
1786641928.540983,3,scan
1786641928.573972,3,camera
1786641928.582169,3,camera
1786641928.615538,2,scan
1786641928.617343,1,scan
1786641928.622612,1,camera
1786641928.634929,3,scan
1786641928.641766,2,camera
1786641928.670315,3,camera
1786641928.712205,2,scan
1786641928.713353,1,scan
1786641928.736968,3,scan
1786641928.740640,2,camera
1786641928.774606,3,camera
1786641928.811769,1,scan
1786641928.819948,2,scan
1786641928.821026,1,camera
1786641928.837002,3,scan
1786641928.842363,2,camera
1786641928.912036,1,scan
1786641928.920137,2,scan
1786641928.921135,1,camera
1786641928.945980,3,scan
1786641928.951378,2,camera
1786641928.971392,3,camera
1786641929.015732,2,scan
1786641929.020736,1,scan
1786641929.028808,1,camera
1786641929.043547,3,scan
1786641929.051993,2,camera
1786641929.111502,2,scan
1786641929.114641,1,scan
1786641929.142571,3,scan
1786641929.158130,2,camera
1786641929.177527,3,camera
1786641929.209639,2,scan
1786641929.210759,1,scan
1786641929.221579,1,camera
1786641929.236862,3,scan
1786641929.239159,2,camera
1786641929.265414,3,camera
1786641929.314383,1,scan
1786641929.317456,2,scan
1786641929.321097,1,camera
1786641929.335648,3,scan
1786641929.349664,2,camera
1786641929.383050,3,camera
1786641929.415771,2,scan
1786641929.417547,1,scan
1786641929.424479,1,camera
1786641929.433928,3,scan
1786641929.447458,2,camera
1786641929.518257,2,scan
1786641929.520339,1,camera
1786641929.526978,1,scan
1786641929.543676,3,scan
1786641929.613179,1,scan
1786641929.613879,1,camera
1786641929.617539,2,scan
1786641929.635247,3,scan
1786641929.640591,2,camera
1786641929.673548,3,camera
1786641929.715016,1,scan
1786641929.719365,2,scan
1786641929.722788,1,camera
1786641929.740507,2,camera
1786641929.744325,3,scan
1786641929.770124,3,camera
1786641929.812634,2,scan
1786641929.813958,1,scan
1786641929.825185,1,camera
1786641929.836325,3,scan
1786641929.847476,2,camera
1786641929.861438,3,camera
1786641929.911121,2,scan
1786641929.917026,1,scan
1786641929.935437,3,scan
1786641930.014104,1,scan
1786641930.017829,2,scan
1786641930.026222,1,camera
1786641930.045402,3,scan
1786641930.050553,2,camera
1786641930.112875,2,scan
1786641930.129279,1,scan
1786641930.136430,3,scan
1786641930.149065,2,camera
1786641930.210789,2,scan
1786641930.211644,1,scan
1786641930.221061,1,camera
1786641930.242103,3,scan
1786641930.311769,1,scan
1786641930.312472,2,scan
1786641930.327238,1,camera
1786641930.342525,3,scan
1786641930.351133,2,camera
1786641930.371755,3,camera
1786641930.377460,3,camera
1786641930.410381,1,scan
1786641930.412648,2,scan
1786641930.429883,1,camera
1786641930.434364,3,scan
1786641930.461361,3,camera
1786641930.515412,2,scan
1786641930.534029,3,scan
1786641930.546787,2,camera
1786641930.567262,3,camera
1786641930.617529,2,scan
1786641930.635727,3,scan
1786641930.636822,1,camera
1786641930.645004,2,camera
1786641930.713215,2,scan
1786641930.726058,2,camera
1786641930.744956,3,scan
1786641930.763908,3,camera
1786641930.813137,2,scan
1786641930.841902,2,camera
1786641930.845444,3,scan
1786641930.860064,3,camera
1786641930.910420,2,scan
1786641930.926771,1,scan
1786641930.933200,1,camera
1786641930.936096,3,scan
1786641930.946087,2,camera
1786641930.962819,3,camera
1786641931.028480,1,scan
1786641931.030473,2,scan
1786641931.038473,3,scan
1786641931.043597,1,camera
1786641931.049594,2,camera
1786641931.057904,3,camera
1786641931.133151,1,scan
1786641931.141116,3,scan
1786641931.153909,3,camera
1786641931.224430,1,scan
1786641931.236239,3,scan
1786641931.258084,1,camera
1786641931.322954,2,scan
1786641931.335035,3,scan
1786641931.344981,1,scan
1786641931.357047,1,camera
1786641931.366739,2,camera
1786641931.423108,1,scan
1786641931.439229,2,scan
1786641931.454621,3,scan
1786641931.457233,1,camera
1786641931.471203,2,camera
1786641931.526554,2,scan
1786641931.537233,1,scan
1786641931.560384,3,scan
1786641931.582976,3,camera
1786641931.622048,1,scan
1786641931.628586,2,scan
1786641931.638015,1,camera
1786641931.657628,3,scan
1786641931.674648,2,camera
1786641931.679176,3,camera
1786641931.727352,1,scan
1786641931.731047,2,scan
1786641931.747069,3,scan
1786641931.769828,2,camera
1786641931.801875,3,camera
1786641931.825993,2,scan
1786641931.840534,1,scan
1786641931.862540,1,camera
1786641931.864342,3,scan
1786641931.869135,2,camera
1786641931.901772,3,camera
1786641931.928935,2,scan
1786641931.930127,1,scan
1786641931.944511,1,camera
1786641931.946902,3,scan
1786641931.959366,2,camera
1786641931.989545,3,camera
1786641932.024997,2,scan
1786641932.026019,1,scan
1786641932.066184,3,scan
1786641932.080386,2,camera
1786641932.126671,1,scan
1786641932.128425,2,scan
1786641932.151290,3,scan
1786641932.152796,1,camera
1786641932.186350,2,camera
1786641932.227012,2,scan
1786641932.227830,1,scan
1786641932.250323,2,camera
1786641932.255882,1,camera
1786641932.262360,3,scan
1786641932.327274,1,scan
1786641932.328311,2,scan
1786641932.345569,3,scan
1786641932.363163,1,camera
1786641932.376570,2,camera
1786641932.382152,3,camera
1786641932.399055,3,camera
1786641932.425596,2,scan
1786641932.435683,1,scan
1786641932.453667,1,camera
1786641932.457826,3,scan
1786641932.473013,2,camera
1786641932.526795,1,scan
1786641932.527627,2,scan
1786641932.548368,3,scan
1786641932.559587,1,camera
1786641932.583732,2,camera
1786641932.605821,3,camera
1786641932.623311,2,scan
1786641932.623967,1,scan
1786641932.651655,3,scan
1786641932.657898,1,camera
1786641932.702263,3,camera
1786641932.722446,1,scan
1786641932.723493,2,scan
1786641932.752322,3,scan
1786641932.753703,1,camera
1786641932.756284,2,camera
1786641932.790536,3,camera
1786641932.818793,2,scan
1786641932.821033,1,scan
1786641932.848858,3,scan
1786641932.927205,2,scan
1786641932.935297,1,scan
1786641932.948993,3,scan
1786641932.987742,3,camera
1786641933.029487,1,scan
1786641933.035478,1,camera
1786641933.036383,2,scan
1786641933.049461,3,scan
1786641933.081900,2,camera
1786641933.125164,2,scan
1786641933.135848,1,scan
1786641933.152659,3,scan
1786641933.225027,2,scan
1786641933.243868,1,scan
1786641933.245527,3,scan
1786641933.276165,2,camera
1786641933.325775,1,scan
1786641933.327011,2,scan
1786641933.347161,3,scan
1786641933.420546,1,scan
1786641933.422529,2,scan
1786641933.437071,1,camera
1786641933.454051,2,camera
1786641933.457713,3,scan
1786641933.527541,2,scan
1786641933.539990,1,scan
1786641933.553044,3,scan
1786641933.561179,1,camera
1786641933.587475,3,camera
1786641933.613741,3,camera
1786641933.622826,2,scan
1786641933.633879,1,camera
1786641933.640734,1,scan
1786641933.660004,2,camera
1786641933.663204,3,scan
1786641933.720659,1,scan
1786641933.727566,2,scan
1786641933.746175,1,camera
1786641933.753785,3,scan
1786641933.766881,2,camera
1786641933.795912,3,camera
1786641933.821545,2,scan
1786641933.824381,1,scan
1786641933.850256,1,camera
1786641933.850924,3,scan
1786641933.872207,2,camera
1786641933.890756,3,camera
1786641933.924011,1,scan
1786641933.929472,2,scan
1786641933.950263,3,scan
1786641933.953221,1,camera
1786641933.976664,3,camera
1786641933.980801,2,camera
1786641934.028478,1,scan
1786641934.052768,2,scan
1786641934.062520,2,camera
1786641934.093548,3,scan
1786641934.106122,3,camera
1786641934.125533,2,scan
1786641934.137295,1,scan
1786641934.172714,3,scan
1786641934.177158,2,camera
1786641934.181181,1,camera
1786641934.220504,2,scan
1786641934.222958,1,scan
1786641934.251839,3,scan
1786641934.254964,2,camera
1786641934.299923,3,camera
1786641934.320997,1,scan
1786641934.328548,2,scan
1786641934.337444,1,camera
1786641934.354212,3,scan
1786641934.359450,2,camera
1786641934.402120,3,camera
1786641934.423064,1,scan
1786641934.424133,2,scan
1786641934.453711,3,scan
1786641934.457471,1,camera
1786641934.464332,2,camera
1786641934.523860,2,scan
1786641934.529749,1,scan
1786641934.541269,1,camera
1786641934.554507,2,camera
1786641934.559108,3,scan
1786641934.582402,3,camera
1786641934.625833,1,scan
1786641934.632626,2,scan
1786641934.647549,3,scan
1786641934.656928,1,camera
1786641934.664983,2,camera
1786641934.727402,1,scan
1786641934.733119,2,scan
1786641934.758018,1,camera
1786641934.762724,3,scan
1786641934.787810,2,camera
1786641934.801795,3,camera
1786641934.824597,1,scan
1786641934.828554,2,scan
1786641934.847925,1,camera
1786641934.854467,3,scan
1786641934.924272,1,scan
1786641934.925755,2,scan
1786641934.956073,3,scan
1786641934.961977,2,camera
1786641935.002914,3,camera
1786641935.030148,2,scan
1786641935.032259,1,scan
1786641935.037541,1,camera
1786641935.049319,2,camera
1786641935.055316,3,scan
1786641935.091851,3,camera
1786641935.122113,2,scan
1786641935.130776,1,scan
1786641935.151527,3,scan
1786641935.162013,1,camera
1786641935.188530,3,camera
1786641935.222840,1,scan
1786641935.225988,2,scan
1786641935.247897,3,scan
1786641935.299727,3,camera
1786641935.322500,1,scan
1786641935.336154,2,scan
1786641935.358018,3,scan
1786641935.361380,1,camera
1786641935.369631,2,camera
1786641935.375962,2,camera
1786641935.399497,3,camera
1786641935.424440,1,scan
1786641935.427503,2,scan
1786641935.450052,3,scan
1786641935.487563,2,camera
1786641935.529707,2,scan
1786641935.531505,1,scan
1786641935.549863,3,scan
1786641935.554263,1,camera
1786641935.601069,3,camera
1786641935.625808,2,scan
1786641935.631165,1,scan
1786641935.658374,3,scan
1786641935.664616,2,camera
1786641935.679628,3,camera
1786641935.717002,2,scan
1786641935.744158,1,scan
1786641935.746113,1,camera
1786641935.747030,3,scan
1786641935.764004,2,camera
1786641935.835903,2,scan
1786641935.840545,1,scan
1786641935.853480,3,scan
1786641935.866538,2,camera
1786641935.902655,3,camera
1786641935.930361,1,scan
1786641935.942321,1,camera
1786641935.956834,2,scan
1786641935.958242,3,scan
1786641935.969534,2,camera
1786641935.984156,3,camera
1786641936.022288,2,scan
1786641936.028957,1,scan
1786641936.060281,3,scan
1786641936.061056,1,camera
1786641936.067727,2,camera
1786641936.092422,3,camera
1786641936.135262,2,scan
1786641936.145173,1,scan
1786641936.157080,3,scan
1786641936.179861,2,camera
1786641936.196336,3,camera
1786641936.222192,1,scan
1786641936.223666,2,scan
1786641936.239135,1,camera
1786641936.252751,2,camera
1786641936.253389,3,scan
1786641936.324665,1,scan
1786641936.345197,2,scan
1786641936.347249,3,scan
1786641936.362157,1,camera
1786641936.428235,1,scan
1786641936.429358,2,scan
1786641936.451749,3,scan
1786641936.460689,1,camera
1786641936.468328,2,camera
1786641936.524933,1,scan
1786641936.533960,2,scan
1786641936.537395,1,camera
1786641936.555768,3,scan
1786641936.623007,1,scan
1786641936.626496,2,scan
1786641936.643081,1,camera
1786641936.649826,3,scan
1786641936.727774,1,scan
1786641936.728491,2,scan
1786641936.743267,1,camera
1786641936.746214,3,scan
1786641936.756008,2,camera
1786641936.823084,2,scan
1786641936.824193,1,scan
1786641936.849124,3,scan
1786641936.871821,2,camera
1786641936.921420,2,scan
1786641936.927830,1,scan
1786641936.951454,3,scan
1786641936.959654,2,camera
1786641936.962414,1,camera
1786641937.023643,1,scan
1786641937.038323,2,scan
1786641937.059221,3,scan
1786641937.061410,1,camera
1786641937.071898,2,camera
1786641937.125995,2,scan
1786641937.142525,1,scan
1786641937.145824,3,scan
1786641937.162835,1,camera
1786641937.166722,2,camera
1786641937.202367,3,camera
1786641937.216667,3,camera
1786641937.220584,2,scan
1786641937.223283,1,scan
1786641937.232802,3,camera
1786641937.238038,1,camera
1786641937.248313,3,scan
1786641937.277042,2,camera
1786641937.328772,1,scan
1786641937.329765,2,scan
1786641937.349472,3,scan
1786641937.404871,3,camera
1786641937.441848,1,scan
1786641937.445208,2,scan
1786641937.445620,1,camera
1786641937.449040,3,scan
1786641937.487590,3,camera
1786641937.528334,1,scan
1786641937.552768,3,scan
1786641937.579776,2,camera
1786641937.621164,1,scan
1786641937.651115,3,scan
1786641937.679960,2,camera
1786641937.685857,3,camera
1786641937.726808,2,scan
1786641937.728252,1,scan
1786641937.765067,3,scan
1786641937.773390,2,camera
1786641937.826867,1,scan
1786641937.829236,2,scan
1786641937.849003,1,camera
1786641937.850026,3,scan
1786641937.863997,1,camera
1786641937.878138,2,camera
1786641937.884593,3,camera
1786641937.923675,2,scan
1786641937.925650,1,scan
1786641937.941892,1,camera
1786641937.952115,3,scan
1786641937.971117,2,camera
1786641938.026374,2,scan
1786641938.038545,1,scan
1786641938.057530,2,camera
1786641938.064584,3,scan
1786641938.065923,1,camera
1786641938.123215,1,scan
1786641938.126190,2,scan
1786641938.148757,1,camera
1786641938.149187,3,scan
1786641938.166065,2,camera
1786641938.191473,3,camera
1786641938.228206,1,scan
1786641938.228583,1,camera
1786641938.242220,3,scan
1786641938.265406,2,scan
1786641938.272035,2,camera
1786641938.295419,3,camera
1786641938.324491,2,scan
1786641938.326499,1,camera
1786641938.328443,1,scan
1786641938.357861,3,scan
1786641938.372287,2,camera
1786641938.383598,3,camera
1786641938.424591,1,scan
1786641938.437416,2,scan
1786641938.448047,3,scan
1786641938.478313,3,camera
1786641938.519846,2,scan
1786641938.521786,1,scan
1786641938.540276,1,camera
1786641938.545892,3,scan
1786641938.582109,2,camera
1786641938.593545,3,camera
1786641938.624850,1,scan
1786641938.628287,2,scan
1786641938.644767,3,scan
1786641938.661713,1,camera
1786641938.665767,2,camera
1786641938.682071,3,camera
1786641938.725279,1,scan
1786641938.735349,2,scan
1786641938.743652,1,camera
1786641938.753478,3,scan
1786641938.779605,2,camera
1786641938.793577,3,camera
1786641938.821800,1,scan
1786641938.832601,2,scan
1786641938.849906,3,scan
1786641938.860430,2,camera
1786641938.861087,1,camera
1786641938.901834,3,camera
1786641938.924831,2,scan
1786641938.925990,1,scan
1786641938.954615,1,camera
1786641938.955297,3,scan
1786641938.978457,2,camera
1786641938.987165,3,camera
1786641939.046803,1,scan
1786641939.054503,3,scan
1786641939.062408,1,camera
1786641939.064688,2,camera
1786641939.106342,3,camera
1786641939.124585,1,scan
1786641939.151533,2,camera
1786641939.156778,3,scan
1786641939.169860,1,camera
1786641939.226805,2,scan
1786641939.246329,1,camera
1786641939.249100,1,scan
1786641939.255190,3,scan
1786641939.273518,2,camera
1786641939.279372,3,camera
1786641939.325248,2,scan
1786641939.326586,1,scan
1786641939.334143,1,camera
1786641939.351135,3,scan
1786641939.369129,2,camera
1786641939.415230,1,scan
1786641939.422650,2,scan
1786641939.445904,1,camera
1786641939.446089,3,scan
1786641939.484433,3,camera
1786641939.523258,2,scan
1786641939.528475,1,scan
1786641939.548994,3,scan
1786641939.568112,2,camera
1786641939.592709,3,camera
1786641939.621630,2,scan
1786641939.641188,1,scan
1786641939.652929,3,scan
1786641939.677612,2,camera
1786641939.705809,3,camera
1786641939.721438,1,scan
1786641939.727410,2,scan
1786641939.750335,3,scan
1786641939.782024,3,camera
1786641939.827301,2,scan
1786641939.830852,1,scan
1786641939.845943,3,scan
1786641939.871407,2,camera
1786641939.873583,3,camera
1786641939.928314,2,scan
1786641939.928813,1,scan
1786641939.949194,3,scan
1786641939.954294,1,camera
1786641939.963653,1,camera
1786641939.974221,3,camera
1786641939.977866,1,camera
1786641939.979033,1,camera
1786641940.024170,2,scan
1786641940.032543,1,scan
1786641940.044036,1,camera
1786641940.050922,3,scan
1786641940.099996,3,camera
1786641940.125335,1,scan
1786641940.154181,2,scan
1786641940.155710,2,camera
1786641940.158860,3,scan
1786641940.164214,1,camera
1786641940.184419,3,camera
1786641940.223673,1,scan
1786641940.225514,2,scan
1786641940.250111,3,scan
1786641940.257550,1,camera
1786641940.265960,2,camera
1786641940.283673,3,camera
1786641940.320363,1,scan
1786641940.331035,2,scan
1786641940.338615,1,camera
1786641940.349017,3,scan
1786641940.374042,3,camera
1786641940.382266,2,camera
1786641940.431253,1,scan
1786641940.434001,2,scan
1786641940.455624,1,camera
1786641940.461676,3,scan
1786641940.481140,2,camera
1786641940.493073,3,camera
1786641940.523437,1,scan
1786641940.525390,2,scan
1786641940.553282,2,camera
1786641940.557222,3,scan
1786641940.627948,2,scan
1786641940.630871,1,scan
1786641940.654205,3,scan
1786641940.682041,2,camera
1786641940.722998,1,scan
1786641940.731680,2,scan
1786641940.747759,3,scan
1786641940.754248,1,camera
1786641940.755659,2,camera
1786641940.792817,3,camera
1786641940.826832,2,scan
1786641940.831188,1,scan
1786641940.844707,3,scan
1786641940.862080,1,camera
1786641940.925890,1,scan
1786641940.926988,2,scan
1786641940.949834,3,scan
1786641941.001534,3,camera
1786641941.023837,1,scan
1786641941.036611,2,scan
1786641941.056281,3,scan
1786641941.069126,1,camera
1786641941.073215,2,camera
1786641941.109945,3,camera
1786641941.125559,1,scan
1786641941.129214,2,scan
1786641941.149065,1,camera
1786641941.158544,3,scan
1786641941.172958,2,camera
1786641941.221865,1,scan
1786641941.233899,1,camera
1786641941.236459,2,scan
1786641941.251355,3,scan
1786641941.279073,3,camera
1786641941.331088,1,scan
1786641941.334093,2,scan
1786641941.355201,2,camera
1786641941.358146,3,scan
1786641941.362380,1,camera
1786641941.390354,3,camera
1786641941.423525,1,scan
1786641941.434450,2,scan
1786641941.447307,1,camera
1786641941.448281,3,scan
1786641941.485870,2,camera
1786641941.504074,3,camera
1786641941.521937,1,scan
1786641941.522243,2,scan
1786641941.548279,3,scan
1786641941.557832,1,camera
1786641941.585678,3,camera
1786641941.627432,2,scan
1786641941.631621,1,scan
1786641941.644643,1,camera
1786641941.648996,3,scan
1786641941.725668,1,scan
1786641941.733617,2,scan
1786641941.748449,3,scan
1786641941.780223,2,camera
1786641941.827171,2,scan
1786641941.831919,1,scan
1786641941.846158,3,scan
1786641941.861493,1,camera
1786641941.875007,2,camera
1786641941.928426,2,scan
1786641941.930454,1,scan
1786641941.940414,1,camera
1786641941.957537,3,scan
1786641941.969883,2,camera
1786641942.024464,2,scan
1786641942.041951,1,scan
1786641942.052258,3,scan
1786641942.065499,1,camera
1786641942.080106,2,camera
1786641942.107232,3,camera
1786641942.123484,1,scan
1786641942.150006,2,scan
1786641942.154117,3,scan
1786641942.167826,1,camera
1786641942.231351,1,scan
1786641942.243139,1,camera
1786641942.244247,2,scan
1786641942.244811,3,scan
1786641942.329011,1,scan
1786641942.339406,2,scan
1786641942.349486,3,scan
1786641942.360490,1,camera
1786641942.381338,2,camera
1786641942.387051,3,camera
1786641942.422690,1,scan
1786641942.438253,2,scan
1786641942.454026,1,camera
1786641942.457505,3,scan
1786641942.479942,2,camera
1786641942.525937,2,scan
1786641942.530612,1,scan
1786641942.555423,3,scan
1786641942.561738,1,camera
1786641942.570071,2,camera
1786641942.592334,3,camera
1786641942.615105,3,camera
1786641942.627500,2,scan
1786641942.628834,1,scan
1786641942.645058,1,camera
1786641942.667997,3,scan
1786641942.676991,2,camera
1786641942.721560,2,scan
1786641942.725908,1,scan
1786641942.748465,1,camera
1786641942.762018,3,scan
1786641942.770051,2,camera
1786641942.797995,3,camera
1786641942.827108,2,scan
1786641942.834512,1,scan
1786641942.847354,3,scan
1786641942.849691,1,camera
1786641942.866238,2,camera
1786641942.889921,3,camera
1786641942.928713,2,scan
1786641942.944277,1,camera
1786641942.953473,1,scan
1786641942.955846,2,camera
1786641942.957847,3,scan
1786641943.036251,1,scan
1786641943.038031,2,scan
1786641943.046204,3,scan
1786641943.047235,1,camera
1786641943.088876,3,camera
1786641943.124403,1,scan
1786641943.130257,2,scan
1786641943.160767,3,scan
1786641943.169443,1,camera
1786641943.229763,2,scan
1786641943.235561,1,scan
1786641943.247422,1,camera
1786641943.251905,3,scan
1786641943.275975,2,camera
1786641943.326537,2,scan
1786641943.329999,1,scan
1786641943.350119,3,scan
1786641943.388426,3,camera
1786641943.421528,1,scan
1786641943.422189,2,scan
1786641943.439464,1,camera
1786641943.447127,3,scan
1786641943.483499,2,camera
1786641943.490548,3,camera
1786641943.526339,1,scan
1786641943.529861,2,scan
1786641943.550046,3,scan
1786641943.559821,1,camera
1786641943.585990,3,camera
1786641943.626452,1,scan
1786641943.630466,2,scan
1786641943.651548,3,scan
1786641943.652566,2,camera
1786641943.661215,1,camera
1786641943.720825,1,scan
1786641943.723793,2,scan
1786641943.750015,3,scan
1786641943.764194,1,camera
1786641943.765552,2,camera
1786641943.786991,3,camera
1786641943.823289,1,scan
1786641943.831797,2,scan
1786641943.845135,1,camera
1786641943.846995,3,scan
1786641943.879844,2,camera
1786641943.920243,2,scan
1786641943.931768,1,scan
1786641943.957786,3,scan
1786641943.961019,1,camera
1786641943.962772,2,camera
1786641943.985107,3,camera
1786641944.026220,2,scan
1786641944.047448,1,scan
1786641944.054958,1,camera
1786641944.078929,3,scan
1786641944.080717,2,camera
1786641944.131142,2,scan
1786641944.135899,1,scan
1786641944.152495,3,scan
1786641944.162361,2,camera
1786641944.167449,1,camera
1786641944.204047,3,camera
1786641944.219561,3,camera
1786641944.228441,2,scan
1786641944.231185,1,camera
1786641944.236405,1,scan
1786641944.247880,3,scan
1786641944.259820,2,camera
1786641944.297780,3,camera
1786641944.348976,2,scan
1786641944.359489,1,scan
1786641944.360469,1,camera
1786641944.370420,2,camera
1786641944.376343,3,scan
1786641944.401098,3,camera
1786641944.420050,1,scan
1786641944.444191,2,scan
1786641944.455558,3,scan
1786641944.460909,1,camera
1786641944.480017,2,camera
1786641944.503284,3,camera
1786641944.524782,1,scan
1786641944.526305,2,scan
1786641944.544138,3,scan
1786641944.549057,1,camera
1786641944.588518,2,camera
1786641944.622372,2,scan
1786641944.624806,1,scan
1786641944.645619,1,camera
1786641944.652530,2,camera
1786641944.653164,3,scan
1786641944.695557,3,camera
1786641944.734865,1,scan
1786641944.752031,2,scan
1786641944.756454,3,scan
1786641944.760841,1,camera
1786641944.770805,2,camera
1786641944.824213,1,scan
1786641944.827618,2,scan
1786641944.849967,3,scan
1786641944.874375,2,camera
1786641944.891306,3,camera
1786641944.904097,3,camera
1786641944.924731,1,scan
1786641944.955994,3,scan
1786641944.960283,1,camera
1786641945.023668,1,scan
1786641945.047030,3,scan
1786641945.061103,1,camera
1786641945.132450,1,scan
1786641945.153704,3,scan
1786641945.161008,2,scan
1786641945.171931,1,camera
1786641945.221621,2,scan
1786641945.227418,1,scan
1786641945.246079,3,scan
1786641945.269507,2,camera
1786641945.320603,2,scan
1786641945.332007,1,scan
1786641945.349208,1,camera
1786641945.351605,3,scan
1786641945.367878,2,camera
1786641945.388548,3,camera
1786641945.426834,1,scan
1786641945.429068,2,scan
1786641945.440189,1,camera
1786641945.456105,3,scan
1786641945.459067,2,camera
1786641945.489345,3,camera
1786641945.522257,1,scan
1786641945.524434,2,scan
1786641945.547187,3,scan
1786641945.559739,1,camera
1786641945.563158,2,camera
1786641945.638424,1,scan
1786641945.655918,2,scan
1786641945.675007,2,camera
1786641945.681052,3,scan
1786641945.689206,3,camera
1786641945.724823,1,scan
1786641945.738941,2,scan
1786641945.745653,3,scan
1786641945.751420,1,camera
1786641945.769614,2,camera
1786641945.801336,3,camera
1786641945.821480,2,scan
1786641945.822848,1,scan
1786641945.844323,1,camera
1786641945.859627,2,camera
1786641945.861272,3,scan
1786641945.902755,3,camera
1786641945.926846,2,scan
1786641945.939964,1,scan
1786641945.948991,3,scan
1786641945.958033,1,camera
1786641945.965433,2,camera
1786641945.995990,3,camera
1786641946.028784,2,scan
1786641946.034708,1,scan
1786641946.056303,3,scan
1786641946.106845,3,camera
1786641946.120592,1,scan
1786641946.154455,3,scan
1786641946.169602,2,camera
1786641946.227824,1,scan
1786641946.243524,1,camera
1786641946.249037,3,scan
1786641946.289329,3,camera
1786641946.294331,3,camera
1786641946.325622,2,scan
1786641946.329260,1,scan
1786641946.342094,1,camera
1786641946.352445,3,scan
1786641946.372822,2,camera
1786641946.397544,3,camera
1786641946.424566,2,scan
1786641946.436999,1,scan
1786641946.447371,3,scan
1786641946.521458,2,scan
1786641946.522165,1,scan
1786641946.545417,1,camera
1786641946.546095,3,scan
1786641946.566525,2,camera
1786641946.582485,3,camera
1786641946.625521,1,scan
1786641946.628344,2,scan
1786641946.647518,1,camera
1786641946.653945,3,scan
1786641946.658243,2,camera
1786641946.702623,3,camera
1786641946.728456,1,scan
1786641946.743076,2,scan
1786641946.761179,3,scan
1786641946.762373,1,camera
1786641946.780500,2,camera
1786641946.802555,3,camera
1786641946.828288,2,scan
1786641946.834566,1,camera
1786641946.844845,1,scan
1786641946.856301,3,scan
1786641946.862370,2,camera
1786641946.882171,3,camera
1786641946.928062,1,scan
1786641946.937107,2,scan
1786641946.967052,3,scan
1786641946.976407,3,camera
1786641947.021575,2,scan
1786641947.022497,1,scan
1786641947.055566,2,camera
1786641947.062659,1,camera
1786641947.068824,3,scan
1786641947.119214,2,scan
1786641947.127825,1,scan
1786641947.155934,3,scan
1786641947.183234,3,camera
1786641947.223733,1,scan
1786641947.238822,1,camera
1786641947.241294,2,scan
1786641947.253321,3,scan
1786641947.279636,2,camera
1786641947.304298,3,camera
1786641947.328268,2,scan
1786641947.329355,1,scan
1786641947.350121,3,scan
1786641947.354634,1,camera
1786641947.381656,2,camera
1786641947.383218,3,camera
1786641947.428212,2,scan
1786641947.430180,1,scan
1786641947.448573,1,camera
1786641947.458191,3,scan
1786641947.477216,3,camera
1786641947.482253,2,camera
1786641947.522216,2,scan
1786641947.532965,1,scan
1786641947.536619,1,camera
1786641947.551623,3,scan
1786641947.556851,2,camera
1786641947.597909,3,camera
1786641947.642478,1,camera
1786641947.644369,1,scan
1786641947.653916,2,scan
1786641947.668208,3,scan
1786641947.675447,2,camera
1786641947.725520,1,scan
1786641947.728731,2,scan
1786641947.747530,1,camera
1786641947.753003,3,scan
1786641947.767386,2,camera
1786641947.775572,3,camera
1786641947.826149,2,scan
1786641947.829251,1,scan
1786641947.841044,1,camera
1786641947.874088,2,camera
1786641947.887404,3,scan
1786641947.898372,3,camera
1786641947.927506,1,scan
1786641947.935377,2,scan
1786641947.943889,1,camera
1786641947.951335,3,scan
1786641947.980753,3,camera
1786641947.981357,2,camera
1786641948.027271,1,scan
1786641948.030389,2,scan
1786641948.042415,1,camera
1786641948.049837,3,scan
1786641948.080807,2,camera
1786641948.125346,1,scan
1786641948.126912,2,scan
1786641948.151117,3,scan
1786641948.222209,1,scan
1786641948.239374,2,scan
1786641948.247377,3,scan
1786641948.272156,1,camera
1786641948.298445,3,camera
1786641948.313070,3,camera
1786641948.324333,1,scan
1786641948.329730,2,scan
1786641948.348002,3,scan
1786641948.366536,2,camera
1786641948.383056,3,camera
1786641948.424001,2,scan
1786641948.434599,1,scan
1786641948.447926,3,scan
1786641948.496087,3,camera
1786641948.526044,2,scan
1786641948.548246,1,scan
1786641948.550252,3,scan
1786641948.575945,2,camera
1786641948.621297,1,scan
1786641948.625105,2,scan
1786641948.651037,1,camera
1786641948.654537,3,scan
1786641948.660093,2,camera
1786641948.682581,3,camera
1786641948.726860,1,scan
1786641948.727566,2,scan
1786641948.747878,1,camera
1786641948.754409,3,scan
1786641948.789128,2,camera
1786641948.819468,1,scan
1786641948.834785,2,scan
1786641948.840541,1,camera
1786641948.864234,3,scan
1786641948.875349,3,camera
1786641948.925055,1,scan
1786641948.944728,3,scan
1786641948.952137,2,scan
1786641948.963077,1,camera
1786641948.971998,2,camera
1786641948.986895,3,camera
1786641949.019895,2,scan
1786641949.034342,1,scan
1786641949.047208,3,scan
1786641949.059301,1,camera
1786641949.085622,3,camera
1786641949.094955,2,camera
1786641949.126868,2,scan
1786641949.127635,1,scan
1786641949.148978,3,scan
1786641949.178173,2,camera
1786641949.233042,1,scan
1786641949.237543,2,scan
1786641949.248490,1,camera
1786641949.251068,3,scan
1786641949.290143,3,camera
1786641949.330579,1,scan
1786641949.333108,2,scan
1786641949.348019,3,scan
1786641949.391063,3,camera
1786641949.431561,2,scan
1786641949.432207,1,scan
1786641949.456481,3,scan
1786641949.483365,3,camera
1786641949.524604,1,scan
1786641949.536575,2,scan
1786641949.564593,3,scan
1786641949.622772,1,scan
1786641949.634273,2,scan
1786641949.664075,3,scan
1786641949.723855,1,scan
1786641949.728175,2,scan
1786641949.750228,3,scan
1786641949.821298,1,scan
1786641949.840900,2,scan
1786641949.848095,3,scan
1786641949.926939,2,scan
1786641949.928922,1,scan
1786641949.948980,3,scan
1786641950.027481,2,scan
1786641950.028208,1,scan
1786641950.056117,3,scan
1786641950.125074,1,scan
1786641950.153727,3,scan
1786641950.167931,2,scan
1786641950.225985,1,scan
1786641950.238704,2,scan
1786641950.252165,3,scan
1786641950.329818,2,scan
1786641950.332659,1,scan
1786641950.350303,3,scan
1786641950.433222,2,scan
1786641950.439861,1,scan
1786641950.448123,3,scan
1786641950.525124,2,scan
1786641950.525793,1,scan
1786641950.553452,3,scan
1786641950.623225,1,scan
1786641950.640939,2,scan
1786641950.647983,3,scan
1786641950.724643,1,scan
1786641950.726824,2,scan
1786641950.758524,3,scan
1786641950.827576,2,scan
1786641950.829001,1,scan
1786641950.848492,3,scan
1786641950.922568,2,scan
1786641950.923562,1,scan
1786641950.957281,3,scan
1786641951.024402,2,scan
1786641951.035030,1,scan
1786641951.052899,3,scan
1786641951.126786,2,scan
1786641951.130929,1,scan
1786641951.144186,3,scan
1786641951.163639,2,camera
1786641951.234514,1,scan
1786641951.235923,2,scan
1786641951.239054,1,camera
1786641951.259483,3,scan
1786641951.268357,2,camera
1786641951.286701,3,camera
1786641951.297213,3,camera
1786641951.323535,3,camera
1786641951.324162,1,scan
1786641951.330754,2,scan
1786641951.367597,3,scan
1786641951.368795,2,camera
1786641951.385788,3,camera
1786641951.423597,2,scan
1786641951.447966,3,scan
1786641951.449092,1,scan
1786641951.449243,1,camera
1786641951.456138,2,camera
1786641951.484284,3,camera
1786641951.521571,2,scan
1786641951.535782,1,scan
1786641951.550223,3,scan
1786641951.558658,1,camera
1786641951.581848,2,camera
1786641951.593913,3,camera
1786641951.625011,2,scan
1786641951.630448,1,scan
1786641951.652615,3,scan
