t_epoch,robot,topic
1786642141.077518,1,camera
1786642141.094941,3,camera
1786642142.086171,1,camera
1786642142.094074,3,camera
1786642142.882241,2,camera
1786642143.062951,2,camera
1786642143.088826,3,camera
1786642143.149692,2,camera
1786642143.164955,1,camera
1786642143.170106,3,camera
1786642143.257079,2,camera
1786642143.266731,3,camera
1786642143.275727,1,camera
1786642143.277550,3,scan
1786642143.321538,2,scan
1786642143.357392,2,camera
1786642143.375806,1,camera
1786642143.376711,3,camera
1786642143.377837,3,scan
1786642143.421423,2,scan
1786642143.456096,2,camera
1786642143.469091,1,scan
1786642143.473286,1,camera
1786642143.475670,3,camera
1786642143.477763,3,scan
1786642143.521790,2,scan
1786642143.556809,2,camera
1786642143.568990,1,scan
1786642143.571374,1,camera
1786642143.577893,3,scan
1786642143.583246,3,camera
1786642143.621258,2,scan
1786642143.655500,2,camera
1786642143.669307,1,scan
1786642143.670779,1,camera
1786642143.675519,3,camera
1786642143.677835,3,scan
1786642143.721545,2,scan
1786642143.755400,2,camera
1786642143.769559,1,scan
1786642143.770623,1,camera
1786642143.774505,3,camera
1786642143.777790,3,scan
1786642143.821542,2,scan
1786642143.855536,2,camera
1786642143.869038,1,scan
1786642143.875362,1,camera
1786642143.876879,3,camera
1786642143.877775,3,scan
1786642143.921320,2,scan
1786642143.955662,2,camera
1786642143.969249,1,scan
1786642143.971721,1,camera
1786642143.974622,3,camera
1786642143.977967,3,scan
1786642144.022440,2,scan
1786642144.069524,1,scan
1786642144.074588,1,camera
1786642144.075712,2,camera
1786642144.078625,3,scan
1786642144.079356,3,camera
1786642144.121818,2,scan
1786642144.148730,2,camera
1786642144.161741,1,camera
1786642144.167377,3,camera
1786642144.168073,1,scan
1786642144.177313,3,scan
1786642144.220720,2,scan
1786642144.247274,2,camera
1786642144.263201,1,camera
1786642144.267207,3,camera
1786642144.268083,1,scan
1786642144.277613,3,scan
1786642144.321328,2,scan
1786642144.356112,2,camera
1786642144.369057,1,scan
1786642144.370787,1,camera
1786642144.374972,3,camera
1786642144.378412,3,scan
1786642144.421451,2,scan
1786642144.455498,2,camera
1786642144.467996,1,camera
1786642144.468579,1,scan
1786642144.470973,3,camera
1786642144.477869,3,scan
1786642144.521348,2,scan
1786642144.555441,2,camera
1786642144.570536,1,scan
1786642144.574744,1,camera
1786642144.575273,3,camera
1786642144.577908,3,scan
1786642144.621296,2,scan
1786642144.655304,2,camera
1786642144.669863,1,scan
1786642144.671653,1,camera
1786642144.677937,3,scan
1786642144.679750,3,camera
1786642144.721303,2,scan
1786642144.757884,2,camera
1786642144.767371,1,camera
1786642144.769256,1,scan
1786642144.774341,3,camera
1786642144.777718,3,scan
1786642144.821388,2,scan
1786642144.856565,2,camera
1786642144.869004,1,scan
1786642144.873412,1,camera
1786642144.874326,3,camera
1786642144.877876,3,scan
1786642144.921311,2,scan
1786642144.956203,2,camera
1786642144.968864,1,scan
1786642144.969920,1,camera
1786642144.978497,3,scan
1786642144.985935,3,camera
1786642145.022249,2,scan
1786642145.066565,2,camera
1786642145.070264,1,scan
1786642145.078905,3,scan
1786642145.082664,1,camera
1786642145.092056,3,camera
1786642145.121801,2,scan
1786642145.150599,2,camera
1786642145.165844,3,camera
1786642145.168399,1,scan
1786642145.171739,1,camera
1786642145.177301,3,scan
1786642145.221017,2,scan
1786642145.251898,2,camera
1786642145.269211,1,scan
1786642145.273397,1,camera
1786642145.278018,3,scan
1786642145.288904,3,camera
1786642145.321367,2,scan
1786642145.355213,2,camera
1786642145.368895,1,scan
1786642145.370260,1,camera
1786642145.375995,3,camera
1786642145.377811,3,scan
1786642145.421554,2,scan
1786642145.455436,2,camera
1786642145.469286,1,scan
1786642145.471331,1,camera
1786642145.474488,3,camera
1786642145.477846,3,scan
1786642145.521236,2,scan
1786642145.555238,2,camera
1786642145.568938,1,scan
1786642145.570186,1,camera
1786642145.577958,3,scan
1786642145.583104,3,camera
1786642145.621390,2,scan
1786642145.664729,2,camera
1786642145.668930,1,scan
1786642145.678091,3,scan
1786642145.679688,1,camera
1786642145.682783,3,camera
1786642145.721322,2,scan
1786642145.769403,1,scan
1786642145.776403,2,camera
1786642145.776996,3,camera
1786642145.778311,3,scan
1786642145.780379,1,camera
1786642145.821744,2,scan
1786642145.855043,2,camera
1786642145.869566,1,scan
1786642145.870270,1,camera
1786642145.877969,3,scan
1786642145.879130,3,camera
1786642145.921321,2,scan
1786642145.962201,2,camera
1786642145.969131,1,scan
1786642145.975091,3,camera
1786642145.977715,3,scan
1786642145.978734,1,camera
1786642146.021870,2,scan
1786642146.064564,2,camera
1786642146.069661,1,scan
1786642146.078545,3,scan
1786642146.088859,3,camera
1786642146.089479,1,camera
1786642146.121131,2,scan
1786642146.147659,2,camera
1786642146.161976,1,camera
1786642146.167284,3,camera
1786642146.168505,1,scan
1786642146.181073,3,scan
1786642146.221036,2,scan
1786642146.260492,2,camera
1786642146.267430,1,camera
1786642146.268757,1,scan
1786642146.270814,3,camera
1786642146.277807,3,scan
1786642146.321855,2,scan
1786642146.360447,2,camera
1786642146.369015,1,scan
1786642146.374296,3,camera
1786642146.377786,3,scan
1786642146.384725,1,camera
1786642146.421832,2,scan
1786642146.468680,2,camera
1786642146.468920,1,scan
1786642146.471456,1,camera
1786642146.472106,3,camera
1786642146.477966,3,scan
1786642146.521381,2,scan
1786642146.555212,2,camera
1786642146.569250,1,scan
1786642146.573119,1,camera
1786642146.574216,3,camera
1786642146.577732,3,scan
1786642146.621812,2,scan
1786642146.657429,2,camera
1786642146.663599,1,camera
1786642146.668614,1,scan
1786642146.670551,3,camera
1786642146.677953,3,scan
1786642146.721283,2,scan
1786642146.755652,2,camera
1786642146.768880,1,scan
1786642146.769425,1,camera
1786642146.773549,3,camera
1786642146.778065,3,scan
1786642146.821317,2,scan
1786642146.859091,2,camera
1786642146.869069,1,scan
1786642146.870975,1,camera
1786642146.878683,3,scan
1786642146.884291,3,camera
1786642146.921457,2,scan
1786642146.955860,2,camera
1786642146.969494,1,scan
1786642146.970366,1,camera
1786642146.974400,3,camera
1786642146.978122,3,scan
1786642147.022226,2,scan
1786642147.061170,2,camera
1786642147.070333,1,scan
1786642147.078854,3,scan
1786642147.083861,3,camera
1786642147.096823,1,camera
1786642147.122047,2,scan
1786642147.148507,2,camera
1786642147.161670,1,camera
1786642147.169095,1,scan
1786642147.169316,3,camera
1786642147.177540,3,scan
1786642147.220893,2,scan
1786642147.251572,2,camera
1786642147.270041,1,scan
1786642147.273059,1,camera
1786642147.275567,3,camera
1786642147.277466,3,scan
1786642147.321296,2,scan
1786642147.355086,2,camera
1786642147.369134,1,scan
1786642147.371783,1,camera
1786642147.374214,3,camera
1786642147.377867,3,scan
1786642147.421973,2,scan
1786642147.455912,2,camera
1786642147.469791,1,scan
1786642147.474508,3,camera
1786642147.477864,3,scan
1786642147.478763,1,camera
1786642147.521244,2,scan
1786642147.555664,2,camera
1786642147.569817,1,scan
1786642147.571477,1,camera
1786642147.574132,3,camera
1786642147.578496,3,scan
1786642147.621262,2,scan
1786642147.655968,2,camera
1786642147.669722,1,scan
1786642147.674188,3,camera
1786642147.678385,3,scan
1786642147.680001,1,camera
1786642147.721270,2,scan
1786642147.755772,2,camera
1786642147.769122,1,scan
1786642147.774534,3,camera
1786642147.778375,3,scan
1786642147.780286,1,camera
1786642147.821718,2,scan
1786642147.855969,2,camera
1786642147.868946,1,scan
1786642147.874393,3,camera
1786642147.878449,3,scan
1786642147.880718,1,camera
1786642147.921254,2,scan
1786642147.955863,2,camera
1786642147.970139,1,scan
1786642147.975237,3,camera
1786642147.976164,1,camera
1786642147.978779,3,scan
1786642148.023853,2,scan
1786642148.069899,1,scan
1786642148.073250,1,camera
1786642148.079575,3,scan
1786642148.081459,2,camera
1786642148.092877,3,camera
1786642148.121550,2,scan
1786642148.159899,2,camera
1786642148.165141,1,camera
1786642148.168630,1,scan
1786642148.175642,3,camera
1786642148.177367,3,scan
1786642148.221163,2,scan
1786642148.251199,2,camera
1786642148.266787,3,camera
1786642148.268287,1,scan
1786642148.271367,1,camera
1786642148.277345,3,scan
1786642148.320662,2,scan
1786642148.356608,2,camera
1786642148.361271,1,camera
1786642148.365626,3,camera
1786642148.368138,1,scan
1786642148.377289,3,scan
1786642148.420587,2,scan
1786642148.456356,2,camera
1786642148.461668,1,camera
1786642148.466724,3,camera
1786642148.468274,1,scan
1786642148.478419,3,scan
1786642148.521333,2,scan
1786642148.558371,2,camera
1786642148.568991,1,scan
1786642148.570272,1,camera
1786642148.578447,3,scan
1786642148.582956,3,camera
1786642148.621302,2,scan
1786642148.658872,2,camera
1786642148.669013,1,scan
1786642148.674182,1,camera
1786642148.674742,3,camera
1786642148.678025,3,scan
1786642148.721287,2,scan
1786642148.755884,2,camera
1786642148.768963,1,scan
1786642148.772573,1,camera
1786642148.778018,3,scan
1786642148.778805,3,camera
1786642148.821753,2,scan
1786642148.855670,2,camera
1786642148.868556,1,camera
1786642148.869100,1,scan
1786642148.877926,3,scan
1786642148.878656,3,camera
1786642148.921362,2,scan
1786642148.956334,2,camera
1786642148.969031,1,scan
1786642148.970104,1,camera
1786642148.974535,3,camera
1786642148.977509,3,scan
1786642149.022283,2,scan
1786642149.066611,2,camera
1786642149.069423,1,scan
1786642149.078722,3,scan
1786642149.089028,1,camera
1786642149.092924,3,camera
1786642149.121954,2,scan
1786642149.148513,2,camera
1786642149.168465,1,scan
1786642149.173792,3,camera
1786642149.177414,3,scan
1786642149.178998,1,camera
1786642149.220954,2,scan
1786642149.253191,2,camera
1786642149.269946,1,scan
1786642149.271600,1,camera
1786642149.277905,3,scan
1786642149.278758,3,camera
1786642149.321256,2,scan
1786642149.355949,2,camera
1786642149.369193,1,scan
1786642149.374053,1,camera
1786642149.376235,3,camera
1786642149.377864,3,scan
1786642149.421223,2,scan
1786642149.456212,2,camera
1786642149.469479,1,scan
1786642149.470579,1,camera
1786642149.478441,3,scan
1786642149.481447,3,camera
1786642149.521365,2,scan
1786642149.557976,2,camera
1786642149.568067,1,camera
1786642149.568529,1,scan
1786642149.571203,3,camera
1786642149.577904,3,scan
1786642149.621348,2,scan
1786642149.653127,2,camera
1786642149.668846,1,scan
1786642149.669219,1,camera
1786642149.677573,3,scan
1786642149.679612,3,camera
1786642149.721343,2,scan
1786642149.756355,2,camera
1786642149.768790,1,scan
1786642149.777355,1,camera
1786642149.777848,3,scan
1786642149.778589,3,camera
1786642149.821294,2,scan
1786642149.859106,2,camera
1786642149.869167,1,scan
1786642149.869993,1,camera
1786642149.872365,3,camera
1786642149.877612,3,scan
1786642149.921527,2,scan
1786642149.955418,2,camera
1786642149.963930,1,camera
1786642149.968152,1,scan
1786642149.975580,3,camera
1786642149.977362,3,scan
1786642150.024246,2,scan
1786642150.069806,1,scan
1786642150.071024,2,camera
1786642150.079326,3,scan
1786642150.083843,3,camera
1786642150.084474,1,camera
1786642150.121043,2,scan
1786642150.151744,2,camera
1786642150.162099,1,camera
1786642150.168380,1,scan
1786642150.175660,3,camera
1786642150.177255,3,scan
1786642150.220965,2,scan
1786642150.259493,2,camera
1786642150.268548,3,camera
1786642150.269261,1,scan
1786642150.276584,1,camera
1786642150.278017,3,scan
1786642150.320972,2,scan
1786642150.354450,2,camera
1786642150.368711,1,scan
1786642150.378689,3,scan
1786642150.379338,3,camera
1786642150.379830,1,camera
1786642150.421415,2,scan
1786642150.455196,2,camera
1786642150.469257,1,scan
1786642150.471099,1,camera
1786642150.476080,3,camera
1786642150.477855,3,scan
1786642150.520847,2,scan
1786642150.547432,2,camera
1786642150.566582,1,camera
1786642150.568847,1,scan
1786642150.578165,3,scan
1786642150.582650,3,camera
1786642150.621996,2,scan
1786642150.647740,2,camera
1786642150.665910,1,camera
1786642150.668590,1,scan
1786642150.677429,3,scan
1786642150.677607,3,camera
1786642150.721271,2,scan
1786642150.767223,2,camera
1786642150.768646,1,scan
1786642150.778425,3,scan
1786642150.779867,1,camera
1786642150.782848,3,camera
1786642150.821366,2,scan
1786642150.855737,2,camera
1786642150.865252,1,camera
1786642150.867065,3,camera
1786642150.868172,1,scan
1786642150.877290,3,scan
1786642150.921343,2,scan
1786642150.955176,2,camera
1786642150.969489,1,scan
1786642150.970661,1,camera
1786642150.973683,3,camera
1786642150.977675,3,scan
1786642151.022054,2,scan
1786642151.069514,1,scan
1786642151.069780,2,camera
1786642151.078190,3,scan
1786642151.079689,1,camera
1786642151.094762,3,camera
1786642151.121029,2,scan
1786642151.150475,2,camera
1786642151.161444,1,camera
1786642151.165959,3,camera
1786642151.168542,1,scan
1786642151.177983,3,scan
1786642151.221433,2,scan
1786642151.262222,2,camera
1786642151.262928,1,camera
1786642151.267149,3,camera
1786642151.268331,1,scan
1786642151.277887,3,scan
1786642151.321047,2,scan
1786642151.350261,2,camera
1786642151.369314,1,scan
1786642151.370561,1,camera
1786642151.378300,3,scan
1786642151.383752,3,camera
1786642151.421375,2,scan
1786642151.455526,2,camera
1786642151.469371,1,scan
1786642151.472061,1,camera
1786642151.477906,3,scan
1786642151.485243,3,camera
1786642151.521784,2,scan
1786642151.555470,2,camera
1786642151.569200,1,scan
1786642151.570295,1,camera
1786642151.577376,3,scan
1786642151.577605,3,camera
1786642151.621546,2,scan
1786642151.663012,2,camera
1786642151.667439,1,camera
1786642151.669343,1,scan
1786642151.672617,3,camera
1786642151.677329,3,scan
1786642151.721374,2,scan
1786642151.747599,2,camera
1786642151.761976,1,camera
1786642151.766782,3,camera
1786642151.768047,1,scan
1786642151.777839,3,scan
1786642151.821373,2,scan
1786642151.864942,2,camera
1786642151.869472,1,scan
1786642151.871453,1,camera
1786642151.877350,3,scan
1786642151.878584,3,camera
1786642151.921349,2,scan
1786642151.956014,2,camera
1786642151.969621,1,scan
1786642151.970339,1,camera
1786642151.977168,3,camera
1786642151.978094,3,scan
1786642152.021975,2,scan
1786642152.071586,1,scan
1786642152.071920,2,camera
1786642152.075417,1,camera
1786642152.078492,3,scan
1786642152.098969,3,camera
1786642152.122015,2,scan
1786642152.154271,2,camera
1786642152.169388,1,scan
1786642152.178017,1,camera
1786642152.178953,3,scan
1786642152.179967,3,camera
1786642152.221952,2,scan
1786642152.258092,2,camera
1786642152.269545,1,scan
1786642152.278442,3,scan
1786642152.279920,1,camera
1786642152.281139,3,camera
1786642152.321478,2,scan
1786642152.367990,2,camera
1786642152.369230,1,scan
1786642152.371317,1,camera
1786642152.374520,3,camera
1786642152.377990,3,scan
1786642152.421319,2,scan
1786642152.465390,2,camera
1786642152.469312,1,scan
1786642152.478477,3,scan
1786642152.480282,1,camera
1786642152.483736,3,camera
1786642152.521384,2,scan
1786642152.555945,2,camera
1786642152.569149,1,scan
1786642152.570309,1,camera
1786642152.575713,3,camera
1786642152.577850,3,scan
1786642152.621314,2,scan
1786642152.655458,2,camera
1786642152.669444,1,scan
1786642152.670475,1,camera
1786642152.675049,3,camera
1786642152.677899,3,scan
1786642152.721372,2,scan
1786642152.755955,2,camera
1786642152.769063,1,scan
1786642152.775021,3,camera
1786642152.776184,1,camera
1786642152.777866,3,scan
1786642152.821296,2,scan
1786642152.846411,2,camera
1786642152.866184,1,camera
1786642152.869045,1,scan
1786642152.878583,3,scan
1786642152.879183,3,camera
1786642152.921238,2,scan
1786642152.956009,2,camera
1786642152.968933,1,scan
1786642152.971061,1,camera
1786642152.974189,3,camera
1786642152.978595,3,scan
1786642153.022313,2,scan
1786642153.067209,2,camera
1786642153.070539,1,scan
1786642153.075239,1,camera
1786642153.078442,3,scan
1786642153.090909,3,camera
1786642153.121883,2,scan
1786642153.160363,2,camera
1786642153.163112,1,camera
1786642153.169075,1,scan
1786642153.170111,3,camera
1786642153.177471,3,scan
1786642153.221456,2,scan
1786642153.257469,2,camera
1786642153.267987,3,camera
1786642153.268252,1,scan
1786642153.270831,1,camera
1786642153.277574,3,scan
1786642153.321385,2,scan
1786642153.364884,2,camera
1786642153.368989,1,scan
1786642153.378371,3,scan
1786642153.379991,1,camera
1786642153.383692,3,camera
1786642153.421247,2,scan
1786642153.456371,2,camera
1786642153.467720,1,camera
1786642153.468793,1,scan
1786642153.471746,3,camera
1786642153.477981,3,scan
1786642153.520684,2,scan
1786642153.556234,2,camera
1786642153.565605,3,camera
1786642153.568282,1,scan
1786642153.571484,1,camera
1786642153.577409,3,scan
1786642153.620717,2,scan
1786642153.651479,2,camera
1786642153.667393,1,camera
1786642153.668504,1,scan
1786642153.674672,3,camera
1786642153.677647,3,scan
1786642153.721423,2,scan
1786642153.751591,2,camera
1786642153.768730,1,scan
1786642153.772878,1,camera
1786642153.778020,3,scan
1786642153.782498,3,camera
1786642153.820919,2,scan
1786642153.856240,2,camera
1786642153.869110,1,scan
1786642153.873771,1,camera
1786642153.878080,3,scan
1786642153.878515,3,camera
1786642153.921166,2,scan
1786642153.952504,2,camera
1786642153.963822,1,camera
1786642153.967996,3,camera
1786642153.968374,1,scan
1786642153.977768,3,scan
1786642154.022552,2,scan
1786642154.069609,1,scan
1786642154.078616,3,scan
1786642154.079937,2,camera
1786642154.099748,1,camera
1786642154.109975,3,camera
1786642154.121303,2,scan
1786642154.147561,2,camera
1786642154.164246,1,camera
1786642154.167904,3,camera
1786642154.168432,1,scan
1786642154.177507,3,scan
1786642154.221516,2,scan
1786642154.247713,2,camera
1786642154.269443,1,scan
1786642154.276903,1,camera
1786642154.277725,3,camera
1786642154.278240,3,scan
1786642154.321234,2,scan
1786642154.356158,2,camera
1786642154.368931,1,scan
1786642154.373129,1,camera
1786642154.377970,3,scan
1786642154.393972,3,camera
1786642154.421204,2,scan
1786642154.455558,2,camera
1786642154.468948,1,scan
1786642154.470361,1,camera
1786642154.478527,3,scan
1786642154.483994,3,camera
1786642154.521323,2,scan
1786642154.555626,2,camera
1786642154.568858,1,scan
1786642154.574234,1,camera
1786642154.577804,3,scan
1786642154.578471,3,camera
1786642154.621557,2,scan
1786642154.656283,2,camera
1786642154.669438,1,scan
1786642154.672436,1,camera
1786642154.678110,3,scan
1786642154.684208,3,camera
1786642154.721490,2,scan
1786642154.756126,2,camera
1786642154.769597,1,scan
1786642154.772458,1,camera
1786642154.777898,3,camera
1786642154.778423,3,scan
1786642154.821247,2,scan
1786642154.856811,2,camera
1786642154.868771,1,scan
1786642154.874213,1,camera
1786642154.878083,3,scan
1786642154.883417,3,camera
1786642154.921222,2,scan
1786642154.955675,2,camera
1786642154.969304,1,scan
1786642154.971378,1,camera
1786642154.978112,3,scan
1786642154.980582,3,camera
1786642155.022691,2,scan
1786642155.071677,1,scan
1786642155.078126,3,scan
1786642155.078927,2,camera
1786642155.080971,1,camera
1786642155.084408,3,camera
1786642155.120714,2,scan
1786642155.147829,2,camera
1786642155.163706,1,camera
1786642155.169452,1,scan
1786642155.176669,3,camera
1786642155.177954,3,scan
1786642155.221877,2,scan
1786642155.246646,2,camera
1786642155.269420,1,scan
1786642155.270072,1,camera
1786642155.274908,3,camera
1786642155.278419,3,scan
1786642155.321271,2,scan
1786642155.357854,2,camera
1786642155.369046,1,scan
1786642155.372068,1,camera
1786642155.377471,3,camera
1786642155.377984,3,scan
1786642155.421297,2,scan
1786642155.460149,2,camera
1786642155.468943,1,scan
1786642155.470417,1,camera
1786642155.478099,3,scan
1786642155.484242,3,camera
1786642155.521303,2,scan
1786642155.555556,2,camera
1786642155.568866,1,scan
1786642155.570092,1,camera
1786642155.577866,3,scan
1786642155.595166,3,camera
1786642155.621254,2,scan
1786642155.656342,2,camera
1786642155.669270,1,scan
1786642155.670471,1,camera
1786642155.678204,3,scan
1786642155.684199,3,camera
1786642155.721466,2,scan
1786642155.757593,2,camera
1786642155.769164,1,scan
1786642155.772579,1,camera
1786642155.775535,3,camera
1786642155.777568,3,scan
1786642155.821303,2,scan
1786642155.855328,2,camera
1786642155.868985,1,scan
1786642155.870728,1,camera
1786642155.876548,3,camera
1786642155.878326,3,scan
1786642155.921282,2,scan
1786642155.955322,2,camera
1786642155.969251,1,scan
1786642155.970198,1,camera
1786642155.975404,3,camera
1786642155.978373,3,scan
1786642156.023344,2,scan
1786642156.063947,2,camera
1786642156.072296,1,scan
1786642156.078208,3,scan
1786642156.078644,3,camera
1786642156.101967,1,camera
1786642156.121307,2,scan
1786642156.153477,2,camera
1786642156.163854,1,camera
1786642156.166840,3,camera
1786642156.168617,1,scan
1786642156.177509,3,scan
1786642156.220959,2,scan
1786642156.249146,2,camera
1786642156.269222,1,scan
1786642156.269811,1,camera
1786642156.275876,3,camera
1786642156.277756,3,scan
1786642156.321935,2,scan
1786642156.355241,2,camera
1786642156.368973,1,scan
1786642156.369894,1,camera
1786642156.374240,3,camera
1786642156.377908,3,scan
1786642156.421563,2,scan
1786642156.455206,2,camera
1786642156.469489,1,scan
1786642156.476558,3,camera
1786642156.478438,3,scan
1786642156.479599,1,camera
1786642156.521426,2,scan
1786642156.556538,2,camera
1786642156.568856,1,scan
1786642156.570425,1,camera
1786642156.574131,3,camera
1786642156.577846,3,scan
1786642156.621291,2,scan
1786642156.655549,2,camera
1786642156.668889,1,scan
1786642156.669823,1,camera
1786642156.677880,3,scan
1786642156.694334,3,camera
1786642156.721374,2,scan
1786642156.755408,2,camera
1786642156.768728,1,scan
1786642156.769452,1,camera
1786642156.777989,3,scan
1786642156.798075,3,camera
1786642156.821245,2,scan
1786642156.851796,2,camera
1786642156.869605,1,scan
1786642156.870256,1,camera
1786642156.878032,3,scan
1786642156.878590,3,camera
1786642156.921295,2,scan
1786642156.955726,2,camera
1786642156.969530,1,scan
1786642156.970629,1,camera
1786642156.975042,3,camera
1786642156.978576,3,scan
1786642157.026211,2,scan
1786642157.063800,2,camera
1786642157.069559,1,scan
1786642157.078537,3,scan
1786642157.079202,3,camera
1786642157.085636,1,camera
1786642157.121774,2,scan
1786642157.158028,2,camera
1786642157.163338,1,camera
1786642157.165776,3,camera
1786642157.168299,1,scan
1786642157.177740,3,scan
1786642157.220772,2,scan
1786642157.246254,2,camera
1786642157.269071,1,scan
1786642157.272350,3,camera
1786642157.275948,1,camera
1786642157.277517,3,scan
1786642157.321512,2,scan
1786642157.355859,2,camera
1786642157.369206,1,scan
1786642157.371302,1,camera
1786642157.375931,3,camera
1786642157.378163,3,scan
1786642157.421529,2,scan
1786642157.455817,2,camera
1786642157.469373,1,scan
1786642157.470546,1,camera
1786642157.477936,3,scan
1786642157.482037,3,camera
1786642157.521285,2,scan
1786642157.556239,2,camera
1786642157.569387,1,scan
1786642157.577289,3,camera
1786642157.577910,3,scan
1786642157.580762,1,camera
1786642157.621431,2,scan
1786642157.655591,2,camera
1786642157.669588,1,scan
1786642157.671431,1,camera
1786642157.675938,3,camera
1786642157.678134,3,scan
1786642157.721495,2,scan
1786642157.755901,2,camera
1786642157.769456,1,scan
1786642157.776917,3,camera
1786642157.778510,3,scan
1786642157.779610,1,camera
1786642157.821586,2,scan
1786642157.855960,2,camera
1786642157.870314,1,scan
1786642157.874447,3,camera
1786642157.875464,1,camera
1786642157.878286,3,scan
1786642157.921243,2,scan
1786642157.955451,2,camera
1786642157.969046,1,scan
1786642157.970579,1,camera
1786642157.978499,3,scan
1786642157.984158,3,camera
1786642158.021783,2,scan
1786642158.059628,2,camera
1786642158.069569,1,scan
1786642158.078537,3,scan
1786642158.084083,3,camera
1786642158.084896,1,camera
1786642158.121681,2,scan
1786642158.153546,2,camera
1786642158.163350,1,camera
1786642158.168669,1,scan
1786642158.171753,3,camera
1786642158.177863,3,scan
1786642158.220852,2,scan
1786642158.264012,2,camera
1786642158.268431,1,scan
1786642158.273853,3,camera
1786642158.278042,3,scan
1786642158.280293,1,camera
1786642158.321826,2,scan
1786642158.347639,2,camera
1786642158.363997,1,camera
1786642158.368312,3,camera
1786642158.368939,1,scan
1786642158.378034,3,scan
1786642158.421336,2,scan
1786642158.457830,2,camera
1786642158.468959,1,scan
1786642158.471929,1,camera
1786642158.477229,3,camera
1786642158.478261,3,scan
1786642158.521195,2,scan
1786642158.555569,2,camera
1786642158.568918,1,scan
1786642158.570380,1,camera
1786642158.578151,3,scan
1786642158.583658,3,camera
1786642158.621286,2,scan
1786642158.655332,2,camera
1786642158.669068,1,scan
1786642158.670583,1,camera
1786642158.674163,3,camera
1786642158.678837,3,scan
1786642158.721522,2,scan
1786642158.755382,2,camera
1786642158.769746,1,scan
1786642158.771461,1,camera
1786642158.775150,3,camera
1786642158.778563,3,scan
1786642158.821520,2,scan
1786642158.855528,2,camera
1786642158.869624,1,scan
1786642158.870807,1,camera
1786642158.874123,3,camera
1786642158.878640,3,scan
1786642158.921548,2,scan
1786642158.955575,2,camera
1786642158.969450,1,scan
1786642158.970463,1,camera
1786642158.977125,3,camera
1786642158.977885,3,scan
1786642159.021475,2,scan
1786642159.065163,2,camera
1786642159.070065,1,scan
1786642159.080246,3,scan
1786642159.083562,1,camera
1786642159.095918,3,camera
1786642159.121601,2,scan
1786642159.154378,2,camera
1786642159.167676,3,camera
1786642159.168322,1,scan
1786642159.172186,1,camera
1786642159.177456,3,scan
1786642159.220963,2,scan
1786642159.251254,2,camera
1786642159.268533,1,scan
1786642159.271793,1,camera
1786642159.278414,3,scan
1786642159.284803,3,camera
1786642159.321360,2,scan
1786642159.359167,2,camera
1786642159.369647,1,scan
1786642159.370967,1,camera
1786642159.373863,3,camera
1786642159.377945,3,scan
1786642159.421515,2,scan
1786642159.453143,2,camera
1786642159.469118,1,scan
1786642159.469572,1,camera
1786642159.476985,3,camera
1786642159.477456,3,scan
1786642159.521325,2,scan
1786642159.555397,2,camera
1786642159.569074,1,scan
1786642159.570260,1,camera
1786642159.577979,3,scan
1786642159.586105,3,camera
1786642159.621269,2,scan
1786642159.656894,2,camera
1786642159.670047,1,scan
1786642159.671843,1,camera
1786642159.678214,3,scan
1786642159.680142,3,camera
1786642159.721265,2,scan
1786642159.755466,2,camera
1786642159.768943,1,scan
1786642159.770666,1,camera
1786642159.775534,3,camera
1786642159.777919,3,scan
1786642159.821671,2,scan
1786642159.855497,2,camera
1786642159.869520,1,scan
1786642159.870495,1,camera
1786642159.874336,3,camera
1786642159.877889,3,scan
1786642159.921185,2,scan
1786642159.955552,2,camera
1786642159.969128,1,scan
1786642159.971358,1,camera
1786642159.978753,3,scan
1786642159.982077,3,camera
1786642160.022907,2,scan
1786642160.058053,2,camera
1786642160.070543,1,scan
1786642160.079468,3,scan
1786642160.080281,3,camera
1786642160.082472,1,camera
1786642160.121228,2,scan
1786642160.148481,2,camera
1786642160.163661,1,camera
1786642160.168320,1,scan
1786642160.168551,3,camera
1786642160.177529,3,scan
1786642160.220990,2,scan
1786642160.254022,2,camera
1786642160.269042,1,scan
1786642160.278203,3,scan
1786642160.280123,1,camera
1786642160.281428,3,camera
1786642160.321309,2,scan
1786642160.360875,2,camera
1786642160.369676,1,scan
1786642160.373286,1,camera
1786642160.378155,3,scan
1786642160.383910,3,camera
1786642160.421526,2,scan
1786642160.459619,2,camera
1786642160.468713,1,scan
1786642160.472089,3,camera
1786642160.474653,1,camera
1786642160.477480,3,scan
1786642160.521849,2,scan
1786642160.558673,2,camera
1786642160.568667,1,scan
1786642160.571851,1,camera
1786642160.577342,3,camera
1786642160.577424,3,scan
1786642160.621388,2,scan
1786642160.655940,2,camera
1786642160.669135,1,scan
1786642160.671355,1,camera
1786642160.678118,3,scan
1786642160.684855,3,camera
1786642160.721252,2,scan
1786642160.755282,2,camera
1786642160.769013,1,scan
1786642160.774630,3,camera
1786642160.778330,3,scan
1786642160.779034,1,camera
1786642160.821334,2,scan
1786642160.854931,2,camera
1786642160.869431,1,scan
1786642160.875041,1,camera
1786642160.875709,3,camera
1786642160.877836,3,scan
1786642160.921225,2,scan
1786642160.955004,2,camera
1786642160.970208,1,scan
1786642160.971547,1,camera
1786642160.974458,3,camera
1786642160.977859,3,scan
1786642161.022485,2,scan
1786642161.068199,2,camera
1786642161.071166,1,scan
1786642161.079492,3,scan
1786642161.087076,1,camera
1786642161.087986,3,camera
1786642161.121798,2,scan
1786642161.160532,2,camera
1786642161.166829,1,camera
1786642161.168721,1,scan
1786642161.170204,3,camera
1786642161.177526,3,scan
1786642161.221028,2,scan
1786642161.262728,2,camera
1786642161.267329,1,camera
1786642161.269132,1,scan
1786642161.271365,3,camera
1786642161.277923,3,scan
1786642161.321640,2,scan
1786642161.354698,2,camera
1786642161.369319,1,scan
1786642161.373790,1,camera
1786642161.377600,3,scan
1786642161.380856,3,camera
1786642161.421311,2,scan
1786642161.469480,1,scan
1786642161.471610,1,camera
1786642161.475662,2,camera
1786642161.478564,3,scan
1786642161.485729,3,camera
1786642161.521843,2,scan
1786642161.555291,2,camera
1786642161.569101,1,scan
1786642161.570788,1,camera
1786642161.578063,3,scan
1786642161.583112,3,camera
1786642161.621508,2,scan
1786642161.655973,2,camera
1786642161.668467,1,scan
1786642161.670565,3,camera
1786642161.674130,1,camera
1786642161.677238,3,scan
1786642161.721477,2,scan
1786642161.764423,2,camera
1786642161.768892,1,scan
1786642161.772359,3,camera
1786642161.777898,3,scan
1786642161.779354,1,camera
1786642161.821347,2,scan
1786642161.854975,2,camera
1786642161.868358,1,camera
1786642161.869090,1,scan
1786642161.872880,3,camera
1786642161.877789,3,scan
1786642161.921326,2,scan
1786642161.955349,2,camera
1786642161.969609,1,scan
1786642161.977020,3,camera
1786642161.977931,3,scan
1786642161.979753,1,camera
1786642162.021777,2,scan
1786642162.064679,2,camera
1786642162.070189,1,scan
1786642162.076316,3,camera
1786642162.079081,3,scan
1786642162.097246,1,camera
1786642162.121588,2,scan
1786642162.156435,2,camera
1786642162.167784,1,camera
1786642162.169348,1,scan
1786642162.170983,3,camera
1786642162.177279,3,scan
1786642162.221260,2,scan
1786642162.252372,2,camera
1786642162.268732,1,scan
1786642162.269536,1,camera
1786642162.272939,3,camera
1786642162.277705,3,scan
1786642162.321326,2,scan
1786642162.360594,2,camera
1786642162.368969,1,scan
1786642162.371016,1,camera
1786642162.375136,3,camera
1786642162.378355,3,scan
1786642162.421313,2,scan
1786642162.461876,2,camera
1786642162.468947,1,scan
1786642162.472731,1,camera
1786642162.478151,3,scan
1786642162.482787,3,camera
1786642162.521283,2,scan
1786642162.556352,2,camera
1786642162.569031,1,scan
1786642162.569913,1,camera
1786642162.572953,3,camera
1786642162.577948,3,scan
1786642162.621283,2,scan
1786642162.655478,2,camera
1786642162.669074,1,scan
1786642162.670479,1,camera
1786642162.676161,3,camera
1786642162.678478,3,scan
1786642162.722010,2,scan
1786642162.758476,2,camera
1786642162.762170,1,camera
1786642162.765608,3,camera
1786642162.768222,1,scan
1786642162.777352,3,scan
1786642162.821279,2,scan
1786642162.855621,2,camera
1786642162.869198,1,scan
1786642162.870737,1,camera
1786642162.875155,3,camera
1786642162.878373,3,scan
1786642162.921418,2,scan
1786642162.960755,2,camera
1786642162.969864,1,scan
1786642162.970767,1,camera
1786642162.975639,3,camera
1786642162.978535,3,scan
1786642163.021577,2,scan
1786642163.069600,1,scan
1786642163.079033,3,scan
1786642163.087557,1,camera
1786642163.094670,3,camera
1786642163.095361,2,camera
1786642163.121907,2,scan
1786642163.168976,2,camera
1786642163.169516,1,scan
1786642163.175463,1,camera
1786642163.175860,3,camera
1786642163.177244,3,scan
1786642163.221843,2,scan
1786642163.249429,2,camera
1786642163.266223,1,camera
1786642163.268390,1,scan
1786642163.270506,3,camera
1786642163.277673,3,scan
1786642163.321200,2,scan
1786642163.359608,2,camera
1786642163.369331,1,scan
1786642163.370528,1,camera
1786642163.378026,3,scan
1786642163.379342,3,camera
1786642163.421841,2,scan
1786642163.455601,2,camera
1786642163.468913,1,scan
1786642163.474471,1,camera
1786642163.474966,3,camera
1786642163.477901,3,scan
1786642163.521479,2,scan
1786642163.557883,2,camera
1786642163.569249,1,scan
1786642163.572591,3,camera
1786642163.577209,1,camera
1786642163.577857,3,scan
1786642163.621290,2,scan
1786642163.655384,2,camera
1786642163.669343,1,scan
1786642163.670358,1,camera
1786642163.677979,3,scan
1786642163.683720,3,camera
1786642163.721260,2,scan
1786642163.766999,2,camera
1786642163.768893,1,scan
1786642163.775650,3,camera
1786642163.778252,3,scan
1786642163.782406,1,camera
1786642163.821488,2,scan
1786642163.855086,2,camera
1786642163.868354,1,camera
1786642163.868465,1,scan
1786642163.877192,3,camera
1786642163.877478,3,scan
1786642163.921310,2,scan
1786642163.955099,2,camera
1786642163.969801,1,scan
1786642163.971007,1,camera
1786642163.974244,3,camera
1786642163.977981,3,scan
1786642164.022444,2,scan
1786642164.067215,2,camera
1786642164.070476,1,scan
1786642164.079282,3,scan
1786642164.080028,3,camera
1786642164.085306,1,camera
1786642164.121895,2,scan
1786642164.150207,2,camera
1786642164.162585,1,camera
1786642164.168323,1,scan
1786642164.168613,3,camera
1786642164.177338,3,scan
1786642164.221549,2,scan
1786642164.251848,2,camera
1786642164.268917,1,scan
1786642164.270277,1,camera
1786642164.273515,3,camera
1786642164.278082,3,scan
1786642164.321590,2,scan
1786642164.355267,2,camera
1786642164.369259,1,scan
1786642164.375677,3,camera
1786642164.377884,3,scan
1786642164.379502,1,camera
1786642164.421667,2,scan
1786642164.456446,2,camera
1786642164.469223,1,scan
1786642164.474798,3,camera
1786642164.477440,1,camera
1786642164.477931,3,scan
1786642164.521956,2,scan
1786642164.556043,2,camera
1786642164.570049,1,scan
1786642164.571788,1,camera
1786642164.574445,3,camera
1786642164.578554,3,scan
1786642164.621263,2,scan
1786642164.659179,2,camera
1786642164.669450,1,scan
1786642164.670381,1,camera
1786642164.674581,3,camera
1786642164.677835,3,scan
1786642164.721266,2,scan
1786642164.755373,2,camera
1786642164.769161,1,scan
1786642164.772005,1,camera
1786642164.778081,3,scan
1786642164.783752,3,camera
1786642164.821312,2,scan
1786642164.855522,2,camera
1786642164.869106,1,scan
1786642164.871551,1,camera
1786642164.875158,3,camera
1786642164.878243,3,scan
1786642164.922004,2,scan
1786642164.955456,2,camera
1786642164.961489,1,camera
1786642164.968219,1,scan
1786642164.968713,3,camera
1786642164.977446,3,scan
1786642165.022216,2,scan
1786642165.058321,2,camera
1786642165.070228,1,scan
1786642165.079195,3,scan
1786642165.085489,1,camera
1786642165.095278,3,camera
1786642165.121195,2,scan
1786642165.147625,2,camera
1786642165.167299,3,camera
1786642165.168425,1,scan
1786642165.172433,1,camera
1786642165.177251,3,scan
1786642165.221092,2,scan
1786642165.252164,2,camera
1786642165.269190,1,scan
1786642165.274016,1,camera
1786642165.276132,3,camera
1786642165.277864,3,scan
1786642165.321301,2,scan
1786642165.355890,2,camera
1786642165.368982,1,scan
1786642165.370541,1,camera
1786642165.378252,3,scan
1786642165.383442,3,camera
1786642165.421308,2,scan
1786642165.457737,2,camera
1786642165.470241,1,scan
1786642165.471442,1,camera
1786642165.474615,3,camera
1786642165.477938,3,scan
1786642165.521773,2,scan
1786642165.557172,2,camera
1786642165.569389,1,scan
1786642165.571541,1,camera
1786642165.574133,3,camera
1786642165.577853,3,scan
1786642165.621762,2,scan
1786642165.656741,2,camera
1786642165.669022,1,scan
1786642165.669543,1,camera
1786642165.670513,3,camera
1786642165.677967,3,scan
1786642165.721397,2,scan
1786642165.756864,2,camera
1786642165.769817,1,scan
1786642165.771019,1,camera
1786642165.774398,3,camera
1786642165.778622,3,scan
1786642165.821277,2,scan
1786642165.855408,2,camera
1786642165.868901,1,scan
1786642165.870393,1,camera
1786642165.873981,3,camera
1786642165.878386,3,scan
1786642165.921283,2,scan
1786642165.959927,2,camera
1786642165.969644,1,scan
1786642165.974687,3,camera
1786642165.978616,3,scan
1786642165.979742,1,camera
1786642166.022914,2,scan
1786642166.060961,2,camera
1786642166.071472,1,scan
1786642166.078433,3,scan
1786642166.079458,1,camera
1786642166.094100,3,camera
1786642166.121919,2,scan
1786642166.152308,2,camera
1786642166.161673,1,camera
1786642166.166062,3,camera
1786642166.169136,1,scan
1786642166.177422,3,scan
1786642166.221434,2,scan
1786642166.251074,2,camera
1786642166.269010,1,scan
1786642166.271080,1,camera
1786642166.272429,3,camera
1786642166.277929,3,scan
1786642166.321382,2,scan
1786642166.355854,2,camera
1786642166.369168,1,scan
1786642166.374830,1,camera
1786642166.377644,3,camera
1786642166.378582,3,scan
1786642166.421434,2,scan
1786642166.458467,2,camera
1786642166.469411,1,scan
1786642166.471157,1,camera
1786642166.475170,3,camera
1786642166.478040,3,scan
1786642166.522019,2,scan
1786642166.557305,2,camera
1786642166.569169,1,scan
1786642166.569948,1,camera
1786642166.573017,3,camera
1786642166.578130,3,scan
1786642166.621470,2,scan
1786642166.655087,2,camera
1786642166.669297,1,scan
1786642166.670435,1,camera
1786642166.674803,3,camera
1786642166.677844,3,scan
1786642166.721263,2,scan
1786642166.765188,2,camera
1786642166.769249,1,scan
1786642166.775529,3,camera
1786642166.778687,3,scan
1786642166.779372,1,camera
1786642166.821315,2,scan
1786642166.858457,2,camera
1786642166.869555,1,scan
1786642166.870238,1,camera
1786642166.878022,3,scan
1786642166.878546,3,camera
1786642166.921341,2,scan
1786642166.955914,2,camera
1786642166.968629,1,scan
1786642166.969302,1,camera
1786642166.978466,3,scan
1786642166.982804,3,camera
1786642167.022137,2,scan
1786642167.069758,1,scan
1786642167.072036,2,camera
1786642167.078523,3,scan
1786642167.081230,1,camera
1786642167.096865,3,camera
1786642167.121357,2,scan
1786642167.155783,2,camera
1786642167.162633,1,camera
1786642167.166468,3,camera
1786642167.168200,1,scan
1786642167.177502,3,scan
1786642167.221003,2,scan
1786642167.249160,2,camera
1786642167.268770,1,scan
1786642167.269248,1,camera
1786642167.274033,3,camera
1786642167.277951,3,scan
1786642167.321280,2,scan
1786642167.355950,2,camera
1786642167.369197,1,scan
1786642167.370937,1,camera
1786642167.378428,3,scan
1786642167.383788,3,camera
1786642167.421951,2,scan
1786642167.457369,2,camera
1786642167.470064,1,scan
1786642167.471274,1,camera
1786642167.478439,3,scan
1786642167.479712,3,camera
1786642167.521481,2,scan
1786642167.565914,2,camera
1786642167.569062,1,scan
1786642167.570575,1,camera
1786642167.578639,3,scan
1786642167.591375,3,camera
1786642167.621173,2,scan
1786642167.665255,2,camera
1786642167.669326,1,scan
1786642167.670563,1,camera
1786642167.678512,3,scan
1786642167.683260,3,camera
1786642167.721257,2,scan
1786642167.765309,2,camera
1786642167.769347,1,scan
1786642167.771293,1,camera
1786642167.777978,3,scan
1786642167.782444,3,camera
1786642167.821277,2,scan
1786642167.856324,2,camera
1786642167.869558,1,scan
1786642167.870752,1,camera
1786642167.874124,3,camera
1786642167.878168,3,scan
1786642167.921330,2,scan
1786642167.958089,2,camera
1786642167.967387,1,camera
1786642167.969246,1,scan
1786642167.973202,3,camera
1786642167.977994,3,scan
1786642168.021757,2,scan
1786642168.066710,2,camera
1786642168.070057,1,scan
1786642168.078514,3,scan
1786642168.085075,1,camera
1786642168.087669,3,camera
1786642168.121631,2,scan
1786642168.158254,2,camera
1786642168.165787,3,camera
1786642168.168275,1,scan
1786642168.171895,1,camera
1786642168.177455,3,scan
1786642168.220764,2,scan
1786642168.263960,2,camera
1786642168.269245,1,scan
1786642168.270129,1,camera
1786642168.275599,3,camera
1786642168.277968,3,scan
1786642168.321826,2,scan
1786642168.355319,2,camera
1786642168.369107,1,scan
1786642168.371138,1,camera
1786642168.378052,3,scan
1786642168.380481,3,camera
1786642168.421312,2,scan
1786642168.455454,2,camera
1786642168.469083,1,scan
1786642168.470836,1,camera
1786642168.474273,3,camera
1786642168.478397,3,scan
1786642168.521415,2,scan
1786642168.555048,2,camera
1786642168.568738,1,scan
1786642168.569436,1,camera
1786642168.575784,3,camera
1786642168.578031,3,scan
1786642168.621352,2,scan
1786642168.655308,2,camera
1786642168.668995,1,scan
1786642168.670260,1,camera
1786642168.676209,3,camera
1786642168.677773,3,scan
1786642168.721482,2,scan
1786642168.756237,2,camera
1786642168.768256,1,camera
1786642168.769043,1,scan
1786642168.777529,3,camera
1786642168.778408,3,scan
1786642168.821464,2,scan
1786642168.855389,2,camera
1786642168.869079,1,scan
1786642168.870374,1,camera
1786642168.878104,3,scan
1786642168.884326,3,camera
1786642168.921234,2,scan
1786642168.955122,2,camera
1786642168.968956,1,scan
1786642168.970063,1,camera
1786642168.977870,3,scan
1786642168.978747,3,camera
1786642169.021410,2,scan
1786642169.069867,1,scan
1786642169.074093,2,camera
1786642169.078840,3,scan
1786642169.086821,3,camera
1786642169.103023,1,camera
1786642169.121237,2,scan
1786642169.146290,2,camera
1786642169.163036,1,camera
1786642169.167557,3,camera
1786642169.168257,1,scan
1786642169.178294,3,scan
1786642169.221121,2,scan
1786642169.251090,2,camera
1786642169.268644,1,scan
1786642169.272120,3,camera
1786642169.277766,1,camera
1786642169.278273,3,scan
1786642169.321347,2,scan
1786642169.355152,2,camera
1786642169.368936,1,scan
1786642169.370075,1,camera
1786642169.378523,3,scan
1786642169.384371,3,camera
1786642169.421324,2,scan
1786642169.455406,2,camera
1786642169.469110,1,scan
1786642169.470310,1,camera
1786642169.473504,3,camera
1786642169.478106,3,scan
1786642169.521308,2,scan
1786642169.555170,2,camera
1786642169.569128,1,scan
1786642169.571056,1,camera
1786642169.573066,3,camera
1786642169.578368,3,scan
1786642169.621262,2,scan
1786642169.657613,2,camera
1786642169.669204,1,scan
1786642169.674183,3,camera
1786642169.677913,3,scan
1786642169.678488,1,camera
1786642169.721204,2,scan
1786642169.755504,2,camera
1786642169.769052,1,scan
1786642169.773245,1,camera
1786642169.777915,3,scan
1786642169.786673,3,camera
1786642169.821370,2,scan
1786642169.864820,2,camera
1786642169.869055,1,scan
1786642169.871485,1,camera
1786642169.878041,3,scan
1786642169.883429,3,camera
1786642169.921334,2,scan
1786642169.960488,2,camera
1786642169.969544,1,scan
1786642169.970472,1,camera
1786642169.974979,3,camera
1786642169.977818,3,scan
1786642170.023871,2,scan
1786642170.068134,2,camera
1786642170.069544,1,scan
1786642170.079146,1,camera
1786642170.079425,3,scan
1786642170.086108,3,camera
1786642170.121809,2,scan
1786642170.159548,2,camera
1786642170.162323,1,camera
1786642170.166207,3,camera
1786642170.168212,1,scan
1786642170.178841,3,scan
1786642170.221282,2,scan
1786642170.247352,2,camera
1786642170.268956,1,scan
1786642170.269538,1,camera
1786642170.271477,3,camera
1786642170.277803,3,scan
1786642170.321164,2,scan
1786642170.353961,2,camera
1786642170.368394,1,camera
1786642170.368775,1,scan
1786642170.377424,3,scan
1786642170.377619,3,camera
1786642170.421374,2,scan
1786642170.456120,2,camera
1786642170.469225,1,scan
1786642170.470925,1,camera
1786642170.475445,3,camera
1786642170.477803,3,scan
1786642170.521329,2,scan
1786642170.555641,2,camera
1786642170.569203,1,scan
1786642170.578247,3,scan
1786642170.580138,1,camera
1786642170.594306,3,camera
1786642170.621639,2,scan
1786642170.649239,2,camera
1786642170.661782,1,camera
1786642170.665642,3,camera
1786642170.668073,1,scan
1786642170.677477,3,scan
1786642170.721730,2,scan
1786642170.749964,2,camera
1786642170.772506,1,scan
1786642170.777025,3,camera
1786642170.777327,3,scan
1786642170.781387,1,camera
1786642170.820614,2,scan
1786642170.848054,2,camera
1786642170.871234,3,camera
1786642170.875602,1,scan
1786642170.877279,3,scan
1786642170.882587,1,camera
1786642170.922455,2,scan
1786642170.955419,2,camera
1786642170.974240,1,scan
1786642170.974878,3,camera
1786642170.977613,3,scan
1786642170.979226,1,camera
1786642171.023363,2,scan
1786642171.071408,2,camera
1786642171.075629,1,scan
1786642171.078408,3,scan
1786642171.082879,3,camera
1786642171.084375,1,camera
1786642171.121456,2,scan
1786642171.147910,2,camera
1786642171.167310,3,camera
1786642171.172659,1,scan
1786642171.177474,3,scan
1786642171.227188,2,scan
1786642171.257493,2,camera
1786642171.271416,3,camera
1786642171.273001,1,scan
1786642171.273284,1,camera
1786642171.277656,3,scan
1786642171.327237,2,scan
1786642171.356880,2,camera
1786642171.369222,3,camera
1786642171.369951,1,camera
1786642171.372341,1,scan
1786642171.377728,3,scan
1786642171.426265,2,scan
1786642171.459035,2,camera
1786642171.465542,3,camera
1786642171.469233,1,camera
1786642171.472965,1,scan
1786642171.477386,3,scan
1786642171.526291,2,scan
1786642171.554118,2,camera
1786642171.573590,1,scan
1786642171.574064,1,camera
1786642171.579892,3,camera
1786642171.582658,3,scan
1786642171.624822,2,scan
1786642171.652409,2,camera
1786642171.672530,1,scan
1786642171.674232,3,camera
1786642171.682512,3,scan
1786642171.727319,2,scan
1786642171.760013,2,camera
1786642171.773242,1,camera
1786642171.773901,1,scan
1786642171.777392,3,camera
1786642171.783789,3,scan
1786642171.826680,2,scan
1786642171.862762,2,camera
1786642171.874445,1,scan
1786642171.882623,3,scan
1786642171.886399,1,camera
1786642171.892750,3,camera
1786642171.925934,2,scan
1786642171.963277,2,camera
1786642171.973621,1,scan
1786642171.976098,1,camera
1786642171.982566,3,scan
1786642171.996746,3,camera
1786642172.028105,2,scan
1786642172.074308,1,scan
1786642172.083246,3,scan
1786642172.083902,2,camera
1786642172.084674,3,camera
1786642172.096480,1,camera
1786642172.125737,2,scan
1786642172.172215,1,camera
1786642172.174291,3,camera
1786642172.174569,1,scan
1786642172.177530,2,camera
1786642172.181815,3,scan
1786642172.225497,2,scan
1786642172.274184,1,scan
1786642172.276742,1,camera
1786642172.278072,2,camera
1786642172.282527,3,scan
1786642172.288202,3,camera
1786642172.325543,2,scan
1786642172.362249,2,camera
1786642172.373254,1,scan
1786642172.379756,1,camera
1786642172.380639,3,camera
1786642172.382082,3,scan
1786642172.425793,2,scan
1786642172.464162,2,camera
1786642172.474258,1,scan
1786642172.476684,1,camera
1786642172.483414,3,scan
1786642172.525747,2,scan
1786642172.562034,2,camera
1786642172.570109,1,camera
1786642172.572259,1,scan
1786642172.574403,3,camera
1786642172.582451,3,scan
1786642172.626657,2,scan
1786642172.663208,2,camera
1786642172.673050,1,scan
1786642172.674854,1,camera
1786642172.682660,3,scan
1786642172.691679,3,camera
1786642172.726967,2,scan
1786642172.769685,2,camera
1786642172.773969,1,scan
1786642172.780640,1,camera
1786642172.784189,3,scan
1786642172.789838,3,camera
1786642172.827097,2,scan
1786642172.873679,1,scan
1786642172.877121,1,camera
1786642172.881916,3,scan
1786642172.884845,3,camera
1786642172.925796,2,scan
1786642172.962912,2,camera
1786642172.973772,1,scan
1786642172.976333,1,camera
1786642172.980346,3,camera
1786642172.982884,3,scan
1786642173.028143,2,scan
1786642173.074977,1,scan
1786642173.076748,2,camera
1786642173.083400,3,scan
1786642173.089326,3,camera
1786642173.094784,1,camera
1786642173.126272,2,scan
1786642173.166393,2,camera
1786642173.173019,1,scan
1786642173.182222,3,scan
1786642173.183429,3,camera
1786642173.226037,2,scan
1786642173.264103,2,camera
1786642173.273765,1,scan
1786642173.275897,1,camera
1786642173.280328,3,camera
1786642173.282870,3,scan
1786642173.325517,2,scan
1786642173.362249,2,camera
1786642173.374566,1,scan
1786642173.379567,1,camera
1786642173.382713,3,scan
1786642173.383994,3,camera
1786642173.427242,2,scan
1786642173.461239,2,camera
1786642173.473916,1,scan
1786642173.479757,3,camera
1786642173.482130,3,scan
1786642173.525755,2,scan
1786642173.564302,2,camera
1786642173.573601,1,scan
1786642173.579274,1,camera
1786642173.582197,3,camera
1786642173.583571,3,scan
1786642173.626979,2,scan
1786642173.653977,2,camera
1786642173.668785,1,camera
1786642173.673257,1,scan
1786642173.682972,3,scan
1786642173.689395,3,camera
1786642173.725586,2,scan
1786642173.762006,2,camera
1786642173.774407,1,scan
1786642173.779476,1,camera
1786642173.781302,3,camera
1786642173.782043,3,scan
1786642173.826136,2,scan
1786642173.862623,2,camera
1786642173.873458,1,scan
1786642173.877528,1,camera
1786642173.880794,3,camera
1786642173.882544,3,scan
1786642173.925897,2,scan
1786642173.963280,2,camera
1786642173.973761,1,scan
1786642173.980463,3,camera
1786642173.982914,1,camera
1786642173.983389,3,scan
1786642174.026541,2,scan
1786642174.074546,2,camera
1786642174.075288,1,scan
1786642174.086953,3,scan
1786642174.094180,3,camera
1786642174.100960,1,camera
1786642174.126559,2,scan
1786642174.171462,1,camera
1786642174.172879,1,scan
1786642174.175089,3,camera
1786642174.181810,3,scan
1786642174.227114,2,scan
1786642174.254505,2,camera
1786642174.273938,1,scan
1786642174.277447,1,camera
1786642174.280162,3,camera
1786642174.282431,3,scan
1786642174.325835,2,scan
1786642174.361250,2,camera
1786642174.374214,1,scan
1786642174.376021,1,camera
1786642174.382152,3,camera
1786642174.383032,3,scan
1786642174.426372,2,scan
1786642174.464757,2,camera
1786642174.474993,1,scan
1786642174.478243,1,camera
1786642174.479025,3,camera
1786642174.482275,3,scan
1786642174.525589,2,scan
1786642174.562650,2,camera
1786642174.573967,1,scan
1786642174.579426,1,camera
1786642174.579953,3,camera
1786642174.582473,3,scan
1786642174.626924,2,scan
1786642174.662803,2,camera
1786642174.673511,1,scan
1786642174.677249,1,camera
1786642174.681926,3,camera
1786642174.682608,3,scan
1786642174.726871,2,scan
1786642174.763352,2,camera
1786642174.771577,1,camera
1786642174.772812,1,scan
1786642174.774153,3,camera
1786642174.781936,3,scan
1786642174.825576,2,scan
1786642174.863302,2,camera
1786642174.872943,1,scan
1786642174.876251,1,camera
1786642174.878622,3,camera
1786642174.883006,3,scan
1786642174.925659,2,scan
1786642174.963264,2,camera
1786642174.973360,1,scan
1786642174.973894,1,camera
1786642174.983672,3,scan
1786642174.991634,3,camera
1786642175.026920,2,scan
1786642175.076158,1,scan
1786642175.077006,2,camera
1786642175.082581,1,camera
1786642175.084893,3,scan
1786642175.109525,3,camera
1786642175.125800,2,scan
1786642175.169684,2,camera
1786642175.173788,1,scan
1786642175.174581,3,camera
1786642175.180861,1,camera
1786642175.181772,3,scan
1786642175.226153,2,scan
1786642175.262368,2,camera
1786642175.274078,1,scan
1786642175.278441,3,camera
1786642175.282974,3,scan
1786642175.285846,1,camera
1786642175.326397,2,scan
1786642175.362593,2,camera
1786642175.373500,1,scan
1786642175.381102,3,camera
1786642175.381591,1,camera
1786642175.426955,2,scan
1786642175.473446,2,camera
1786642175.473820,1,scan
1786642175.477248,1,camera
1786642175.483459,3,scan
1786642175.489614,3,camera
1786642175.526289,2,scan
1786642175.573606,1,scan
1786642175.578961,1,camera
1786642175.582321,3,camera
1786642175.583652,3,scan
1786642175.626130,2,scan
1786642175.658105,2,camera
1786642175.673974,1,scan
1786642175.680096,3,camera
1786642175.681325,1,camera
1786642175.683531,3,scan
1786642175.725524,2,scan
1786642175.764795,2,camera
1786642175.774615,1,scan
1786642175.780962,1,camera
1786642175.781433,3,camera
1786642175.785909,3,scan
1786642175.825933,2,scan
1786642175.862077,2,camera
1786642175.873454,1,scan
1786642175.877039,1,camera
1786642175.885184,3,camera
1786642175.885836,3,scan
1786642175.926305,2,scan
1786642175.961926,2,camera
1786642175.973860,1,scan
1786642175.976887,1,camera
1786642175.981408,3,camera
1786642175.982013,3,scan
1786642176.028099,2,scan
1786642176.064852,2,camera
1786642176.075275,1,scan
1786642176.083770,3,scan
1786642176.086282,1,camera
1786642176.094516,3,camera
1786642176.126842,2,scan
1786642176.174330,1,scan
1786642176.178082,1,camera
1786642176.180492,3,camera
1786642176.181860,3,scan
1786642176.225627,2,scan
1786642176.260331,2,camera
1786642176.273624,1,scan
1786642176.276279,1,camera
1786642176.278304,3,camera
1786642176.284364,3,scan
1786642176.327121,2,scan
1786642176.373127,1,scan
1786642176.375990,1,camera
1786642176.380276,3,camera
1786642176.382571,3,scan
1786642176.425883,2,scan
1786642176.464633,2,camera
1786642176.473168,1,scan
1786642176.478738,1,camera
1786642176.480801,3,camera
1786642176.482553,3,scan
1786642176.526143,2,scan
1786642176.562123,2,camera
1786642176.573486,1,scan
1786642176.578655,3,camera
1786642176.582623,3,scan
1786642176.626238,2,scan
1786642176.660668,2,camera
1786642176.673479,1,scan
1786642176.676043,1,camera
1786642176.681821,3,camera
1786642176.682686,3,scan
1786642176.726222,2,scan
1786642176.762326,2,camera
1786642176.773926,1,scan
1786642176.777031,1,camera
1786642176.782969,3,scan
1786642176.826810,2,scan
1786642176.862803,2,camera
1786642176.872810,1,scan
1786642176.874618,1,camera
1786642176.877586,3,camera
1786642176.881996,3,scan
1786642176.926903,2,scan
1786642176.961846,2,camera
1786642176.968786,1,camera
1786642176.972463,3,camera
1786642176.972616,1,scan
1786642176.982022,3,scan
1786642177.026103,2,scan
1786642177.074784,1,scan
1786642177.076089,2,camera
1786642177.083888,3,scan
1786642177.095165,3,camera
1786642177.096905,1,camera
1786642177.126503,2,scan
1786642177.159800,2,camera
1786642177.174267,1,scan
1786642177.179887,3,camera
1786642177.182841,3,scan
1786642177.186562,1,camera
1786642177.226749,2,scan
1786642177.259437,2,camera
1786642177.273974,1,scan
1786642177.278192,3,camera
1786642177.279122,1,camera
1786642177.282479,3,scan
1786642177.328143,2,scan
1786642177.362359,2,camera
1786642177.373711,1,scan
1786642177.376104,1,camera
1786642177.380367,3,camera
1786642177.382391,3,scan
1786642177.425278,2,scan
1786642177.463528,2,camera
1786642177.473522,1,scan
1786642177.482388,3,camera
1786642177.483619,3,scan
1786642177.485670,1,camera
1786642177.526230,2,scan
1786642177.562385,2,camera
1786642177.573456,1,scan
1786642177.577966,1,camera
1786642177.579144,3,camera
1786642177.582297,3,scan
1786642177.626200,2,scan
1786642177.673829,1,scan
1786642177.678584,1,camera
1786642177.681190,3,camera
1786642177.682066,3,scan
1786642177.727020,2,scan
1786642177.764333,2,camera
1786642177.773960,1,scan
1786642177.779956,1,camera
1786642177.782759,3,scan
1786642177.790803,3,camera
1786642177.825511,2,scan
1786642177.861717,2,camera
1786642177.874113,1,scan
1786642177.878279,1,camera
1786642177.882374,3,camera
1786642177.883197,3,scan
1786642177.925833,2,scan
1786642177.963600,2,camera
1786642177.973118,1,scan
1786642177.983483,3,scan
1786642177.984630,3,camera
1786642177.991035,1,camera
1786642178.026196,2,scan
1786642178.073924,1,scan
1786642178.074479,2,camera
1786642178.075731,3,camera
1786642178.083586,3,scan
1786642178.084671,1,camera
1786642178.125617,2,scan
1786642178.157775,2,camera
1786642178.174120,1,scan
1786642178.182051,3,camera
1786642178.183464,3,scan
1786642178.226781,2,scan
1786642178.257321,2,camera
1786642178.273073,1,scan
1786642178.279207,3,camera
1786642178.280347,1,camera
1786642178.283298,3,scan
1786642178.326396,2,scan
1786642178.361876,2,camera
1786642178.373339,1,scan
1786642178.379446,1,camera
1786642178.381741,3,camera
1786642178.382457,3,scan
1786642178.426273,2,scan
1786642178.462310,2,camera
1786642178.473239,1,scan
1786642178.478079,1,camera
1786642178.482150,3,scan
1786642178.484020,3,camera
1786642178.526323,2,scan
1786642178.566575,2,camera
1786642178.573829,1,scan
1786642178.579924,3,camera
1786642178.583638,3,scan
1786642178.587999,1,camera
1786642178.625807,2,scan
1786642178.660718,2,camera
1786642178.674726,1,scan
1786642178.677017,1,camera
1786642178.678797,3,camera
1786642178.682375,3,scan
1786642178.725684,2,scan
1786642178.764262,2,camera
1786642178.773433,1,scan
1786642178.778467,1,camera
1786642178.783461,3,scan
1786642178.796192,3,camera
1786642178.826119,2,scan
1786642178.862845,2,camera
1786642178.874134,1,scan
1786642178.879293,1,camera
1786642178.882466,3,scan
1786642178.883496,3,camera
1786642178.925238,2,scan
1786642178.964180,2,camera
1786642178.973553,1,scan
1786642178.977922,1,camera
1786642178.980641,3,camera
1786642178.983579,3,scan
1786642179.026651,2,scan
1786642179.073481,1,scan
1786642179.084057,3,scan
1786642179.091933,3,camera
1786642179.092988,1,camera
1786642179.097257,2,camera
1786642179.126501,2,scan
1786642179.171466,2,camera
1786642179.172784,1,scan
1786642179.178524,3,camera
1786642179.182666,1,camera
1786642179.183102,3,scan
1786642179.225502,2,scan
1786642179.266116,2,camera
1786642179.275503,1,scan
1786642179.280313,1,camera
1786642179.281657,3,camera
1786642179.282880,3,scan
1786642179.325913,2,scan
1786642179.361492,2,camera
1786642179.374374,1,scan
1786642179.376176,1,camera
1786642179.382302,3,scan
1786642179.382851,3,camera
1786642179.426299,2,scan
1786642179.462074,2,camera
1786642179.473954,1,scan
1786642179.481972,3,camera
1786642179.482549,1,camera
1786642179.483984,3,scan
1786642179.526121,2,scan
1786642179.574843,1,scan
1786642179.579597,1,camera
1786642179.584020,3,scan
1786642179.586734,3,camera
1786642179.630462,2,scan
1786642179.659936,2,camera
1786642179.673625,1,scan
1786642179.674496,1,camera
1786642179.682673,3,scan
1786642179.687180,3,camera
1786642179.730200,2,scan
1786642179.772200,2,camera
1786642179.773172,1,scan
1786642179.778984,1,camera
1786642179.782794,3,scan
1786642179.791819,3,camera
1786642179.826805,2,scan
1786642179.872032,2,camera
1786642179.873588,1,scan
1786642179.874539,1,camera
1786642179.879890,3,camera
1786642179.883487,3,scan
1786642179.926227,2,scan
1786642179.961416,2,camera
1786642179.973914,1,camera
1786642179.974511,1,scan
1786642179.978424,3,camera
1786642179.984411,3,scan
1786642180.026918,2,scan
1786642180.066411,2,camera
1786642180.074340,1,scan
1786642180.084315,3,scan
1786642180.088976,1,camera
1786642180.114313,3,camera
1786642180.125898,2,scan
1786642180.172599,1,scan
1786642180.181157,1,camera
1786642180.183439,3,scan
1786642180.185504,3,camera
1786642180.225651,2,scan
1786642180.253527,2,camera
1786642180.269533,1,camera
1786642180.272313,3,camera
1786642180.272495,1,scan
1786642180.281905,3,scan
1786642180.325644,2,scan
1786642180.361844,2,camera
1786642180.372680,1,scan
1786642180.379138,1,camera
1786642180.380412,3,camera
1786642180.382330,3,scan
1786642180.426371,2,scan
1786642180.461789,2,camera
1786642180.474117,1,scan
1786642180.478638,1,camera
1786642180.482949,3,camera
1786642180.485347,3,scan
1786642180.528560,2,scan
1786642180.563334,2,camera
1786642180.577402,1,scan
1786642180.578844,1,camera
1786642180.581728,3,camera
1786642180.582489,3,scan
1786642180.626161,2,scan
1786642180.656448,2,camera
1786642180.671571,1,camera
1786642180.672887,1,scan
1786642180.675789,3,camera
1786642180.684244,3,scan
1786642180.727960,2,scan
1786642180.763535,2,camera
1786642180.773457,1,scan
1786642180.784191,3,scan
1786642180.788664,3,camera
1786642180.825397,2,scan
1786642180.861680,2,camera
1786642180.873747,1,scan
1786642180.878859,1,camera
1786642180.880778,3,camera
1786642180.882616,3,scan
1786642180.926089,2,scan
1786642180.963548,2,camera
1786642180.973109,1,scan
1786642180.979136,1,camera
1786642180.982574,3,scan
1786642180.986164,3,camera
1786642181.026218,2,scan
1786642181.074646,1,scan
1786642181.079784,1,camera
1786642181.084131,3,scan
1786642181.094136,3,camera
1786642181.099841,2,camera
1786642181.129384,2,scan
1786642181.164088,2,camera
1786642181.169008,1,camera
1786642181.174069,1,scan
1786642181.182814,3,camera
1786642181.184099,3,scan
1786642181.225151,2,scan
1786642181.255257,2,camera
1786642181.274021,1,scan
1786642181.276025,1,camera
1786642181.283388,3,scan
1786642181.292078,3,camera
1786642181.325723,2,scan
1786642181.354863,2,camera
1786642181.373261,1,camera
1786642181.373738,1,scan
1786642181.377795,3,camera
1786642181.381774,3,scan
1786642181.426371,2,scan
1786642181.463749,2,camera
1786642181.473692,1,scan
1786642181.476631,1,camera
1786642181.480918,3,camera
1786642181.481965,3,scan
1786642181.526768,2,scan
1786642181.564029,2,camera
1786642181.572991,1,scan
1786642181.579415,1,camera
1786642181.582561,3,scan
1786642181.590316,3,camera
1786642181.625194,2,scan
1786642181.663178,2,camera
1786642181.673835,1,scan
1786642181.674942,1,camera
1786642181.682420,3,scan
1786642181.688921,3,camera
1786642181.726398,2,scan
1786642181.762915,2,camera
1786642181.774377,1,scan
1786642181.780622,3,camera
1786642181.785196,3,scan
1786642181.785678,1,camera
1786642181.825759,2,scan
1786642181.855320,2,camera
1786642181.873455,1,scan
1786642181.876960,1,camera
1786642181.881043,3,camera
1786642181.881918,3,scan
1786642181.926240,2,scan
1786642181.962278,2,camera
1786642181.972966,1,scan
1786642181.976850,1,camera
1786642181.979799,3,camera
1786642181.981948,3,scan
1786642182.026939,2,scan
1786642182.074299,1,scan
1786642182.082583,1,camera
1786642182.083080,3,scan
1786642182.084255,2,camera
1786642182.090983,3,camera
1786642182.127981,2,scan
1786642182.161115,2,camera
1786642182.173559,1,scan
1786642182.182031,3,scan
1786642182.187121,3,camera
1786642182.226110,2,scan
1786642182.253114,2,camera
1786642182.273749,1,scan
1786642182.279136,1,camera
1786642182.280548,3,camera
1786642182.284499,3,scan
1786642182.326100,2,scan
1786642182.363872,2,camera
1786642182.374725,1,scan
1786642182.378398,1,camera
1786642182.382539,3,scan
1786642182.386980,3,camera
1786642182.425359,2,scan
1786642182.457663,2,camera
1786642182.470904,1,camera
1786642182.472665,1,scan
1786642182.473279,3,camera
1786642182.483413,3,scan
1786642182.525608,2,scan
1786642182.573002,2,camera
1786642182.573899,1,scan
1786642182.577445,1,camera
1786642182.579751,3,camera
1786642182.582389,3,scan
1786642182.626005,2,scan
1786642182.662041,2,camera
1786642182.671785,1,camera
1786642182.672806,1,scan
1786642182.675128,3,camera
1786642182.682069,3,scan
1786642182.726392,2,scan
1786642182.763495,2,camera
1786642182.773223,1,scan
1786642182.776496,1,camera
1786642182.782388,3,scan
1786642182.783524,3,camera
1786642182.826660,2,scan
1786642182.865327,2,camera
1786642182.873604,1,scan
1786642182.878962,1,camera
1786642182.881860,3,scan
1786642182.882750,3,camera
1786642182.927111,2,scan
1786642182.963316,2,camera
1786642182.974109,1,scan
1786642182.977131,1,camera
1786642182.982476,3,scan
1786642182.984074,3,camera
1786642183.026239,2,scan
1786642183.070459,2,camera
1786642183.074394,1,scan
1786642183.085428,3,scan
1786642183.098335,3,camera
1786642183.126632,2,scan
1786642183.157072,2,camera
1786642183.173914,1,scan
1786642183.174922,1,camera
1786642183.183567,3,scan
1786642183.185541,3,camera
1786642183.225677,2,scan
1786642183.260441,2,camera
1786642183.274958,1,scan
1786642183.278574,3,camera
1786642183.282147,3,scan
1786642183.283573,1,camera
1786642183.325492,2,scan
1786642183.363238,2,camera
1786642183.373008,1,scan
1786642183.378068,1,camera
1786642183.382285,3,scan
1786642183.383149,3,camera
1786642183.425629,2,scan
1786642183.463455,2,camera
1786642183.473102,1,scan
1786642183.476383,3,camera
1786642183.483891,3,scan
1786642183.525964,2,scan
1786642183.568373,1,camera
1786642183.572150,1,scan
1786642183.584246,3,scan
1786642183.585744,3,camera
1786642183.625469,2,scan
1786642183.655968,2,camera
1786642183.673290,1,scan
1786642183.679790,3,camera
1786642183.682925,3,scan
1786642183.687358,1,camera
1786642183.728534,2,scan
1786642183.764384,2,camera
1786642183.777513,1,scan
1786642183.782640,3,scan
1786642183.783304,3,camera
1786642183.784842,1,camera
1786642183.828491,2,scan
1786642183.865268,2,camera
1786642183.873923,1,scan
1786642183.881351,3,camera
1786642183.882358,3,scan
1786642183.925414,2,scan
1786642183.961923,2,camera
1786642183.975398,1,scan
1786642183.978471,1,camera
1786642183.982499,3,scan
1786642183.991913,3,camera
1786642184.029325,2,scan
1786642184.074141,2,camera
1786642184.076461,1,scan
1786642184.084026,3,scan
1786642184.107056,3,camera
1786642184.126493,2,scan
1786642184.156002,2,camera
1786642184.169408,1,camera
1786642184.172789,1,scan
1786642184.174907,3,camera
1786642184.185208,3,scan
1786642184.225826,2,scan
1786642184.263534,2,camera
1786642184.274417,1,scan
1786642184.279178,3,camera
1786642184.282300,3,scan
1786642184.289117,1,camera
1786642184.325965,2,scan
1786642184.361912,2,camera
1786642184.374265,1,scan
1786642184.382754,3,scan
1786642184.385613,1,camera
1786642184.425452,2,scan
1786642184.463058,2,camera
1786642184.473535,1,scan
1786642184.482116,3,scan
1786642184.488210,3,camera
1786642184.525897,2,scan
1786642184.564012,2,camera
1786642184.573110,1,scan
1786642184.574328,1,camera
1786642184.579690,3,camera
1786642184.584590,3,scan
1786642184.626601,2,scan
1786642184.657132,2,camera
1786642184.674162,1,scan
1786642184.681751,3,camera
1786642184.682538,3,scan
1786642184.687997,1,camera
1786642184.725969,2,scan
1786642184.776300,1,scan
1786642184.782377,3,camera
1786642184.783214,3,scan
1786642184.788573,1,camera
1786642184.825804,2,scan
1786642184.859085,2,camera
1786642184.873490,1,scan
1786642184.877890,1,camera
1786642184.881840,3,camera
1786642184.882941,3,scan
1786642184.925758,2,scan
1786642184.974654,1,scan
1786642184.978660,1,camera
1786642184.986538,3,scan
1786642185.003065,3,camera
1786642185.026756,2,scan
1786642185.066922,2,camera
1786642185.073962,1,scan
1786642185.084409,3,scan
1786642185.093950,3,camera
1786642185.126868,2,scan
1786642185.165145,2,camera
1786642185.175961,1,scan
1786642185.178148,3,camera
1786642185.180084,1,camera
1786642185.181933,3,scan
1786642185.225875,2,scan
1786642185.257131,2,camera
1786642185.275819,1,scan
1786642185.279737,3,camera
1786642185.281468,1,camera
1786642185.282759,3,scan
1786642185.325904,2,scan
1786642185.362679,2,camera
1786642185.374868,1,scan
1786642185.377293,1,camera
1786642185.382383,3,scan
1786642185.392660,3,camera
1786642185.425972,2,scan
1786642185.464242,2,camera
1786642185.475127,1,scan
1786642185.480886,3,camera
1786642185.482570,3,scan
1786642185.526478,2,scan
1786642185.561585,2,camera
1786642185.574379,1,scan
1786642185.578760,1,camera
1786642185.579606,3,camera
1786642185.582737,3,scan
1786642185.626140,2,scan
1786642185.661080,2,camera
1786642185.673937,1,scan
1786642185.675914,1,camera
1786642185.681733,3,camera
1786642185.682651,3,scan
1786642185.725923,2,scan
1786642185.761524,2,camera
1786642185.774198,1,scan
1786642185.779475,1,camera
1786642185.782606,3,scan
1786642185.792583,3,camera
1786642185.826291,2,scan
1786642185.864094,2,camera
1786642185.873631,1,scan
1786642185.878258,1,camera
1786642185.881029,3,camera
1786642185.882377,3,scan
1786642185.925794,2,scan
1786642185.973751,1,scan
1786642185.977887,1,camera
1786642185.982619,3,scan
1786642185.991966,3,camera
1786642186.026654,2,scan
1786642186.074879,2,camera
1786642186.075768,1,scan
1786642186.083027,1,camera
1786642186.084293,3,scan
1786642186.093996,3,camera
1786642186.126717,2,scan
1786642186.162976,2,camera
1786642186.169503,1,camera
1786642186.174935,1,scan
1786642186.183000,3,scan
1786642186.184963,3,camera
1786642186.226124,2,scan
1786642186.257411,2,camera
1786642186.274098,1,scan
1786642186.278627,1,camera
1786642186.282266,3,camera
1786642186.283231,3,scan
1786642186.326523,2,scan
1786642186.361888,2,camera
1786642186.373380,1,scan
1786642186.376422,1,camera
1786642186.381059,3,camera
1786642186.382485,3,scan
1786642186.425874,2,scan
1786642186.463063,2,camera
1786642186.473083,1,scan
1786642186.475463,1,camera
1786642186.480227,3,camera
1786642186.482491,3,scan
1786642186.526923,2,scan
1786642186.563343,2,camera
1786642186.574855,1,scan
1786642186.576829,1,camera
1786642186.580714,3,camera
1786642186.582822,3,scan
1786642186.656404,2,camera
1786642186.672893,1,scan
1786642186.685108,3,scan
1786642186.692656,3,camera
1786642186.728128,2,scan
1786642186.766075,2,camera
1786642186.772557,1,scan
1786642186.776088,1,camera
1786642186.782922,3,scan
1786642186.792090,3,camera
1786642186.825589,2,scan
1786642186.861950,2,camera
1786642186.874363,1,scan
1786642186.876629,1,camera
1786642186.881029,3,camera
1786642186.882241,3,scan
1786642186.925414,2,scan
1786642186.963427,2,camera
1786642186.973027,1,scan
1786642186.978250,1,camera
1786642186.983373,3,scan
1786642187.027128,2,scan
1786642187.072545,2,camera
1786642187.074451,1,scan
1786642187.082860,3,scan
1786642187.091476,1,camera
1786642187.096607,3,camera
1786642187.125624,2,scan
1786642187.168796,2,camera
1786642187.173449,1,scan
1786642187.181659,3,scan
1786642187.182237,1,camera
1786642187.185333,3,camera
1786642187.226337,2,scan
1786642187.266374,2,camera
1786642187.270014,1,camera
1786642187.274007,1,scan
1786642187.274716,3,camera
1786642187.282763,3,scan
1786642187.325661,2,scan
1786642187.368427,2,camera
1786642187.373069,1,scan
1786642187.382462,3,scan
1786642187.383051,1,camera
1786642187.390971,3,camera
1786642187.426374,2,scan
1786642187.464262,2,camera
1786642187.474780,1,scan
1786642187.477668,1,camera
1786642187.485897,3,scan
1786642187.513098,3,camera
1786642187.526659,2,scan
1786642187.561724,2,camera
1786642187.573879,1,scan
1786642187.577653,1,camera
1786642187.580227,3,camera
1786642187.583209,3,scan
1786642187.627531,2,scan
1786642187.658585,2,camera
1786642187.673473,1,scan
1786642187.676535,1,camera
1786642187.680352,3,camera
1786642187.682638,3,scan
1786642187.726792,2,scan
1786642187.764487,2,camera
1786642187.774217,1,scan
1786642187.777947,1,camera
1786642187.781683,3,camera
1786642187.783188,3,scan
1786642187.826144,2,scan
1786642187.862581,2,camera
1786642187.874186,1,scan
1786642187.881537,3,camera
1786642187.882095,3,scan
1786642187.887348,1,camera
1786642187.925117,2,scan
1786642187.971356,2,camera
1786642187.973025,1,scan
1786642187.974536,1,camera
1786642187.982020,3,scan
1786642188.026572,2,scan
1786642188.074080,1,scan
1786642188.078769,2,camera
1786642188.083028,3,scan
1786642188.090815,1,camera
1786642188.095366,3,camera
1786642188.126653,2,scan
1786642188.159901,2,camera
1786642188.173298,1,scan
1786642188.175318,1,camera
1786642188.179686,3,camera
1786642188.182091,3,scan
1786642188.225905,2,scan
1786642188.253206,2,camera
1786642188.274034,1,scan
1786642188.274767,1,camera
1786642188.279871,3,camera
1786642188.285257,3,scan
1786642188.326482,2,scan
1786642188.361515,2,camera
1786642188.373877,1,scan
1786642188.380925,3,camera
1786642188.381361,1,camera
1786642188.383044,3,scan
1786642188.426353,2,scan
1786642188.459393,2,camera
1786642188.472936,1,scan
1786642188.475105,1,camera
1786642188.482575,3,camera
1786642188.487161,3,scan
1786642188.525578,2,scan
1786642188.564409,2,camera
1786642188.573303,1,scan
1786642188.579520,3,camera
1786642188.582717,3,scan
1786642188.626750,2,scan
1786642188.670908,2,camera
1786642188.672822,1,scan
1786642188.676925,1,camera
1786642188.681625,3,camera
1786642188.683189,3,scan
1786642188.725628,2,scan
1786642188.761922,2,camera
1786642188.773481,1,scan
1786642188.777415,1,camera
1786642188.779599,3,camera
1786642188.782454,3,scan
1786642188.826630,2,scan
1786642188.864166,2,camera
1786642188.873410,1,scan
1786642188.878292,1,camera
1786642188.880262,3,camera
1786642188.882216,3,scan
1786642188.925953,2,scan
1786642188.959413,2,camera
1786642188.973506,1,scan
1786642188.977892,1,camera
1786642188.982563,3,scan
1786642189.026155,2,scan
1786642189.074164,1,scan
1786642189.079295,2,camera
1786642189.087683,1,camera
1786642189.088424,3,camera
1786642189.125851,2,scan
1786642189.156994,2,camera
1786642189.171239,1,camera
1786642189.173442,1,scan
1786642189.174757,3,camera
1786642189.182309,3,scan
1786642189.225035,2,scan
1786642189.256196,2,camera
1786642189.273974,1,scan
1786642189.276602,1,camera
1786642189.282154,3,scan
1786642189.293599,3,camera
1786642189.326792,2,scan
1786642189.361675,2,camera
1786642189.372771,1,scan
1786642189.374922,3,camera
1786642189.375561,1,camera
1786642189.383129,3,scan
1786642189.426144,2,scan
1786642189.473959,1,scan
1786642189.477280,1,camera
1786642189.482335,3,scan
1786642189.489391,3,camera
1786642189.525990,2,scan
1786642189.563935,2,camera
1786642189.573650,1,scan
1786642189.575506,1,camera
1786642189.582876,3,scan
1786642189.589346,3,camera
1786642189.625841,2,scan
1786642189.663415,2,camera
1786642189.673747,1,camera
1786642189.674576,1,scan
1786642189.675344,3,camera
1786642189.682611,3,scan
1786642189.725713,2,scan
1786642189.764112,2,camera
1786642189.773271,1,scan
1786642189.781170,1,camera
1786642189.782559,3,scan
1786642189.790760,3,camera
1786642189.825876,2,scan
1786642189.861638,2,camera
1786642189.872926,1,scan
1786642189.880150,3,camera
1786642189.886242,3,scan
1786642189.887435,1,camera
1786642189.925951,2,scan
1786642189.964035,2,camera
1786642189.975084,1,scan
1786642189.978663,1,camera
1786642189.983048,3,scan
1786642189.988853,3,camera
1786642190.027880,2,scan
1786642190.074287,1,scan
1786642190.082736,3,scan
1786642190.087615,1,camera
1786642190.088730,2,camera
1786642190.102443,3,camera
1786642190.127057,2,scan
1786642190.155248,2,camera
1786642190.170129,1,camera
1786642190.172756,1,scan
1786642190.174518,3,camera
1786642190.181638,3,scan
1786642190.224899,2,scan
1786642190.271814,2,camera
1786642190.273292,1,scan
1786642190.281658,3,camera
1786642190.282557,3,scan
1786642190.326188,2,scan
1786642190.361016,2,camera
1786642190.371011,1,camera
1786642190.372481,1,scan
1786642190.380931,3,camera
1786642190.381922,3,scan
1786642190.425620,2,scan
1786642190.464264,2,camera
1786642190.473863,1,scan
1786642190.476361,1,camera
1786642190.481283,3,camera
1786642190.482286,3,scan
1786642190.525887,2,scan
1786642190.562444,2,camera
1786642190.573576,1,scan
1786642190.577923,1,camera
1786642190.583362,3,scan
1786642190.602467,3,camera
1786642190.627407,2,scan
1786642190.663121,2,camera
1786642190.673312,1,scan
1786642190.682291,3,scan
1786642190.725516,2,scan
1786642190.773572,1,scan
1786642190.781060,3,camera
1786642190.782789,3,scan
1786642190.787158,1,camera
1786642190.825915,2,scan
1786642190.861279,2,camera
1786642190.874140,1,scan
1786642190.881355,3,camera
1786642190.882161,3,scan
1786642190.887454,1,camera
1786642190.927537,2,scan
1786642190.964630,2,camera
1786642190.974023,1,scan
1786642190.977401,1,camera
1786642190.984004,3,scan
1786642190.992748,3,camera
1786642191.029209,2,scan
1786642191.074391,1,scan
1786642191.079657,2,camera
1786642191.084316,3,scan
1786642191.090564,1,camera
1786642191.095778,3,camera
1786642191.125502,2,scan
1786642191.168498,2,camera
1786642191.172211,1,camera
1786642191.174368,1,scan
1786642191.179115,3,camera
1786642191.181672,3,scan
1786642191.225501,2,scan
1786642191.267659,2,camera
1786642191.273086,1,scan
1786642191.276904,1,camera
1786642191.280945,3,camera
1786642191.282245,3,scan
1786642191.326807,2,scan
1786642191.364003,2,camera
1786642191.373447,1,scan
1786642191.380483,1,camera
1786642191.383257,3,scan
1786642191.383811,3,camera
1786642191.426373,2,scan
1786642191.463234,2,camera
1786642191.474164,1,scan
1786642191.475299,1,camera
1786642191.482272,3,scan
1786642191.499872,3,camera
1786642191.526744,2,scan
1786642191.562091,2,camera
1786642191.572723,1,scan
1786642191.576097,1,camera
1786642191.577149,3,camera
1786642191.583098,3,scan
1786642191.625976,2,scan
1786642191.664610,2,camera
1786642191.674138,1,scan
1786642191.676732,1,camera
1786642191.680992,3,camera
1786642191.681783,3,scan
1786642191.727478,2,scan
1786642191.762016,2,camera
1786642191.773808,1,scan
1786642191.777117,1,camera
1786642191.780978,3,camera
1786642191.782474,3,scan
1786642191.826927,2,scan
1786642191.864351,2,camera
1786642191.873379,1,scan
1786642191.880128,1,camera
1786642191.881411,3,scan
1786642191.882397,3,camera
1786642191.927150,2,scan
1786642191.961942,2,camera
1786642191.975150,3,camera
1786642191.977596,1,scan
1786642191.984829,3,scan
1786642192.026324,2,scan
1786642192.084602,3,scan
1786642192.089339,2,camera
1786642192.090434,1,scan
1786642192.102257,1,camera
1786642192.107206,3,camera
1786642192.125650,2,scan
1786642192.163876,2,camera
1786642192.176970,3,camera
1786642192.182745,3,scan
1786642192.225370,2,scan
1786642192.256123,2,camera
1786642192.280528,3,camera
1786642192.280983,1,scan
1786642192.281923,3,scan
1786642192.327033,2,scan
1786642192.361253,2,camera
1786642192.373015,3,camera
1786642192.375622,1,scan
1786642192.382596,3,scan
1786642192.393457,1,camera
1786642192.429916,2,scan
1786642192.463789,2,camera
1786642192.477447,3,camera
1786642192.478858,1,scan
1786642192.482251,3,scan
1786642192.483875,1,camera
1786642192.531480,2,scan
1786642192.576561,2,camera
1786642192.577972,1,scan
1786642192.582675,3,scan
1786642192.585449,1,camera
1786642192.633107,2,scan
1786642192.675754,2,camera
1786642192.677171,1,scan
1786642192.682823,3,scan
1786642192.700179,1,camera
1786642192.731821,2,scan
1786642192.780315,3,camera
1786642192.781653,3,scan
1786642192.787465,1,camera
1786642192.829100,2,scan
1786642192.876046,2,camera
1786642192.879778,1,scan
1786642192.884205,3,camera
1786642192.885583,1,camera
1786642192.888175,3,scan
1786642192.930918,2,scan
1786642192.972751,2,camera
1786642192.976985,1,scan
1786642192.984067,3,scan
1786642192.989524,1,camera
1786642193.031307,2,scan
1786642193.077623,1,scan
1786642193.078793,2,camera
1786642193.085973,3,scan
1786642193.093037,3,camera
1786642193.129628,2,scan
1786642193.167659,2,camera
1786642193.177057,1,scan
1786642193.183006,1,camera
1786642193.190202,3,scan
1786642193.230552,2,scan
1786642193.264073,2,camera
1786642193.280113,1,scan
1786642193.286642,3,scan
1786642193.287656,1,camera
1786642193.290647,3,camera
1786642193.330057,2,scan
1786642193.376905,2,camera
1786642193.377768,1,scan
1786642193.381205,1,camera
1786642193.387151,3,scan
1786642193.388697,3,camera
1786642193.429525,2,scan
1786642193.472055,2,camera
1786642193.477282,1,scan
1786642193.485428,3,camera
1786642193.486485,1,camera
1786642193.487399,3,scan
1786642193.531106,2,scan
1786642193.571007,2,camera
1786642193.578166,1,scan
1786642193.588425,3,scan
1786642193.595232,3,camera
1786642193.600354,1,camera
1786642193.631433,2,scan
1786642193.668377,2,camera
1786642193.676853,1,scan
1786642193.684531,1,camera
1786642193.686368,3,scan
1786642193.696478,3,camera
1786642193.730172,2,scan
1786642193.768325,2,camera
1786642193.778859,1,scan
1786642193.787299,3,camera
1786642193.791097,3,scan
1786642193.792150,1,camera
1786642193.830668,2,scan
1786642193.871871,2,camera
1786642193.876125,1,scan
1786642193.887524,3,scan
1786642193.888601,3,camera
1786642193.901881,1,camera
1786642193.928959,2,scan
1786642193.970397,2,camera
1786642193.976424,1,scan
1786642193.988254,3,scan
1786642193.991846,1,camera
1786642193.994496,3,camera
1786642194.030165,2,scan
1786642194.079283,1,scan
1786642194.088661,3,scan
1786642194.089685,2,camera
1786642194.104563,1,camera
1786642194.116075,3,camera
1786642194.128886,2,scan
1786642194.164779,2,camera
1786642194.178108,1,camera
1786642194.178561,1,scan
1786642194.181091,3,camera
1786642194.186002,3,scan
1786642194.229787,2,scan
1786642194.264130,2,camera
1786642194.279655,1,scan
1786642194.290846,3,scan
1786642194.291790,3,camera
1786642194.330460,2,scan
1786642194.373761,2,camera
1786642194.379563,1,scan
1786642194.383554,1,camera
1786642194.387386,3,scan
1786642194.432079,2,scan
1786642194.474620,2,camera
1786642194.478491,1,scan
1786642194.488539,3,scan
1786642194.494748,3,camera
1786642194.530229,2,scan
1786642194.571001,2,camera
1786642194.580924,1,scan
1786642194.586993,3,scan
1786642194.590356,1,camera
1786642194.631114,2,scan
1786642194.673692,2,camera
1786642194.678937,1,scan
1786642194.691673,3,camera
1786642194.693065,3,scan
1786642194.695272,1,camera
1786642194.730754,2,scan
1786642194.778114,1,scan
1786642194.784479,2,camera
1786642194.787391,3,scan
1786642194.789175,3,camera
1786642194.831048,2,scan
1786642194.873837,2,camera
1786642194.877492,1,scan
1786642194.887522,3,scan
1786642194.890571,1,camera
1786642194.933885,2,scan
1786642194.977847,2,camera
1786642194.979235,1,scan
1786642194.987822,3,scan
1786642194.990616,1,camera
1786642194.995276,3,camera
1786642195.031815,2,scan
1786642195.078650,1,scan
1786642195.086269,3,scan
1786642195.091077,2,camera
1786642195.092803,3,camera
1786642195.105451,1,camera
1786642195.132373,2,scan
1786642195.166777,2,camera
1786642195.176119,1,scan
1786642195.185241,3,scan
1786642195.186484,1,camera
1786642195.186703,3,camera
1786642195.230747,2,scan
1786642195.266762,2,camera
1786642195.278152,1,scan
1786642195.291955,1,camera
1786642195.295038,3,scan
1786642195.295577,3,camera
1786642195.329953,2,scan
1786642195.375877,2,camera
1786642195.376436,1,scan
1786642195.383990,1,camera
1786642195.393101,3,camera
1786642195.398455,3,scan
1786642195.431025,2,scan
1786642195.479757,1,scan
1786642195.489442,3,camera
1786642195.490360,3,scan
1786642195.490848,1,camera
1786642195.530671,2,scan
1786642195.575938,1,scan
1786642195.592362,1,camera
1786642195.592549,3,camera
1786642195.598842,3,scan
1786642195.631857,2,scan
1786642195.676214,2,camera
1786642195.680993,1,scan
1786642195.685153,3,camera
1786642195.687707,3,scan
1786642195.729988,2,scan
1786642195.766919,2,camera
1786642195.776942,1,scan
1786642195.779492,1,camera
1786642195.786264,3,scan
1786642195.789335,3,camera
1786642195.831368,2,scan
1786642195.882167,1,scan
1786642195.886852,3,scan
1786642195.890057,1,camera
1786642195.896108,3,camera
1786642195.928185,2,scan
1786642195.971423,2,camera
1786642195.976344,1,scan
1786642195.987842,3,scan
1786642195.995621,3,camera
1786642196.031217,2,scan
1786642196.079206,1,scan
1786642196.088415,3,scan
1786642196.089368,2,camera
1786642196.108614,1,camera
1786642196.128987,2,scan
1786642196.176081,1,scan
1786642196.176435,2,camera
1786642196.184225,3,scan
1786642196.186972,3,camera
1786642196.187270,1,camera
1786642196.230381,2,scan
1786642196.279003,1,scan
1786642196.284104,1,camera
1786642196.288308,3,scan
1786642196.293872,3,camera
1786642196.331047,2,scan
1786642196.379884,1,scan
1786642196.382473,1,camera
1786642196.382973,3,camera
1786642196.393160,3,scan
1786642196.435197,2,scan
1786642196.479596,1,scan
1786642196.480354,2,camera
1786642196.487256,3,scan
1786642196.492781,3,camera
1786642196.528598,2,scan
1786642196.575616,2,camera
1786642196.581339,1,scan
1786642196.587519,1,camera
1786642196.590281,3,scan
1786642196.596277,3,camera
1786642196.629681,2,scan
1786642196.672620,2,camera
1786642196.680042,1,scan
1786642196.684840,3,scan
1786642196.693775,1,camera
1786642196.730525,2,scan
1786642196.771784,2,camera
1786642196.778419,1,scan
1786642196.788104,3,scan
1786642196.796437,1,camera
1786642196.797082,3,camera
1786642196.835185,2,scan
1786642196.870419,2,camera
1786642196.877886,1,scan
1786642196.884729,3,scan
1786642196.890728,3,camera
1786642196.898542,1,camera
1786642196.930907,2,scan
1786642196.974453,2,camera
1786642196.978728,1,scan
1786642196.987538,3,scan
1786642196.991466,1,camera
1786642196.992544,3,camera
1786642197.034845,2,scan
1786642197.078828,2,camera
1786642197.080076,1,scan
1786642197.089115,3,scan
1786642197.094835,1,camera
1786642197.104818,3,camera
1786642197.128897,2,scan
1786642197.168778,2,camera
1786642197.177177,1,scan
1786642197.184114,1,camera
1786642197.187592,3,scan
1786642197.190759,3,camera
1786642197.228972,2,scan
1786642197.266849,2,camera
1786642197.277657,1,scan
1786642197.283289,1,camera
1786642197.284845,3,scan
1786642197.295934,3,camera
1786642197.331369,2,scan
1786642197.374807,2,camera
1786642197.381089,1,scan
1786642197.385754,3,scan
1786642197.386358,1,camera
1786642197.392950,3,camera
1786642197.430317,2,scan
1786642197.469478,2,camera
1786642197.480929,1,scan
1786642197.482184,1,camera
1786642197.484950,3,camera
1786642197.486287,3,scan
1786642197.529291,2,scan
1786642197.574195,2,camera
1786642197.581260,1,scan
1786642197.586873,3,scan
1786642197.591120,1,camera
1786642197.593423,3,camera
1786642197.629200,2,scan
1786642197.667631,2,camera
1786642197.680504,1,scan
1786642197.686047,3,scan
1786642197.695568,3,camera
1786642197.729092,2,scan
1786642197.771613,2,camera
1786642197.776010,1,scan
1786642197.782511,1,camera
1786642197.785864,3,scan
1786642197.799888,3,camera
1786642197.829424,2,scan
1786642197.876215,1,scan
1786642197.885983,3,scan
1786642197.905121,3,camera
1786642197.930074,2,scan
1786642197.974327,2,camera
1786642197.979253,1,scan
1786642197.983443,1,camera
1786642197.998873,3,scan
1786642198.002250,3,camera
1786642198.043211,2,scan
1786642198.081993,1,scan
1786642198.086040,3,scan
1786642198.136532,2,scan
1786642198.176252,1,scan
1786642198.196574,3,scan
1786642198.228025,2,scan
1786642198.276956,1,scan
1786642198.292934,3,scan
1786642198.331495,2,scan
1786642198.375850,1,scan
1786642198.388029,3,scan
1786642198.432242,2,scan
1786642198.486323,3,scan
1786642198.489671,1,scan
1786642198.528891,2,scan
1786642198.576579,1,scan
1786642198.586529,3,scan
1786642198.628765,2,scan
1786642198.679784,1,scan
1786642198.687218,3,scan
1786642198.730456,2,scan
1786642198.777639,1,scan
1786642198.787296,3,scan
1786642198.833403,2,scan
1786642198.878940,1,scan
1786642198.885964,3,scan
1786642198.931660,2,scan
1786642198.979711,1,scan
1786642198.987138,3,scan
1786642199.030224,2,scan
1786642199.078617,1,scan
1786642199.086993,3,scan
1786642199.132923,2,scan
1786642199.177308,1,scan
1786642199.188277,3,scan
1786642199.233249,2,scan
1786642199.276753,1,scan
1786642199.289365,3,scan
1786642199.332074,2,scan
1786642199.378637,1,scan
1786642199.386205,3,scan
1786642199.430899,2,scan
1786642199.478138,1,scan
1786642199.485899,3,scan
1786642199.535768,2,scan
1786642199.578381,1,scan
1786642199.597012,3,scan
1786642199.629794,2,scan
1786642199.675571,1,scan
1786642199.688803,3,scan
1786642199.729661,2,scan
1786642199.777896,1,scan
1786642199.787663,3,scan
1786642199.830441,2,scan
1786642199.876978,1,scan
1786642199.889863,3,scan
1786642199.929351,2,scan
1786642199.986057,1,scan
1786642199.987043,3,scan
1786642200.031261,2,scan
1786642200.079305,1,scan
1786642200.086138,3,scan
1786642200.131240,2,scan
1786642200.177656,1,scan
1786642200.186317,3,scan
1786642200.228842,2,scan
1786642200.280869,1,scan
1786642200.288862,3,scan
1786642200.330097,2,scan
1786642200.376557,1,scan
1786642200.386967,3,scan
1786642200.429733,2,scan
1786642200.480794,1,scan
1786642200.487113,3,scan
1786642200.529572,2,scan
1786642200.577405,1,scan
1786642200.588044,3,scan
1786642200.631366,2,scan
1786642200.676943,1,scan
1786642200.686745,3,scan
1786642200.730555,2,scan
1786642200.779688,1,scan
1786642200.787945,3,scan
1786642200.828228,2,scan
1786642200.876368,1,scan
1786642200.885412,3,scan
1786642200.928762,2,scan
1786642200.977664,1,scan
1786642200.987360,3,scan
1786642201.032223,2,scan
1786642201.079931,1,scan
1786642201.087320,3,scan
1786642201.134312,2,scan
1786642201.183348,1,scan
1786642201.185779,3,scan
1786642201.228674,2,scan
1786642201.285959,3,scan
1786642201.287507,1,scan
1786642201.329506,2,scan
1786642201.382838,1,scan
1786642201.384508,3,scan
1786642201.431526,2,scan
1786642201.483012,1,scan
1786642201.486107,3,scan
1786642201.535389,2,scan
1786642201.580939,1,scan
1786642201.589641,3,scan
1786642201.631992,2,scan
1786642201.692803,3,scan
1786642201.730929,2,scan
1786642201.778925,1,scan
1786642201.788621,3,scan
1786642201.835859,2,scan
1786642201.879425,1,scan
1786642201.888779,3,scan
1786642201.929460,2,scan
1786642201.978816,1,scan
1786642201.988189,3,scan
1786642202.035208,2,scan
1786642202.080836,1,scan
1786642202.086790,3,scan
1786642202.128204,2,scan
1786642202.177435,1,scan
1786642202.185765,3,scan
1786642202.229068,2,scan
1786642202.277019,1,scan
1786642202.286395,3,scan
1786642202.332044,2,scan
1786642202.378095,1,scan
1786642202.386823,3,scan
1786642202.429687,2,scan
1786642202.477878,1,scan
1786642202.498975,3,scan
1786642202.529671,2,scan
1786642202.579948,1,scan
1786642202.585282,3,scan
1786642202.629762,2,scan
1786642202.677152,1,scan
1786642202.687417,3,scan
1786642202.728528,2,scan
1786642202.790027,1,scan
1786642202.790524,3,scan
1786642202.829669,2,scan
1786642202.876436,1,scan
1786642202.886025,3,scan
1786642202.929525,2,scan
1786642202.977091,1,scan
1786642202.988898,3,scan
1786642203.034454,2,scan
1786642203.079883,1,scan
1786642203.086679,3,scan
1786642203.130753,2,scan
1786642203.176912,1,scan
1786642203.184832,3,scan
1786642203.230594,2,scan
1786642203.287863,3,scan
1786642203.330258,2,scan
1786642203.379595,1,scan
1786642203.386732,3,scan
1786642203.428964,2,scan
1786642203.475636,1,scan
1786642203.488314,3,scan
1786642203.531149,2,scan
1786642203.575509,1,scan
1786642203.586542,3,scan
1786642203.632111,2,scan
1786642203.678652,1,scan
1786642203.686654,3,scan
1786642203.730895,2,scan
1786642203.776156,1,scan
1786642203.788848,3,scan
1786642203.834395,2,scan
1786642203.878808,1,scan
1786642203.886619,3,scan
1786642203.931086,2,scan
1786642203.979885,1,scan
1786642203.985638,3,scan
1786642204.031941,2,scan
1786642204.082039,1,scan
1786642204.087656,3,scan
1786642204.129166,2,scan
1786642204.176554,1,scan
1786642204.187354,3,scan
1786642204.230029,2,scan
1786642204.277235,1,scan
1786642204.287354,3,scan
1786642204.334634,2,scan
1786642204.378385,1,scan
1786642204.395842,3,scan
1786642204.431359,2,scan
1786642204.480542,1,scan
1786642204.486045,3,scan
1786642204.528821,2,scan
1786642204.576829,1,scan
1786642204.586397,3,scan
1786642204.632239,2,scan
1786642204.678374,1,scan
1786642204.687528,3,scan
1786642204.732669,2,scan
1786642204.778122,1,scan
1786642204.791155,3,scan
1786642204.828751,2,scan
1786642204.878532,1,scan
1786642204.888219,3,scan
1786642204.931563,2,scan
1786642204.976285,1,scan
1786642204.986187,3,scan
1786642205.029877,2,scan
1786642205.078149,1,scan
1786642205.089297,3,scan
1786642205.128139,2,scan
1786642205.176458,1,scan
1786642205.185946,3,scan
1786642205.235981,2,scan
1786642205.283433,1,scan
1786642205.287585,3,scan
1786642205.329465,2,scan
1786642205.377753,1,scan
1786642205.392018,3,scan
1786642205.432304,2,scan
1786642205.478664,1,scan
1786642205.490011,3,scan
1786642205.530036,2,scan
1786642205.577373,1,scan
1786642205.588098,3,scan
1786642205.630542,2,scan
1786642205.677992,1,scan
1786642205.693188,3,scan
1786642205.730013,2,scan
1786642205.776805,1,scan
1786642205.787557,3,scan
1786642205.830840,2,scan
1786642205.876895,1,scan
1786642205.887628,3,scan
1786642205.930338,2,scan
1786642205.977964,1,scan
1786642205.987661,3,scan
1786642206.032760,2,scan
1786642206.079523,1,scan
1786642206.086591,3,scan
1786642206.137807,2,scan
1786642206.177277,1,scan
1786642206.185623,3,scan
1786642206.230164,2,scan
1786642206.278389,1,scan
1786642206.286603,3,scan
1786642206.330238,2,scan
1786642206.378405,1,scan
1786642206.389466,3,scan
1786642206.433794,2,scan
1786642206.478105,1,scan
1786642206.489640,3,scan
1786642206.529315,2,scan
1786642206.577634,1,scan
1786642206.585538,3,scan
1786642206.632164,2,scan
1786642206.671953,2,camera
1786642206.678260,1,scan
1786642206.685827,3,scan
1786642206.686349,1,camera
1786642206.693578,3,camera
1786642206.730026,2,scan
1786642206.770830,2,camera
1786642206.777728,1,scan
1786642206.786296,3,scan
1786642206.789011,3,camera
1786642206.789796,1,camera
1786642206.832128,2,scan
1786642206.871062,2,camera
1786642206.880363,1,scan
1786642206.885513,1,camera
1786642206.889212,3,scan
1786642206.893303,3,camera
1786642206.930070,2,scan
1786642206.976674,2,camera
1786642206.978152,1,scan
1786642206.985909,1,camera
1786642206.988817,3,scan
1786642206.995572,3,camera
1786642207.033119,2,scan
1786642207.080898,1,scan
1786642207.088191,3,scan
1786642207.089213,2,camera
1786642207.095981,1,camera
1786642207.108109,3,camera
1786642207.133023,2,scan
1786642207.176471,2,camera
1786642207.176687,1,camera
1786642207.177902,1,scan
1786642207.184057,3,camera
1786642207.186899,3,scan
1786642207.229100,2,scan
1786642207.265016,2,camera
1786642207.275815,1,scan
1786642207.284408,1,camera
1786642207.289837,3,scan
1786642207.290739,3,camera
1786642207.330567,2,scan
1786642207.390000,1,scan
1786642207.390640,1,camera
1786642207.390826,3,camera
1786642207.398630,3,scan
1786642207.430010,2,scan
1786642207.476063,2,camera
1786642207.479634,1,scan
1786642207.485997,3,scan
1786642207.488784,1,camera
1786642207.493761,3,camera
1786642207.537477,2,scan
1786642207.570194,2,camera
1786642207.578287,1,scan
1786642207.585793,3,scan
1786642207.589643,3,camera
1786642207.590843,1,camera
1786642207.629711,2,scan
1786642207.678489,1,scan
1786642207.686571,3,scan
1786642207.690617,3,camera
1786642207.696268,1,camera
1786642207.730548,2,scan
1786642207.773914,2,camera
1786642207.778193,1,scan
1786642207.789988,3,scan
1786642207.790873,1,camera
1786642207.799199,3,camera
1786642207.829309,2,scan
1786642207.876832,1,scan
1786642207.886962,3,scan
1786642207.930226,2,scan
1786642207.978893,1,scan
1786642207.994141,3,scan
1786642208.035552,2,scan
1786642208.086991,1,scan
1786642208.091680,3,scan
1786642208.130166,2,scan
1786642208.186704,3,scan
1786642208.187554,1,scan
1786642208.232097,2,scan
1786642208.277445,1,scan
1786642208.288105,3,scan
1786642208.331341,2,scan
1786642208.379736,1,scan
1786642208.386178,3,scan
1786642208.430180,2,scan
1786642208.480758,1,scan
1786642208.488252,3,scan
1786642208.531867,2,scan
1786642208.579510,1,scan
1786642208.588773,3,scan
1786642208.628471,2,scan
1786642208.678650,1,scan
1786642208.686503,3,scan
1786642208.729883,2,scan
1786642208.776951,1,scan
1786642208.786829,3,scan
1786642208.829016,2,scan
1786642208.877186,1,scan
1786642208.892618,3,scan
1786642208.929995,2,scan
1786642208.976532,1,scan
1786642208.985492,3,scan
1786642209.031268,2,scan
1786642209.078669,1,scan
1786642209.088889,3,scan
1786642209.134800,2,scan
1786642209.185944,1,scan
1786642209.190959,3,scan
1786642209.233393,2,scan
1786642209.282404,1,scan
1786642209.286945,3,scan
1786642209.341974,2,scan
1786642209.376061,1,scan
1786642209.385611,3,scan
1786642209.430214,2,scan
1786642209.478064,1,scan
1786642209.485016,3,scan
1786642209.532943,2,scan
1786642209.579986,1,scan
1786642209.632194,2,scan
1786642209.676536,1,scan
1786642209.685632,3,scan
1786642209.729013,2,scan
1786642209.776404,1,scan
1786642209.785758,3,scan
1786642209.830560,2,scan
1786642209.877907,1,scan
1786642209.892256,3,scan
1786642209.930994,2,scan
1786642209.978137,1,scan
1786642209.993004,3,scan
1786642210.030396,2,scan
1786642210.077459,1,scan
1786642210.087363,3,scan
1786642210.130186,2,scan
1786642210.179729,1,scan
1786642210.187068,3,scan
1786642210.232859,2,scan
1786642210.276978,1,scan
1786642210.287279,3,scan
1786642210.331376,2,scan
1786642210.377411,1,scan
1786642210.389555,3,scan
1786642210.430618,2,scan
1786642210.478230,1,scan
1786642210.488317,3,scan
1786642210.531506,2,scan
1786642210.576309,1,scan
1786642210.586275,3,scan
1786642210.631140,2,scan
1786642210.677743,1,scan
1786642210.685735,3,scan
1786642210.730408,2,scan
1786642210.784343,1,scan
1786642210.786622,3,scan
1786642210.828988,2,scan
1786642210.878353,1,scan
1786642210.886612,3,scan
1786642210.930706,2,scan
1786642210.977054,1,scan
1786642210.986671,3,scan
1786642211.030324,2,scan
1786642211.078966,1,scan
1786642211.087519,3,scan
1786642211.132563,2,scan
1786642211.180640,1,scan
1786642211.186331,3,scan
1786642211.229968,2,scan
1786642211.267443,2,camera
1786642211.277623,1,scan
1786642211.285046,3,scan
1786642211.332325,2,scan
1786642211.380345,1,scan
1786642211.386939,3,scan
1786642211.428514,2,scan
1786642211.477809,1,scan
1786642211.490224,3,scan
1786642211.528829,2,scan
1786642211.577853,1,scan
1786642211.587284,3,scan
1786642211.629626,2,scan
1786642211.676559,1,scan
1786642211.685824,3,scan
1786642211.732965,2,scan
1786642211.778528,1,scan
1786642211.787946,3,scan
1786642211.829198,2,scan
1786642211.878590,1,scan
1786642211.886894,3,scan
1786642211.931115,2,scan
1786642211.977196,1,scan
1786642211.987644,3,scan
1786642212.030422,2,scan
1786642212.077742,1,scan
1786642212.093473,3,scan
1786642212.136996,2,scan
1786642212.175793,1,scan
1786642212.185156,3,scan
1786642212.240181,2,scan
1786642212.277459,1,scan
1786642212.292110,3,scan
1786642212.328997,2,scan
1786642212.382570,1,scan
1786642212.386201,3,scan
1786642212.431206,2,scan
1786642212.477539,1,scan
1786642212.485623,3,scan
1786642212.532571,2,scan
1786642212.578350,1,scan
1786642212.586866,3,scan
1786642212.629860,2,scan
1786642212.679296,1,scan
1786642212.687756,3,scan
1786642212.729306,2,scan
1786642212.777843,1,scan
1786642212.786283,3,scan
1786642212.831998,2,scan
1786642212.877715,1,scan
1786642212.892886,3,scan
1786642212.931900,2,scan
1786642212.978285,1,scan
1786642212.989631,3,scan
1786642213.030233,2,scan
1786642213.078106,1,scan
1786642213.085543,3,scan
1786642213.129011,2,scan
1786642213.176541,1,scan
1786642213.185500,3,scan
1786642213.228601,2,scan
1786642213.284400,1,scan
1786642213.289035,3,scan
1786642213.338294,2,scan
1786642213.387957,1,scan
1786642213.388321,3,scan
1786642213.435158,2,scan
1786642213.485842,1,scan
1786642213.486909,3,scan
1786642213.532260,2,scan
1786642213.585689,1,scan
1786642213.586113,3,scan
1786642213.630672,2,scan
1786642213.686242,1,scan
1786642213.692370,3,scan
1786642213.744798,2,scan
1786642213.785058,3,scan
1786642213.798753,1,scan
1786642213.840074,2,scan
1786642213.886441,1,scan
1786642213.887108,3,scan
1786642213.943729,2,scan
1786642213.983367,1,scan
1786642213.987550,3,scan
1786642214.044121,2,scan
1786642214.086790,3,scan
1786642214.087346,1,scan
1786642214.138741,2,scan
1786642214.191543,1,scan
1786642214.213080,3,scan
1786642214.235382,2,scan
1786642214.292001,1,scan
1786642214.295764,3,scan
1786642214.355613,2,scan
1786642214.390097,1,scan
1786642214.409103,3,scan
1786642214.436673,2,scan
1786642214.490919,1,scan
1786642214.495076,3,scan
1786642214.542337,2,scan
1786642214.582021,1,scan
1786642214.604026,3,scan
1786642214.644543,2,scan
1786642214.685421,1,scan
1786642214.696097,3,scan
1786642214.789221,1,scan
1786642214.802375,3,scan
1786642214.839585,2,scan
1786642214.886296,1,scan
1786642214.896894,2,camera
1786642214.900861,3,scan
1786642214.905170,1,camera
1786642214.939636,2,scan
1786642214.983087,1,scan
1786642215.002485,3,scan
1786642215.042141,2,scan
1786642215.086102,1,scan
1786642215.103808,3,scan
1786642215.148984,2,scan
1786642215.207197,3,scan
1786642215.238746,2,scan
1786642215.285206,1,scan
1786642215.296024,3,scan
1786642215.334646,2,scan
1786642215.400119,3,scan
1786642215.410953,1,scan
1786642215.444865,2,scan
1786642215.483780,1,scan
1786642215.495229,3,scan
1786642215.541599,2,scan
1786642215.590099,1,scan
1786642215.593145,3,scan
1786642215.636498,2,scan
1786642215.691656,1,scan
1786642215.694738,3,scan
1786642215.739881,2,scan
1786642215.784564,1,scan
1786642215.792892,3,scan
1786642215.839119,2,scan
1786642215.883987,1,scan
1786642215.898573,3,scan
1786642215.938653,2,scan
1786642215.984534,1,scan
1786642216.020179,3,scan
1786642216.041877,2,scan
1786642216.083571,1,scan
1786642216.096077,3,scan
1786642216.139671,2,scan
1786642216.184885,1,scan
1786642216.214769,3,scan
1786642216.247655,2,scan
1786642216.291834,1,scan
1786642216.293910,3,scan
1786642216.336754,2,scan
1786642216.386559,1,scan
1786642216.397684,3,scan
1786642216.442421,2,scan
1786642216.487348,1,scan
1786642216.494720,3,scan
1786642216.543118,2,scan
1786642216.591594,1,scan
1786642216.596967,3,scan
1786642216.639090,2,scan
1786642216.687815,1,scan
1786642216.702078,3,scan
1786642216.739864,2,scan
1786642216.786890,1,scan
1786642216.798091,3,scan
1786642216.836890,2,scan
1786642216.884456,1,scan
1786642216.899607,3,scan
1786642216.937358,2,scan
1786642216.985613,1,scan
1786642216.997393,3,scan
1786642217.037928,2,scan
1786642217.087101,1,scan
1786642217.101470,3,scan
1786642217.141714,2,scan
1786642217.183212,1,scan
1786642217.194150,3,scan
1786642217.236907,2,scan
1786642217.290294,1,scan
1786642217.303887,3,scan
1786642217.334808,2,scan
1786642217.387349,1,scan
1786642217.396319,3,scan
1786642217.438016,2,scan
1786642217.484273,1,scan
1786642217.494193,3,scan
1786642217.538792,2,scan
1786642217.589745,1,scan
1786642217.605485,3,scan
1786642217.637745,2,scan
1786642217.690415,1,scan
1786642217.696477,3,scan
1786642217.743033,2,scan
1786642217.789150,1,scan
1786642217.791384,3,scan
1786642217.837592,2,scan
1786642217.887311,1,scan
1786642217.893039,3,scan
1786642217.938003,2,scan
1786642217.992979,1,scan
1786642218.002773,3,scan
1786642218.038815,2,scan
1786642218.090517,1,scan
1786642218.102182,3,scan
1786642218.140059,2,scan
1786642218.184878,1,scan
1786642218.194683,3,scan
1786642218.247564,2,scan
1786642218.285367,1,scan
1786642218.299524,3,scan
1786642218.339633,2,scan
1786642218.384165,1,scan
1786642218.399196,3,scan
1786642218.438933,2,scan
1786642218.500160,3,scan
1786642218.504849,1,scan
1786642218.537663,2,scan
1786642218.588675,1,scan
1786642218.599206,3,scan
1786642218.653056,2,scan
1786642218.685480,1,scan
1786642218.694736,3,scan
1786642218.744410,2,scan
1786642218.793556,3,scan
1786642218.805097,1,scan
1786642218.863193,2,scan
1786642218.890046,1,scan
1786642218.900474,3,scan
1786642218.940192,2,scan
1786642218.985199,1,scan
1786642218.995367,3,scan
1786642219.040518,2,scan
1786642219.085781,1,scan
1786642219.101259,3,scan
1786642219.139595,2,scan
1786642219.193754,3,scan
1786642219.206458,1,scan
1786642219.244062,2,scan
1786642219.283957,1,scan
1786642219.296803,3,scan
1786642219.345899,2,scan
1786642219.388632,1,scan
1786642219.398951,3,scan
1786642219.438923,2,scan
1786642219.486183,1,scan
1786642219.493507,3,scan
1786642219.537494,2,scan
1786642219.584712,1,scan
1786642219.595861,3,scan
1786642219.637940,2,scan
1786642219.695320,3,scan
1786642219.711145,1,scan
1786642219.748427,2,scan
1786642219.787618,1,scan
1786642219.804327,3,scan
1786642219.836872,2,scan
1786642219.887941,1,scan
1786642219.898909,3,scan
1786642219.936048,2,scan
1786642219.998959,1,scan
1786642220.003040,3,scan
1786642220.041188,2,scan
1786642220.086389,1,scan
1786642220.096410,3,scan
1786642220.140952,2,scan
1786642220.189171,1,scan
1786642220.194261,3,scan
1786642220.237109,2,scan
1786642220.284331,1,scan
1786642220.295995,3,scan
1786642220.335561,2,scan
1786642220.384511,1,scan
1786642220.407780,3,scan
1786642220.444916,2,scan
1786642220.490769,1,scan
1786642220.496049,3,scan
1786642220.539574,2,scan
1786642220.587465,1,scan
1786642220.592352,3,scan
1786642220.638219,2,scan
1786642220.687541,1,scan
1786642220.696915,3,scan
1786642220.736456,2,scan
1786642220.787567,1,scan
1786642220.794958,3,scan
1786642220.837986,2,scan
1786642220.887471,1,scan
1786642220.897346,3,scan
1786642220.941154,2,scan
1786642220.986970,1,scan
1786642220.996300,3,scan
1786642221.040513,2,scan
1786642221.092595,1,scan
1786642221.094858,3,scan
1786642221.140889,2,scan
1786642221.183839,1,scan
1786642221.197805,3,scan
1786642221.242898,2,scan
1786642221.288272,1,scan
1786642221.298130,3,scan
1786642221.337888,2,scan
1786642221.391106,1,scan
1786642221.396505,3,scan
1786642221.437226,2,scan
1786642221.484659,1,scan
1786642221.494865,3,scan
1786642221.540009,2,scan
1786642221.586900,1,scan
1786642221.598210,3,scan
1786642221.637787,2,scan
1786642221.685143,1,scan
1786642221.697994,3,scan
1786642221.753146,2,scan
1786642221.792825,1,scan
1786642221.795013,3,scan
1786642221.836725,2,scan
1786642221.884423,1,scan
1786642221.896957,3,scan
1786642221.940037,2,scan
1786642221.983902,1,scan
1786642221.997355,3,scan
1786642222.042863,2,scan
1786642222.092153,1,scan
1786642222.102286,3,scan
1786642222.136349,2,scan
1786642222.196522,1,scan
1786642222.244982,2,scan
1786642222.292721,3,scan
1786642222.295706,1,scan
1786642222.340457,2,scan
1786642222.387216,1,scan
1786642222.397619,3,scan
1786642222.443861,2,scan
1786642222.487119,1,scan
1786642222.496776,3,scan
1786642222.545963,2,scan
1786642222.589102,1,scan
1786642222.595347,3,scan
1786642222.639674,2,scan
1786642222.687728,1,scan
1786642222.697630,3,scan
1786642222.742373,2,scan
1786642222.788817,1,scan
1786642222.796064,3,scan
1786642222.841950,2,scan
1786642222.885598,1,scan
1786642222.896152,3,scan
1786642222.952562,2,scan
1786642222.990234,1,scan
1786642222.995915,3,scan
1786642223.038542,2,scan
1786642223.093397,3,scan
1786642223.095186,1,scan
1786642223.105870,2,camera
1786642223.122652,1,camera
1786642223.139135,2,scan
1786642223.186426,1,scan
1786642223.196871,3,scan
1786642223.240347,2,scan
1786642223.288125,1,scan
1786642223.303001,3,scan
1786642223.338627,2,scan
1786642223.388005,1,scan
1786642223.404083,3,scan
1786642223.463545,2,scan
1786642223.491964,1,scan
1786642223.494170,3,scan
1786642223.536411,2,scan
1786642223.584263,2,camera
1786642223.585550,1,scan
1786642223.595060,1,camera
1786642223.600158,3,camera
1786642223.602038,3,scan
1786642223.640956,2,scan
1786642223.685787,1,scan
1786642223.696273,2,camera
1786642223.696738,3,scan
1786642223.743200,2,scan
1786642223.803318,3,scan
1786642223.811604,1,scan
1786642223.841352,2,scan
1786642223.891870,1,scan
1786642223.895136,3,scan
1786642223.939026,2,scan
1786642223.989134,1,scan
1786642223.999536,3,scan
1786642224.064322,2,scan
1786642224.093781,1,scan
1786642224.098416,3,scan
1786642224.137723,2,scan
1786642224.183237,1,scan
1786642224.196453,3,scan
1786642224.239784,2,scan
1786642224.294586,3,scan
1786642224.304798,1,scan
1786642224.336596,2,scan
1786642224.385612,1,scan
1786642224.397501,3,scan
1786642224.440722,2,scan
1786642224.488194,1,scan
1786642224.496440,3,scan
1786642224.534885,2,scan
1786642224.586726,1,scan
1786642224.587674,2,camera
1786642224.606453,3,scan
1786642224.607068,1,camera
1786642224.607217,3,camera
1786642224.640840,2,scan
1786642224.688521,1,scan
1786642224.699589,3,scan
1786642224.702594,1,camera
1786642224.716142,3,camera
1786642224.745547,2,scan
1786642224.789047,1,scan
1786642224.790040,2,camera
1786642224.792830,3,scan
1786642224.803902,1,camera
1786642224.805011,3,camera
1786642224.840333,2,scan
1786642224.885339,1,scan
1786642224.898091,3,scan
1786642224.961789,2,scan
1786642224.987659,1,scan
1786642224.998514,3,scan
1786642225.039034,2,scan
1786642225.085255,1,scan
1786642225.098820,2,camera
1786642225.099280,3,scan
1786642225.111371,1,camera
1786642225.138952,2,scan
1786642225.188628,1,scan
1786642225.195261,3,scan
1786642225.246052,2,scan
1786642225.285369,1,scan
1786642225.294410,3,scan
1786642225.341553,2,scan
1786642225.389451,1,scan
1786642225.401068,3,scan
1786642225.440836,2,scan
1786642225.493721,1,scan
1786642225.501301,3,scan
1786642225.540677,2,scan
1786642225.589468,1,scan
1786642225.604580,3,scan
1786642225.648576,2,scan
1786642225.691378,1,scan
1786642225.693429,3,scan
1786642225.737925,2,scan
1786642225.785671,1,scan
1786642225.800190,3,scan
1786642225.837659,2,scan
1786642225.887369,1,scan
1786642225.898174,3,scan
1786642225.945738,2,scan
1786642225.985113,1,scan
1786642225.994244,3,scan
1786642226.039109,2,scan
1786642226.086049,1,scan
1786642226.097265,3,scan
1786642226.102703,2,camera
1786642226.126093,3,camera
1786642226.139158,2,scan
1786642226.176024,2,camera
1786642226.183823,1,scan
1786642226.199424,3,scan
1786642226.204893,1,camera
1786642226.284225,2,camera
1786642226.286554,1,scan
1786642226.296240,3,scan
1786642226.304210,3,camera
1786642226.315876,1,camera
1786642226.335665,2,scan
1786642226.389084,1,scan
1786642226.396441,3,scan
1786642226.436648,2,scan
1786642226.486836,1,scan
1786642226.499312,3,scan
1786642226.555240,2,scan
1786642226.586445,1,scan
1786642226.604745,3,scan
1786642226.606428,3,camera
1786642226.610867,1,camera
1786642226.639840,2,scan
1786642226.684163,1,scan
1786642226.695036,3,scan
1786642226.696712,2,camera
1786642226.701982,3,camera
1786642226.705959,1,camera
1786642226.736429,2,scan
1786642226.781940,2,camera
1786642226.787269,1,scan
1786642226.793417,3,scan
1786642226.800707,1,camera
1786642226.815400,3,camera
1786642226.837208,2,scan
1786642226.884913,2,camera
1786642226.891994,1,scan
1786642226.895767,3,scan
1786642226.903513,3,camera
1786642226.911951,1,camera
1786642226.937265,2,scan
1786642226.989431,2,camera
1786642227.003217,1,scan
1786642227.006628,1,camera
1786642227.008762,3,scan
1786642227.015939,3,camera
1786642227.042880,2,scan
1786642227.091392,1,scan
1786642227.098143,1,camera
1786642227.098871,2,camera
1786642227.109765,3,scan
1786642227.129539,3,camera
1786642227.139253,2,scan
1786642227.177665,2,camera
1786642227.194952,1,scan
1786642227.195341,3,scan
1786642227.204443,1,camera
1786642227.210401,3,camera
1786642227.246044,2,scan
1786642227.286052,1,scan
1786642227.291412,2,camera
1786642227.294918,3,scan
1786642227.305528,1,camera
1786642227.338207,2,scan
1786642227.389830,2,camera
1786642227.393333,3,scan
1786642227.402785,1,camera
1786642227.410831,1,scan
1786642227.440773,2,scan
1786642227.486366,1,scan
1786642227.489751,2,camera
1786642227.500768,3,scan
1786642227.502225,1,camera
1786642227.515146,3,camera
1786642227.542708,2,scan
1786642227.583456,2,camera
1786642227.586518,1,scan
1786642227.593453,3,scan
1786642227.609283,3,camera
1786642227.640184,2,scan
1786642227.682303,1,scan
1786642227.695437,3,scan
1786642227.762980,2,scan
1786642227.787896,1,scan
1786642227.794116,3,scan
1786642227.844451,2,scan
1786642227.897876,3,scan
1786642227.909186,1,scan
1786642227.938341,2,scan
1786642227.989973,1,scan
1786642227.997812,3,scan
1786642228.042962,2,scan
1786642228.090880,1,scan
1786642228.102849,3,scan
1786642228.138916,2,scan
1786642228.180819,2,camera
1786642228.184282,1,scan
1786642228.197344,3,scan
1786642228.208791,3,camera
1786642228.213594,1,camera
1786642228.236585,2,scan
1786642228.284784,2,camera
1786642228.287289,1,scan
1786642228.296952,3,scan
1786642228.314873,3,camera
1786642228.338245,2,scan
1786642228.386102,2,camera
1786642228.391373,1,scan
1786642228.396415,3,scan
1786642228.398006,1,camera
1786642228.417672,3,camera
1786642228.441801,2,scan
1786642228.485781,1,scan
1786642228.486233,2,camera
1786642228.498518,1,camera
1786642228.505434,3,scan
1786642228.510934,3,camera
1786642228.538384,2,scan
1786642228.584065,2,camera
1786642228.588011,1,scan
1786642228.593659,3,scan
1786642228.610467,1,camera
1786642228.615444,3,camera
1786642228.645814,2,scan
1786642228.687092,1,scan
1786642228.692254,3,scan
1786642228.747645,2,scan
1786642228.785145,1,scan
1786642228.806738,3,scan
1786642228.840392,2,scan
1786642228.887734,1,scan
1786642228.897337,3,scan
1786642228.938643,2,scan
1786642228.986158,1,scan
1786642228.997477,3,scan
1786642229.038721,2,scan
1786642229.089560,1,scan
1786642229.101986,3,scan
1786642229.138665,2,scan
1786642229.189490,1,scan
1786642229.192523,3,scan
1786642229.236666,2,scan
1786642229.289128,1,scan
1786642229.301305,3,scan
1786642229.336796,2,scan
1786642229.393135,3,scan
1786642229.438015,2,scan
1786642229.487653,1,scan
1786642229.512682,3,scan
1786642229.592658,3,scan
1786642229.608709,1,scan
1786642229.639198,2,scan
1786642229.686385,1,scan
1786642229.696537,3,scan
1786642229.744721,2,scan
1786642229.795815,3,scan
1786642229.810914,1,scan
1786642229.836008,2,scan
1786642229.887831,1,scan
1786642229.893488,3,scan
1786642229.943294,2,scan
1786642229.990320,1,scan
1786642229.999522,3,scan
1786642230.040766,2,scan
1786642230.091363,1,scan
1786642230.095586,3,scan
1786642230.138996,2,scan
1786642230.192118,1,scan
1786642230.195927,3,scan
1786642230.238497,2,scan
1786642230.286496,1,scan
1786642230.294869,3,scan
1786642230.338864,2,scan
1786642230.387114,1,scan
1786642230.396850,3,scan
1786642230.437038,2,scan
1786642230.491498,1,scan
1786642230.495656,3,scan
1786642230.540219,2,scan
1786642230.589619,1,scan
1786642230.598987,3,scan
1786642230.636590,2,scan
1786642230.682938,1,scan
1786642230.693830,3,scan
1786642230.739211,2,scan
1786642230.786864,1,scan
1786642230.793517,3,scan
1786642230.842197,2,scan
1786642230.886921,1,scan
1786642230.894195,3,scan
1786642230.939033,2,scan
1786642230.988546,1,scan
1786642231.040370,2,scan
1786642231.093614,3,scan
1786642231.095167,1,scan
1786642231.133422,2,scan
1786642231.191284,1,scan
1786642231.195063,3,scan
1786642231.240684,2,scan
1786642231.295685,1,scan
1786642231.295897,3,scan
1786642231.339757,2,scan
1786642231.387487,1,scan
1786642231.408433,3,scan
1786642231.440915,2,scan
1786642231.485143,1,scan
1786642231.492761,3,scan
1786642231.547419,2,scan
1786642231.587243,1,scan
1786642231.598401,3,scan
1786642231.641819,2,scan
1786642231.693268,1,scan
1786642231.693859,3,scan
1786642231.741568,2,scan
1786642231.782868,1,scan
1786642231.798538,3,scan
1786642231.838311,2,scan
1786642231.893107,1,scan
1786642231.893976,3,scan
1786642231.937338,2,scan
1786642231.994726,3,scan
1786642232.010835,1,scan
1786642232.063026,2,scan
1786642232.086448,1,scan
1786642232.112849,3,scan
1786642232.143725,2,scan
1786642232.184447,1,scan
1786642232.194357,3,scan
1786642232.239945,2,scan
1786642232.275926,2,camera
1786642232.293557,3,scan
1786642232.294157,1,scan
1786642232.350343,2,scan
1786642232.389032,1,scan
1786642232.398297,3,scan
1786642232.435073,2,scan
1786642232.486172,1,scan
1786642232.502729,3,scan
1786642232.540478,2,scan
1786642232.591541,1,scan
1786642232.592968,3,scan
1786642232.635268,2,scan
1786642232.686688,1,scan
1786642232.697799,3,scan
1786642232.739634,2,scan
1786642232.787989,1,scan
1786642232.793219,3,scan
1786642232.843609,2,scan
1786642232.883234,1,scan
1786642232.895859,3,scan
1786642232.941878,2,scan
1786642232.986086,1,scan
1786642232.995219,3,scan
1786642233.040754,2,scan
1786642233.086079,1,scan
1786642233.094437,3,scan
1786642233.139043,2,scan
1786642233.189178,1,scan
1786642233.199444,3,scan
1786642233.241283,2,scan
1786642233.284256,1,scan
1786642233.296083,3,scan
1786642233.338365,2,scan
1786642233.387494,1,scan
1786642233.408712,3,scan
1786642233.456733,2,scan
1786642233.487307,1,scan
1786642233.495150,3,scan
1786642233.546036,2,scan
1786642233.583432,1,scan
1786642233.598935,3,scan
1786642233.664105,2,scan
1786642233.689367,1,scan
1786642233.696176,3,scan
1786642233.743509,2,scan
1786642233.795504,3,scan
1786642233.799850,1,scan
1786642233.837215,2,scan
1786642233.902025,1,scan
1786642233.912201,3,scan
1786642233.935339,2,scan
1786642233.985317,1,scan
1786642233.997641,3,scan
1786642234.038973,2,scan
1786642234.085583,1,scan
1786642234.095985,3,scan
1786642234.139210,2,scan
1786642234.189486,1,scan
1786642234.200433,3,scan
1786642234.236012,2,scan
1786642234.284813,1,scan
1786642234.303364,3,scan
1786642234.342479,2,scan
1786642234.384517,1,scan
1786642234.405394,3,scan
1786642234.436497,2,scan
1786642234.485874,1,scan
1786642234.498271,3,scan
1786642234.538747,2,scan
1786642234.595594,3,scan
1786642234.596832,1,scan
1786642234.645809,2,scan
1786642234.699874,3,scan
1786642234.704460,1,scan
1786642234.737885,2,scan
1786642234.794661,3,scan
1786642234.802536,1,scan
1786642234.834349,2,scan
1786642234.897030,3,scan
1786642234.906103,1,scan
1786642234.946891,2,scan
1786642235.014007,1,scan
1786642235.014372,3,scan
1786642235.054799,2,scan
1786642235.095746,3,scan
1786642235.107314,1,scan
1786642235.149645,2,scan
1786642235.197482,1,scan
1786642235.260819,2,scan
1786642235.297084,1,scan
1786642235.319717,3,scan
1786642235.348046,2,scan
1786642235.405716,1,scan
1786642235.421202,3,scan
1786642235.451825,2,scan
1786642235.503305,3,scan
1786642235.505015,1,scan
1786642235.551724,2,scan
1786642235.603132,1,scan
1786642235.606344,3,scan
1786642235.685175,2,scan
1786642235.700344,1,scan
1786642235.716009,3,scan
1786642235.748681,2,scan
1786642235.793715,1,scan
1786642235.829604,3,scan
1786642235.851410,2,scan
1786642235.901438,1,scan
1786642235.909532,3,scan
1786642235.959221,2,scan
1786642236.000350,1,scan
1786642236.037244,3,scan
1786642236.051485,2,scan
1786642236.106939,1,scan
1786642236.127077,3,scan
1786642236.152094,2,scan
1786642236.200364,1,scan
1786642236.208956,3,scan
1786642236.244364,2,scan
1786642236.309868,1,scan
1786642236.312520,3,scan
1786642236.368566,2,scan
1786642236.395149,1,scan
1786642236.407231,3,scan
1786642236.471818,2,scan
1786642236.504417,3,scan
1786642236.528204,1,scan
1786642236.557849,2,scan
1786642236.612537,3,scan
1786642236.618047,1,scan
1786642236.647335,2,scan
1786642236.706204,3,scan
1786642236.720344,1,scan
1786642236.755080,2,scan
1786642236.804017,1,scan
1786642236.816410,3,scan
1786642236.851426,2,scan
1786642236.912069,3,scan
1786642236.913805,1,scan
1786642236.973889,2,scan
1786642237.006197,1,scan
1786642237.026757,3,scan
1786642237.049346,2,scan
1786642237.103029,1,scan
1786642237.109202,3,scan
1786642237.159536,2,scan
1786642237.205099,1,scan
1786642237.208438,3,scan
1786642237.247803,2,scan
1786642237.304115,1,scan
1786642237.309472,3,scan
1786642237.350823,2,scan
1786642237.402047,1,scan
1786642237.416220,3,scan
1786642237.451159,2,scan
1786642237.512207,1,scan
1786642237.513288,3,scan
1786642237.554324,2,scan
1786642237.601612,1,scan
1786642237.610741,3,scan
1786642237.654838,2,scan
1786642237.708866,3,scan
1786642237.730724,1,scan
1786642237.750168,2,scan
1786642237.800186,1,scan
1786642237.816363,3,scan
1786642237.860911,2,scan
1786642237.908768,3,scan
1786642237.923078,1,scan
1786642237.947830,2,scan
1786642237.995076,1,scan
1786642238.030110,3,scan
1786642238.057216,2,scan
1786642238.111212,3,scan
1786642238.115035,1,scan
1786642238.159662,2,scan
1786642238.204265,1,scan
1786642238.220726,3,scan
1786642238.251407,2,scan
1786642238.311076,1,scan
1786642238.318168,3,scan
1786642238.367103,2,scan
1786642238.400575,1,scan
1786642238.407524,3,scan
1786642238.415495,1,camera
1786642238.429356,3,camera
1786642238.451093,2,scan
1786642238.497898,1,scan
1786642238.504740,3,scan
1786642238.553454,2,scan
1786642238.619357,1,scan
1786642238.619557,3,scan
1786642238.658412,2,scan
1786642238.705837,1,scan
1786642238.710355,3,scan
1786642238.749009,2,scan
1786642238.807806,3,scan
1786642238.809441,1,scan
1786642238.845119,2,scan
1786642238.895029,1,scan
1786642238.914782,3,scan
1786642238.948511,2,scan
1786642239.002055,1,scan
1786642239.008800,3,scan
1786642239.052479,2,scan
1786642239.106534,3,scan
1786642239.114762,1,scan
1786642239.148167,2,scan
1786642239.201927,1,scan
1786642239.208552,3,scan
1786642239.249885,2,scan
1786642239.297567,1,scan
1786642239.325101,3,scan
1786642239.352388,2,scan
1786642239.400230,1,scan
1786642239.410040,3,scan
1786642239.453328,2,scan
1786642239.506189,1,scan
1786642239.522887,3,scan
1786642239.554052,2,scan
1786642239.594979,1,scan
1786642239.608713,3,scan
1786642239.662233,2,scan
1786642239.707961,1,scan
1786642239.710767,3,scan
1786642239.752305,2,scan
1786642239.794774,1,scan
1786642239.806152,3,scan
1786642239.864851,2,scan
1786642239.905313,1,scan
1786642239.911882,3,scan
1786642239.949745,2,scan
1786642240.000294,1,scan
1786642240.009841,3,scan
1786642240.075567,2,scan
1786642240.108334,1,scan
1786642240.112336,3,scan
1786642240.150542,2,scan
1786642240.209640,3,scan
1786642240.214324,1,scan
1786642240.255993,2,scan
1786642240.295296,1,scan
1786642240.348996,3,scan
1786642240.352944,2,scan
1786642240.403378,1,scan
1786642240.408962,3,scan
1786642240.458717,2,scan
1786642240.503302,1,scan
1786642240.510832,3,scan
1786642240.552016,2,scan
1786642240.611405,1,scan
1786642240.612485,3,scan
1786642240.659985,2,scan
1786642240.701908,1,scan
1786642240.709995,3,scan
1786642240.757069,2,scan
1786642240.804013,1,scan
1786642240.811619,3,scan
1786642240.849940,2,scan
1786642240.902007,1,scan
1786642240.912009,3,scan
1786642240.951543,2,scan
1786642241.006593,3,scan
1786642241.010226,1,scan
1786642241.051169,2,scan
1786642241.099566,1,scan
1786642241.106473,3,scan
1786642241.154021,2,scan
1786642241.194947,1,scan
1786642241.205728,3,scan
1786642241.246022,2,scan
1786642241.311736,1,scan
1786642241.320358,3,scan
1786642241.358061,2,scan
1786642241.412168,1,scan
1786642241.416035,3,scan
1786642241.451934,2,scan
1786642241.512964,1,scan
1786642241.517612,3,scan
1786642241.592311,2,scan
1786642241.602190,1,scan
1786642241.613732,3,scan
1786642241.654356,2,scan
1786642241.703704,1,scan
1786642241.718503,3,scan
1786642241.755566,2,scan
1786642241.795637,1,scan
1786642241.812332,3,scan
1786642241.850188,2,scan
1786642241.894539,1,scan
1786642241.913725,3,scan
1786642241.962670,2,scan
1786642242.004322,1,scan
1786642242.011990,3,scan
1786642242.055031,2,scan
1786642242.107616,1,scan
1786642242.113407,3,scan
1786642242.152632,2,scan
1786642242.196290,1,scan
1786642242.211484,3,scan
1786642242.248922,2,scan
1786642242.305540,3,scan
1786642242.306154,1,scan
1786642242.362474,2,scan
1786642242.397066,1,scan
1786642242.416947,3,scan
1786642242.465942,2,scan
1786642242.498644,1,scan
1786642242.520889,3,scan
1786642242.549113,2,scan
1786642242.605222,1,scan
1786642242.614015,3,scan
1786642242.686506,2,scan
1786642242.706713,3,scan
1786642242.710008,1,scan
1786642242.757200,2,scan
1786642242.811219,3,scan
1786642242.816314,1,scan
1786642242.852816,2,scan
1786642242.908735,3,scan
1786642242.909377,1,scan
1786642242.945421,2,scan
1786642243.005116,3,scan
1786642243.012140,1,scan
1786642243.080248,2,scan
1786642243.104406,3,scan
1786642243.104869,1,scan
1786642243.159150,2,scan
1786642243.199784,1,scan
1786642243.251355,2,scan
1786642243.301774,1,scan
1786642243.353447,2,scan
1786642243.400912,1,scan
1786642243.410887,3,scan
1786642243.456690,2,scan
1786642243.499067,1,scan
1786642243.507090,3,scan
1786642243.558586,2,scan
1786642243.602485,1,scan
1786642243.609782,3,scan
1786642243.647593,2,scan
1786642243.707410,1,scan
1786642243.717940,3,scan
1786642243.751353,2,scan
1786642243.798950,1,scan
1786642243.807408,3,scan
1786642243.850854,2,scan
1786642243.909941,3,scan
1786642243.956881,2,scan
1786642244.007299,1,scan
1786642244.038193,3,scan
1786642244.049335,2,scan
1786642244.107527,1,scan
1786642244.124370,3,scan
1786642244.152430,2,scan
1786642244.207291,3,scan
1786642244.215400,1,scan
1786642244.252053,2,scan
1786642244.300271,1,scan
1786642244.356050,2,scan
1786642244.411943,3,scan
1786642244.428244,1,scan
1786642244.448395,2,scan
1786642244.505717,1,scan
1786642244.506549,3,scan
1786642244.547797,3,camera
1786642244.556899,2,scan
1786642244.603598,1,scan
1786642244.607181,3,scan
1786642244.675169,2,scan
1786642244.702388,1,scan
1786642244.709339,3,scan
1786642244.753109,2,scan
1786642244.804939,1,scan
1786642244.812525,3,scan
1786642244.862265,2,scan
1786642244.899904,1,scan
1786642244.907254,3,scan
1786642244.949292,2,scan
1786642244.997144,1,scan
1786642245.006454,3,scan
1786642245.051354,2,scan
1786642245.103112,1,scan
1786642245.106367,3,scan
1786642245.108926,2,camera
1786642245.137836,1,camera
1786642245.143914,3,camera
1786642245.145355,2,scan
1786642245.197738,1,scan
1786642245.204972,2,camera
1786642245.207616,3,scan
1786642245.240030,3,camera
1786642245.245088,1,camera
1786642245.245908,2,scan
1786642245.301476,1,scan
1786642245.311094,3,scan
1786642245.363956,2,scan
1786642245.409250,3,scan
1786642245.413424,1,scan
1786642245.450363,2,scan
1786642245.496614,1,scan
1786642245.502413,3,scan
1786642245.564931,2,scan
1786642245.592271,1,scan
1786642245.640368,3,scan
1786642245.647360,2,scan
1786642245.700736,1,scan
1786642245.714123,3,scan
1786642245.754078,2,scan
1786642245.803492,1,scan
1786642245.813833,3,scan
1786642245.854828,2,scan
1786642245.907626,3,scan
1786642245.934300,1,scan
1786642245.950106,2,scan
1786642245.995616,1,scan
1786642246.053120,2,scan
1786642246.101688,1,scan
1786642246.120155,3,scan
1786642246.154334,2,scan
1786642246.197396,1,scan
1786642246.204705,3,scan
1786642246.250825,2,scan
1786642246.293647,1,scan
1786642246.312663,3,scan
1786642246.352047,2,scan
1786642246.398080,1,scan
1786642246.410647,3,scan
1786642246.460479,2,scan
1786642246.508362,1,scan
1786642246.520831,3,scan
1786642246.558973,2,scan
1786642246.595223,1,scan
1786642246.617349,3,scan
1786642246.654896,2,scan
1786642246.700674,1,scan
1786642246.708393,3,scan
1786642246.748089,2,scan
1786642246.794753,1,scan
1786642246.805220,3,scan
1786642246.877001,2,scan
1786642246.905114,1,scan
1786642246.909933,3,scan
1786642246.959933,2,scan
1786642247.007287,3,scan
1786642247.010189,1,scan
1786642247.045573,2,scan
1786642247.098760,1,scan
1786642247.116143,3,scan
1786642247.154677,2,scan
1786642247.199683,1,scan
1786642247.203713,3,scan
1786642247.251455,2,scan
1786642247.301598,1,scan
1786642247.323805,3,scan
1786642247.356707,2,scan
1786642247.396420,1,scan
1786642247.407456,3,scan
1786642247.453337,2,scan
1786642247.503541,1,scan
1786642247.505075,3,scan
1786642247.552179,2,scan
1786642247.599246,1,scan
1786642247.608382,3,scan
1786642247.658939,2,scan
1786642247.697077,1,scan
1786642247.714662,3,scan
1786642247.752507,2,scan
1786642247.810567,3,scan
1786642247.811044,1,scan
1786642247.851874,2,scan
1786642247.898978,1,scan
1786642247.913684,3,scan
1786642247.952008,2,scan
1786642248.011344,3,scan
1786642248.021082,1,scan
1786642248.050262,2,scan
1786642248.099070,1,scan
1786642248.108210,3,scan
1786642248.164182,2,scan
1786642248.198634,1,scan
1786642248.204947,3,scan
1786642248.261715,2,scan
1786642248.305984,1,scan
1786642248.309041,3,scan
1786642248.364951,2,scan
1786642248.404518,1,scan
1786642248.405492,3,scan
1786642248.452302,2,scan
1786642248.502706,1,scan
1786642248.503902,3,scan
1786642248.585802,2,scan
1786642248.597047,1,scan
1786642248.612883,3,scan
1786642248.647516,2,scan
1786642248.696096,1,scan
1786642248.710457,3,scan
1786642248.751569,2,scan
1786642248.805237,1,scan
1786642248.843310,3,scan
1786642248.853961,2,scan
1786642248.901302,1,scan
1786642248.905783,3,scan
1786642248.974752,2,scan
1786642249.001466,1,scan
1786642249.018816,3,scan
1786642249.056251,2,scan
1786642249.099907,1,scan
1786642249.110602,3,scan
1786642249.150612,2,scan
1786642249.202132,1,scan
1786642249.210213,3,scan
1786642249.267523,2,scan
1786642249.294758,1,scan
1786642249.317637,3,scan
1786642249.357802,2,scan
1786642249.406517,3,scan
1786642249.425756,1,scan
1786642249.453585,2,scan
1786642249.498365,1,scan
1786642249.508006,3,scan
1786642249.555532,2,scan
1786642249.603124,3,scan
1786642249.603761,1,scan
1786642249.662113,2,scan
1786642249.705098,3,scan
1786642249.716298,1,scan
1786642249.753526,2,scan
1786642249.801427,1,scan
1786642249.818239,3,scan
1786642249.853860,2,scan
1786642249.901222,1,scan
1786642249.914271,3,scan
1786642249.953977,2,scan
1786642250.001544,1,scan
1786642250.027070,3,scan
1786642250.047733,2,scan
1786642250.108633,3,scan
1786642250.117924,1,scan
1786642250.148354,2,scan
1786642250.211298,1,scan
1786642250.218118,3,scan
1786642250.299031,1,scan
1786642250.306660,3,scan
1786642250.349643,2,scan
1786642250.400119,1,scan
1786642250.423790,3,scan
1786642250.448928,2,scan
1786642250.499622,1,scan
1786642250.507635,3,scan
1786642250.556093,2,scan
1786642250.613962,3,scan
1786642250.614611,1,scan
1786642250.653521,2,scan
1786642250.699475,1,scan
1786642250.714657,3,scan
1786642250.759126,2,scan
1786642250.798145,1,scan
1786642250.804890,3,scan
1786642250.851543,2,scan
1786642250.900794,1,scan
1786642250.904360,3,scan
1786642250.955863,2,scan
1786642251.010246,1,scan
1786642251.013640,3,scan
1786642251.048739,2,scan
1786642251.102028,1,scan
1786642251.120967,3,scan
1786642251.166737,2,scan
1786642251.190975,2,camera
1786642251.198915,1,scan
1786642251.216306,1,camera
1786642251.218858,3,scan
1786642251.232983,3,camera
1786642251.252600,2,scan
1786642251.300624,1,scan
1786642251.307518,3,scan
1786642251.353025,2,scan
1786642251.396971,1,scan
1786642251.413185,3,scan
1786642251.450864,2,scan
1786642251.509692,1,scan
1786642251.527822,3,scan
1786642251.550055,2,scan
1786642251.612082,3,scan
1786642251.615784,1,scan
1786642251.660871,2,scan
1786642251.693713,1,scan
1786642251.709209,3,scan
1786642251.751135,2,scan
1786642251.805594,3,scan
1786642251.810944,1,scan
1786642251.857485,2,scan
1786642251.898461,1,scan
1786642251.916112,3,scan
1786642251.949052,2,scan
1786642251.996307,1,scan
1786642252.009062,3,scan
1786642252.059566,2,scan
1786642252.100901,1,scan
1786642252.114470,3,scan
1786642252.154648,2,scan
1786642252.193177,1,scan
1786642252.212902,3,scan
1786642252.258992,2,scan
1786642252.296155,1,scan
1786642252.314455,3,scan
1786642252.363715,2,scan
1786642252.395634,1,scan
1786642252.401264,3,scan
1786642252.455261,2,scan
1786642252.510119,1,scan
1786642252.511253,3,scan
1786642252.548566,2,scan
1786642252.606498,1,scan
1786642252.659710,2,scan
1786642252.697639,1,scan
1786642252.702414,3,scan
1786642252.751651,2,scan
1786642252.804581,1,scan
1786642252.807336,3,scan
1786642252.853804,2,scan
1786642252.906050,1,scan
1786642252.930186,3,scan
1786642252.951804,2,scan
1786642252.996190,1,scan
1786642253.012322,3,scan
1786642253.050660,2,scan
1786642253.107511,3,scan
1786642253.127767,1,scan
1786642253.154373,2,scan
1786642253.194261,1,scan
1786642253.207708,3,scan
1786642253.255469,2,scan
1786642253.296016,1,scan
1786642253.316598,3,scan
1786642253.319224,1,camera
1786642253.321791,2,camera
1786642253.324136,3,camera
1786642253.348900,2,scan
1786642253.400722,1,scan
1786642253.413802,3,scan
1786642253.416284,2,camera
1786642253.432859,1,camera
1786642253.486986,2,scan
1786642253.512001,1,scan
1786642253.512839,3,scan
1786642253.555021,2,scan
1786642253.605142,1,scan
1786642253.609631,3,scan
1786642253.656466,2,scan
1786642253.696458,1,scan
1786642253.725630,3,scan
1786642253.793106,2,scan
1786642253.801444,2,camera
1786642253.808110,1,scan
1786642253.813660,3,scan
1786642253.859000,2,scan
1786642253.898717,1,scan
1786642253.911193,3,scan
1786642253.953961,2,scan
1786642254.030376,1,scan
1786642254.055038,2,scan
1786642254.098985,1,scan
1786642254.110701,3,scan
1786642254.153673,2,scan
1786642254.202924,1,scan
1786642254.212480,3,scan
1786642254.250310,2,scan
1786642254.298629,1,scan
1786642254.309554,3,scan
1786642254.352999,2,scan
1786642254.406137,1,scan
1786642254.408799,3,scan
1786642254.452414,2,scan
1786642254.498955,1,scan
1786642254.514223,3,scan
1786642254.559168,2,scan
1786642254.609369,1,scan
1786642254.615803,3,scan
1786642254.657748,2,scan
1786642254.700365,1,scan
1786642254.711749,3,scan
1786642254.759117,2,scan
1786642254.803164,1,scan
1786642254.820354,3,scan
1786642254.856259,2,scan
1786642254.902800,1,scan
1786642254.914413,3,scan
1786642254.955701,2,scan
1786642255.002745,1,scan
1786642255.005512,3,scan
1786642255.063221,2,scan
1786642255.106450,1,scan
1786642255.109558,3,scan
1786642255.161942,2,scan
1786642255.194711,1,scan
1786642255.221300,3,scan
1786642255.250267,2,scan
1786642255.302819,1,scan
1786642255.309851,3,scan
1786642255.331068,3,camera
1786642255.337844,1,camera
1786642255.380980,2,scan
1786642255.399472,1,scan
1786642255.408835,2,camera
1786642255.417955,3,scan
1786642255.446821,3,camera
1786642255.450583,2,scan
