t_epoch,robot,topic
1786621541.743104,2,scan
1786621541.757175,3,scan
1786621541.759215,1,scan
1786621541.842902,2,scan
1786621541.856843,3,scan
1786621541.859252,1,scan
1786621541.897768,3,camera
1786621541.943964,2,scan
1786621541.957567,3,scan
1786621541.960203,1,scan
1786621542.045644,2,scan
1786621542.059103,3,scan
1786621542.060842,1,scan
1786621542.143170,2,scan
1786621542.156825,3,scan
1786621542.159394,1,scan
1786621542.243200,2,scan
1786621542.258060,3,scan
1786621542.259912,1,scan
1786621542.343664,2,scan
1786621542.357725,3,scan
1786621542.359886,1,scan
1786621542.443148,2,scan
1786621542.447364,2,camera
1786621542.450681,1,camera
1786621542.456802,3,scan
1786621542.459286,1,scan
1786621542.543954,2,scan
1786621542.558114,2,camera
1786621542.559294,3,scan
1786621542.560529,1,scan
1786621542.564711,1,camera
1786621542.610981,3,camera
1786621542.644712,2,scan
1786621542.650248,2,camera
1786621542.657892,3,scan
1786621542.660007,1,scan
1786621542.661385,1,camera
1786621542.709523,3,camera
1786621542.744521,2,scan
1786621542.748959,2,camera
1786621542.758099,3,scan
1786621542.760430,1,scan
1786621542.761211,1,camera
1786621542.808389,3,camera
1786621542.845035,2,scan
1786621542.851287,2,camera
1786621542.857901,3,scan
1786621542.860176,1,scan
1786621542.862458,1,camera
1786621542.907938,3,camera
1786621542.944420,2,scan
1786621542.947638,2,camera
1786621542.957969,3,scan
1786621542.960084,1,scan
1786621542.964161,1,camera
1786621543.006097,3,camera
1786621543.044909,2,scan
1786621543.061387,3,scan
1786621543.062109,1,scan
1786621543.063637,2,camera
1786621543.083199,1,camera
1786621543.107550,3,camera
1786621543.145022,2,scan
1786621543.148491,2,camera
1786621543.153534,1,camera
1786621543.157383,3,scan
1786621543.159281,1,scan
1786621543.201233,3,camera
1786621543.245289,2,scan
1786621543.249744,2,camera
1786621543.257076,3,scan
1786621543.257840,1,camera
1786621543.259379,1,scan
1786621543.309875,3,camera
1786621543.344842,2,scan
1786621543.349564,2,camera
1786621543.357481,3,scan
1786621543.358515,1,camera
1786621543.359879,1,scan
1786621543.410192,3,camera
1786621543.444562,2,scan
1786621543.449225,2,camera
1786621543.455644,1,camera
1786621543.456882,3,scan
1786621543.459623,1,scan
1786621543.507534,3,camera
1786621543.544206,2,scan
1786621543.548805,2,camera
1786621543.557477,3,scan
1786621543.558924,1,camera
1786621543.559644,1,scan
1786621543.607160,3,camera
1786621543.644085,2,scan
1786621543.647875,2,camera
1786621543.658078,3,scan
1786621543.660143,1,scan
1786621543.661046,1,camera
1786621543.712336,3,camera
1786621543.744311,2,scan
1786621543.748369,2,camera
1786621543.757853,3,scan
1786621543.758779,1,camera
1786621543.760014,1,scan
1786621543.810661,3,camera
1786621543.844083,2,scan
1786621543.848791,2,camera
1786621543.856538,1,camera
1786621543.857380,3,scan
1786621543.859492,1,scan
1786621543.907278,3,camera
1786621543.943978,2,scan
1786621543.947993,2,camera
1786621543.957610,3,scan
1786621543.958947,1,camera
1786621543.959791,1,scan
1786621544.007761,3,camera
1786621544.044846,2,scan
1786621544.058565,3,scan
1786621544.060540,2,camera
1786621544.061578,1,scan
1786621544.064739,1,camera
1786621544.117354,3,camera
1786621544.141918,2,camera
1786621544.143271,2,scan
1786621544.150505,1,camera
1786621544.157075,3,scan
1786621544.159333,1,scan
1786621544.199964,3,camera
1786621544.240929,2,camera
1786621544.243059,2,scan
1786621544.245677,1,camera
1786621544.257381,3,scan
1786621544.259667,1,scan
1786621544.310723,3,camera
1786621544.344658,2,scan
1786621544.347839,2,camera
1786621544.358509,3,scan
1786621544.359453,1,camera
1786621544.360314,1,scan
1786621544.406499,3,camera
1786621544.444173,2,scan
1786621544.446660,2,camera
1786621544.455627,1,camera
1786621544.457147,3,scan
1786621544.459678,1,scan
1786621544.509524,3,camera
1786621544.544817,2,scan
1786621544.549532,2,camera
1786621544.557922,3,scan
1786621544.558604,1,camera
1786621544.559844,1,scan
1786621544.613570,3,camera
1786621544.644283,2,scan
1786621544.650142,2,camera
1786621544.658031,3,scan
1786621544.660015,1,scan
1786621544.661177,1,camera
1786621544.710811,3,camera
1786621544.744734,2,scan
1786621544.750401,2,camera
1786621544.758182,3,scan
1786621544.760202,1,scan
1786621544.764636,1,camera
1786621544.808202,3,camera
1786621544.845249,2,scan
1786621544.850290,2,camera
1786621544.857498,3,scan
1786621544.859628,1,scan
1786621544.860250,1,camera
1786621544.909414,3,camera
1786621544.944427,2,scan
1786621544.949296,2,camera
1786621544.957804,3,scan
1786621544.960132,1,scan
1786621544.963510,1,camera
1786621545.008462,3,camera
1786621545.045428,2,scan
1786621545.055970,2,camera
1786621545.058831,3,scan
1786621545.062285,1,scan
1786621545.073031,1,camera
1786621545.105263,3,camera
1786621545.140211,2,camera
1786621545.143325,2,scan
1786621545.149359,1,camera
1786621545.156981,3,scan
1786621545.159407,1,scan
1786621545.199653,3,camera
1786621545.237639,2,camera
1786621545.243145,2,scan
1786621545.243441,1,camera
1786621545.257255,3,scan
1786621545.260046,1,scan
1786621545.307924,3,camera
1786621545.344229,2,scan
1786621545.348875,2,camera
1786621545.357161,3,scan
1786621545.357443,1,camera
1786621545.359420,1,scan
1786621545.408936,3,camera
1786621545.444532,2,scan
1786621545.448910,2,camera
1786621545.458077,3,scan
1786621545.459835,1,camera
1786621545.460294,1,scan
1786621545.507349,3,camera
1786621545.544234,2,scan
1786621545.550128,2,camera
1786621545.557989,3,scan
1786621545.559892,1,camera
1786621545.560289,1,scan
1786621545.609250,3,camera
1786621545.644379,2,scan
1786621545.649900,2,camera
1786621545.658251,3,scan
1786621545.659771,1,camera
1786621545.660115,1,scan
1786621545.710990,3,camera
1786621545.744212,2,scan
1786621545.747332,2,camera
1786621545.757889,3,scan
1786621545.760127,1,scan
1786621545.764663,1,camera
1786621545.810791,3,camera
1786621545.844221,2,scan
1786621545.847412,2,camera
1786621545.857780,3,scan
1786621545.858386,1,camera
1786621545.859616,1,scan
1786621545.907276,3,camera
1786621545.944239,2,scan
1786621545.950243,2,camera
1786621545.957834,3,scan
1786621545.960128,1,scan
1786621545.961005,1,camera
1786621546.008188,3,camera
1786621546.046033,2,scan
1786621546.055032,2,camera
1786621546.058434,3,scan
1786621546.061999,1,scan
1786621546.068844,1,camera
1786621546.111358,3,camera
1786621546.143642,2,scan
1786621546.149706,2,camera
1786621546.152981,1,camera
1786621546.156942,3,scan
1786621546.159276,1,scan
1786621546.193962,3,camera
1786621546.241080,2,camera
1786621546.243129,2,scan
1786621546.245356,1,camera
1786621546.257011,3,scan
1786621546.259927,1,scan
1786621546.305619,3,camera
1786621546.344070,2,scan
1786621546.357598,2,camera
1786621546.358317,3,scan
1786621546.359883,1,scan
1786621546.361284,1,camera
1786621546.407954,3,camera
1786621546.444156,2,scan
1786621546.455331,2,camera
1786621546.457946,3,scan
1786621546.460152,1,scan
1786621546.463235,1,camera
1786621546.509188,3,camera
1786621546.544464,2,scan
1786621546.555039,2,camera
1786621546.558429,3,scan
1786621546.560287,1,scan
1786621546.561025,1,camera
1786621546.608983,3,camera
1786621546.644093,2,scan
1786621546.647849,2,camera
1786621546.658019,3,scan
1786621546.660069,1,scan
1786621546.661454,1,camera
1786621546.707077,3,camera
1786621546.744086,2,scan
1786621546.750226,2,camera
1786621546.757840,3,scan
1786621546.760152,1,scan
1786621546.761781,1,camera
1786621546.813059,3,camera
1786621546.844320,2,scan
1786621546.857891,3,scan
1786621546.859938,1,scan
1786621546.860622,2,camera
1786621546.861182,1,camera
1786621546.906563,3,camera
1786621546.944496,2,scan
1786621546.957804,3,scan
1786621546.959174,1,camera
1786621546.959538,2,camera
1786621546.959849,1,scan
1786621547.005727,3,camera
1786621547.045362,2,scan
1786621547.058590,3,scan
1786621547.063319,1,scan
1786621547.070610,1,camera
1786621547.073775,2,camera
1786621547.110569,3,camera
1786621547.143794,2,scan
1786621547.145796,2,camera
1786621547.154341,1,camera
1786621547.157023,3,scan
1786621547.159529,1,scan
1786621547.195231,3,camera
1786621547.241064,2,camera
1786621547.243173,2,scan
1786621547.247059,1,camera
1786621547.257331,3,scan
1786621547.260165,1,scan
1786621547.309519,3,camera
1786621547.344513,2,scan
1786621547.355658,2,camera
1786621547.357936,3,scan
1786621547.359671,1,scan
1786621547.360190,1,camera
1786621547.407438,3,camera
1786621547.444268,2,scan
1786621547.447884,2,camera
1786621547.457721,3,scan
1786621547.459845,1,scan
1786621547.460467,1,camera
1786621547.515922,3,camera
1786621547.543996,2,scan
1786621547.548477,2,camera
1786621547.558170,3,scan
1786621547.560925,1,scan
1786621547.564386,1,camera
1786621547.608352,3,camera
1786621547.644420,2,scan
1786621547.647192,2,camera
1786621547.658303,3,scan
1786621547.660451,1,scan
1786621547.663738,1,camera
1786621547.707926,3,camera
1786621547.744741,2,scan
1786621547.750967,2,camera
1786621547.757739,3,scan
1786621547.758539,1,camera
1786621547.759939,1,scan
1786621547.818810,3,camera
1786621547.844070,2,scan
1786621547.849963,2,camera
1786621547.857632,3,scan
1786621547.859905,1,scan
1786621547.860661,1,camera
1786621547.919147,3,camera
1786621547.944172,2,scan
1786621547.949945,2,camera
1786621547.957789,3,scan
1786621547.960200,1,camera
1786621547.961220,1,scan
1786621548.008026,3,camera
1786621548.045127,2,scan
1786621548.059410,3,scan
1786621548.061688,1,scan
1786621548.062512,2,camera
1786621548.069419,1,camera
1786621548.105224,3,camera
1786621548.143808,2,camera
1786621548.144276,2,scan
1786621548.150396,1,camera
1786621548.156991,3,scan
1786621548.159362,1,scan
1786621548.201965,3,camera
1786621548.240765,2,camera
1786621548.243080,2,scan
1786621548.244629,1,camera
1786621548.257352,3,scan
1786621548.259599,1,scan
1786621548.305093,3,camera
1786621548.344162,2,scan
1786621548.349304,2,camera
1786621548.357566,3,scan
1786621548.358499,1,camera
1786621548.359827,1,scan
1786621548.409079,3,camera
1786621548.444188,2,scan
1786621548.449633,2,camera
1786621548.458900,3,scan
1786621548.460036,1,scan
1786621548.464422,1,camera
1786621548.510161,3,camera
1786621548.544325,2,scan
1786621548.550047,2,camera
1786621548.557419,3,scan
1786621548.558005,1,camera
1786621548.559636,1,scan
1786621548.608770,3,camera
1786621548.644740,2,scan
1786621548.651167,2,camera
1786621548.657830,3,scan
1786621548.660110,1,scan
1786621548.660538,1,camera
1786621548.708357,3,camera
1786621548.744262,2,scan
1786621548.750451,2,camera
1786621548.758036,3,scan
1786621548.759426,1,camera
1786621548.759717,1,scan
1786621548.806795,3,camera
1786621548.844929,2,scan
1786621548.852812,2,camera
1786621548.858143,3,scan
1786621548.858976,1,camera
1786621548.859906,1,scan
1786621548.907563,3,camera
1786621548.944352,2,scan
1786621548.951046,2,camera
1786621548.957818,3,scan
1786621548.958240,1,camera
1786621548.959542,1,scan
1786621549.007149,3,camera
1786621549.045058,2,scan
1786621549.058686,3,scan
1786621549.061254,1,scan
1786621549.069370,2,camera
1786621549.070772,1,camera
1786621549.109540,3,camera
1786621549.143954,2,scan
1786621549.146688,2,camera
1786621549.150502,1,camera
1786621549.157016,3,scan
1786621549.159417,1,scan
1786621549.202424,3,camera
1786621549.244274,2,scan
1786621549.248719,2,camera
1786621549.255043,1,camera
1786621549.256798,3,scan
1786621549.259190,1,scan
1786621549.308107,3,camera
1786621549.343967,2,scan
1786621549.353256,2,camera
1786621549.358520,3,scan
1786621549.360005,1,scan
1786621549.361931,1,camera
1786621549.406951,3,camera
1786621549.444125,2,scan
1786621549.449489,2,camera
1786621549.457637,3,scan
1786621549.460681,1,scan
1786621549.461774,1,camera
1786621549.508857,3,camera
1786621549.544335,2,scan
1786621549.550919,2,camera
1786621549.557682,3,scan
1786621549.560171,1,scan
1786621549.561232,1,camera
1786621549.608849,3,camera
1786621549.645198,2,scan
1786621549.656795,2,camera
1786621549.658544,3,scan
1786621549.659822,1,camera
1786621549.660571,1,scan
1786621549.711492,3,camera
1786621549.744578,2,scan
1786621549.750886,2,camera
1786621549.758079,3,scan
1786621549.760289,1,scan
1786621549.761163,1,camera
1786621549.808608,3,camera
1786621549.844209,2,scan
1786621549.847780,2,camera
1786621549.858003,3,scan
1786621549.861296,1,scan
1786621549.861895,1,camera
1786621549.908395,3,camera
1786621549.944972,2,scan
1786621549.948825,2,camera
1786621549.957639,3,scan
1786621549.958550,1,camera
1786621549.959786,1,scan
1786621550.005754,3,camera
1786621550.046097,2,scan
1786621550.057072,2,camera
1786621550.060942,3,scan
1786621550.061781,1,scan
1786621550.074566,1,camera
1786621550.104949,3,camera
1786621550.143816,2,scan
1786621550.144667,2,camera
1786621550.151589,1,camera
1786621550.156964,3,scan
1786621550.160526,1,scan
1786621550.195244,3,camera
1786621550.243446,2,scan
1786621550.245957,2,camera
1786621550.254765,1,camera
1786621550.257164,3,scan
1786621550.259932,1,scan
1786621550.306509,3,camera
1786621550.344119,2,scan
1786621550.351998,2,camera
1786621550.353893,1,camera
1786621550.357635,3,scan
1786621550.360394,1,scan
1786621550.409763,3,camera
1786621550.444497,2,scan
1786621550.447162,2,camera
1786621550.457918,3,scan
1786621550.458849,1,camera
1786621550.459595,1,scan
1786621550.506882,3,camera
1786621550.544938,2,scan
1786621550.555966,2,camera
1786621550.557967,3,scan
1786621550.560042,1,scan
1786621550.561111,1,camera
1786621550.607641,3,camera
1786621550.643980,2,scan
1786621550.652925,2,camera
1786621550.657578,3,scan
1786621550.659064,1,camera
1786621550.659554,1,scan
1786621550.708616,3,camera
1786621550.743922,2,scan
1786621550.749001,2,camera
1786621550.758205,3,scan
1786621550.760136,1,scan
1786621550.762580,1,camera
1786621550.810081,3,camera
1786621550.844674,2,scan
1786621550.850522,2,camera
1786621550.857818,3,scan
1786621550.860107,1,scan
1786621550.861554,1,camera
1786621550.907248,3,camera
1786621550.944715,2,scan
1786621550.957658,1,camera
1786621550.958127,3,scan
1786621550.958495,2,camera
1786621550.959674,1,scan
1786621551.009394,3,camera
1786621551.045170,2,scan
1786621551.060991,3,scan
1786621551.062332,1,scan
1786621551.062777,2,camera
1786621551.069039,1,camera
1786621551.104973,3,camera
1786621551.144247,2,scan
1786621551.145338,2,camera
1786621551.150996,1,camera
1786621551.157579,3,scan
1786621551.159836,1,scan
1786621551.195320,3,camera
1786621551.240397,2,camera
1786621551.242990,2,scan
1786621551.247845,1,camera
1786621551.256920,3,scan
1786621551.259542,1,scan
1786621551.307370,3,camera
1786621551.343949,2,scan
1786621551.358251,3,scan
1786621551.360848,1,scan
1786621551.361420,1,camera
1786621551.362801,2,camera
1786621551.407655,3,camera
1786621551.443931,2,scan
1786621551.450047,2,camera
1786621551.453816,1,camera
1786621551.458062,3,scan
1786621551.460109,1,scan
1786621551.507540,3,camera
1786621551.544113,2,scan
1786621551.549155,2,camera
1786621551.556607,1,camera
1786621551.556814,3,scan
1786621551.559280,1,scan
1786621551.613191,3,camera
1786621551.644580,2,scan
1786621551.651389,2,camera
1786621551.658026,3,scan
1786621551.660305,1,scan
1786621551.666353,1,camera
1786621551.708721,3,camera
1786621551.744680,2,scan
1786621551.751388,2,camera
1786621551.757844,3,scan
1786621551.760168,1,scan
1786621551.763137,1,camera
1786621551.808022,3,camera
1786621551.844133,2,scan
1786621551.852125,2,camera
1786621551.858014,3,scan
1786621551.859323,1,camera
1786621551.860483,1,scan
1786621551.906618,3,camera
1786621551.943889,2,scan
1786621551.951209,2,camera
1786621551.956094,1,camera
1786621551.957319,3,scan
1786621551.960273,1,scan
1786621552.007053,3,camera
1786621552.045902,2,scan
1786621552.059986,3,scan
1786621552.061332,1,scan
1786621552.062450,2,camera
1786621552.069400,1,camera
1786621552.117020,3,camera
1786621552.145666,2,scan
1786621552.150165,2,camera
1786621552.152045,1,camera
1786621552.157389,3,scan
1786621552.159419,1,scan
1786621552.194575,3,camera
1786621552.243775,2,scan
1786621552.247127,2,camera
1786621552.255004,1,camera
1786621552.256722,3,scan
1786621552.259249,1,scan
1786621552.307339,3,camera
1786621552.344242,2,scan
1786621552.348201,2,camera
1786621552.358125,3,scan
1786621552.358617,1,camera
1786621552.359838,1,scan
1786621552.405350,3,camera
1786621552.445166,2,scan
1786621552.454443,2,camera
1786621552.458149,3,scan
1786621552.458606,1,camera
1786621552.460132,1,scan
1786621552.511425,3,camera
1786621552.544360,2,scan
1786621552.555088,2,camera
1786621552.557747,3,scan
1786621552.560143,1,camera
1786621552.560328,1,scan
1786621552.596691,3,camera
1786621552.643587,2,scan
1786621552.646254,2,camera
1786621552.651210,1,camera
1786621552.656976,3,scan
1786621552.659303,1,scan
1786621552.707898,3,camera
1786621552.744549,2,scan
1786621552.751444,2,camera
1786621552.757622,3,scan
1786621552.758910,1,camera
1786621552.760054,1,scan
1786621552.807257,3,camera
1786621552.844999,2,scan
1786621552.852771,2,camera
1786621552.857780,3,scan
1786621552.859650,1,scan
1786621552.859960,1,camera
1786621552.912601,3,camera
1786621552.944073,2,scan
1786621552.948680,2,camera
1786621552.957920,3,scan
1786621552.959383,1,camera
1786621552.959999,1,scan
1786621553.007474,3,camera
1786621553.045455,2,scan
1786621553.058747,2,camera
1786621553.059748,3,scan
1786621553.061625,1,scan
1786621553.064678,1,camera
1786621553.112642,3,camera
1786621553.140178,2,camera
1786621553.143345,2,scan
1786621553.148682,1,camera
1786621553.156904,3,scan
1786621553.159309,1,scan
1786621553.199526,3,camera
1786621553.244488,2,scan
1786621553.252350,2,camera
1786621553.257448,3,scan
1786621553.260370,1,scan
1786621553.260832,1,camera
1786621553.309219,3,camera
1786621553.343829,2,scan
1786621553.351201,2,camera
1786621553.355627,1,camera
1786621553.357479,3,scan
1786621553.359964,1,scan
1786621553.407736,3,camera
1786621553.444799,2,scan
1786621553.449983,2,camera
1786621553.457772,3,scan
1786621553.460402,1,scan
1786621553.461728,1,camera
1786621553.509132,3,camera
1786621553.544569,2,scan
1786621553.549202,2,camera
1786621553.558285,3,scan
1786621553.559371,1,camera
1786621553.560057,1,scan
1786621553.610471,3,camera
1786621553.644935,2,scan
1786621553.657165,3,scan
1786621553.657500,1,camera
1786621553.658076,2,camera
1786621553.659611,1,scan
1786621553.700630,3,camera
1786621553.741186,2,camera
1786621553.743166,2,scan
1786621553.744050,1,camera
1786621553.757109,3,scan
1786621553.759907,1,scan
1786621553.809161,3,camera
1786621553.844932,2,scan
1786621553.853617,2,camera
1786621553.858186,3,scan
1786621553.861293,1,scan
1786621553.861853,1,camera
1786621553.906556,3,camera
1786621553.944644,2,scan
1786621553.947317,2,camera
1786621553.957970,3,scan
1786621553.960298,1,scan
1786621553.961222,1,camera
1786621554.007076,3,camera
1786621554.045056,2,scan
1786621554.058903,3,scan
1786621554.059784,2,camera
1786621554.061310,1,scan
1786621554.075154,1,camera
1786621554.111626,3,camera
1786621554.144128,2,scan
1786621554.146164,2,camera
1786621554.151364,1,camera
1786621554.156980,3,scan
1786621554.159358,1,scan
1786621554.201372,3,camera
1786621554.239063,2,camera
1786621554.242917,2,scan
1786621554.246498,1,camera
1786621554.257519,3,scan
1786621554.259614,1,scan
1786621554.308446,3,camera
1786621554.344984,2,scan
1786621554.351772,2,camera
1786621554.357978,3,scan
1786621554.360429,1,scan
1786621554.361826,1,camera
1786621554.408389,3,camera
1786621554.444280,2,scan
1786621554.450759,2,camera
1786621554.457455,3,scan
1786621554.458236,1,camera
1786621554.459480,1,scan
1786621554.515470,3,camera
1786621554.544435,2,scan
1786621554.550285,2,camera
1786621554.558206,3,scan
1786621554.558738,1,camera
1786621554.560256,1,scan
1786621554.594171,3,camera
1786621554.644149,2,scan
1786621554.648766,2,camera
1786621554.657762,3,scan
1786621554.660075,1,scan
1786621554.661632,1,camera
1786621554.708972,3,camera
1786621554.744321,2,scan
1786621554.750422,2,camera
1786621554.758609,3,scan
1786621554.760571,1,scan
1786621554.761871,1,camera
1786621554.806395,3,camera
1786621554.838456,2,camera
1786621554.842971,2,scan
1786621554.844386,1,camera
1786621554.857291,3,scan
1786621554.860242,1,scan
1786621554.911471,3,camera
1786621554.944232,2,scan
1786621554.947464,2,camera
1786621554.957877,3,scan
1786621554.959893,1,camera
1786621554.960305,1,scan
1786621555.006985,3,camera
1786621555.045777,2,scan
1786621555.054667,2,camera
1786621555.059282,3,scan
1786621555.061540,1,scan
1786621555.069949,1,camera
1786621555.107855,3,camera
1786621555.140437,2,camera
1786621555.143369,2,scan
1786621555.151076,1,camera
1786621555.156834,3,scan
1786621555.159365,1,scan
1786621555.208839,3,camera
1786621555.243843,2,scan
1786621555.244370,2,camera
1786621555.247790,1,camera
1786621555.257358,3,scan
1786621555.259825,1,scan
1786621555.309223,3,camera
1786621555.344151,2,scan
1786621555.348527,2,camera
1786621555.357905,3,scan
1786621555.360632,1,scan
1786621555.363182,1,camera
1786621555.408185,3,camera
1786621555.444144,2,scan
1786621555.447983,2,camera
1786621555.457543,3,scan
1786621555.460040,1,scan
1786621555.462856,1,camera
1786621555.506755,3,camera
1786621555.544674,2,scan
1786621555.551014,2,camera
1786621555.558170,3,scan
1786621555.560055,1,scan
1786621555.564074,1,camera
1786621555.606689,3,camera
1786621555.644317,2,scan
1786621555.650420,2,camera
1786621555.657889,3,scan
1786621555.660349,1,scan
1786621555.661216,1,camera
1786621555.705692,3,camera
1786621555.744573,2,scan
1786621555.750571,2,camera
1786621555.757663,3,scan
1786621555.759710,1,camera
1786621555.760031,1,scan
1786621555.809115,3,camera
1786621555.844505,2,scan
1786621555.847990,2,camera
1786621555.857573,3,scan
1786621555.859511,1,camera
1786621555.859762,1,scan
1786621555.901283,3,camera
1786621555.939512,2,camera
1786621555.943002,2,scan
1786621555.945457,1,camera
1786621555.957246,3,scan
1786621555.959645,1,scan
1786621556.009427,3,camera
1786621556.044641,2,scan
1786621556.058105,2,camera
1786621556.058863,3,scan
1786621556.061269,1,scan
1786621556.067033,1,camera
1786621556.107812,3,camera
1786621556.141999,2,camera
1786621556.144044,2,scan
1786621556.148663,1,camera
1786621556.157598,3,scan
1786621556.159457,1,scan
1786621556.197258,3,camera
1786621556.239467,2,camera
1786621556.243261,2,scan
1786621556.246326,1,camera
1786621556.257334,3,scan
1786621556.259910,1,scan
1786621556.311118,3,camera
1786621556.344556,2,scan
1786621556.350554,2,camera
1786621556.357850,3,scan
1786621556.360161,1,camera
1786621556.360625,1,scan
1786621556.406421,3,camera
1786621556.444264,2,scan
1786621556.450505,2,camera
1786621556.458107,3,scan
1786621556.459905,1,scan
1786621556.460555,1,camera
1786621556.510277,3,camera
1786621556.544223,2,scan
1786621556.548754,2,camera
1786621556.558182,3,scan
1786621556.560069,1,scan
1786621556.561113,1,camera
1786621556.611825,3,camera
1786621556.644742,2,scan
1786621556.649303,2,camera
1786621556.657856,3,scan
1786621556.660393,1,camera
1786621556.661238,1,scan
1786621556.709396,3,camera
1786621556.744227,2,scan
1786621556.750083,2,camera
1786621556.758097,3,scan
1786621556.759385,1,camera
1786621556.760170,1,scan
1786621556.806596,3,camera
1786621556.844796,2,scan
1786621556.850419,2,camera
1786621556.858932,3,scan
1786621556.860099,1,scan
1786621556.864640,1,camera
1786621556.905530,3,camera
1786621556.944166,2,scan
1786621556.952088,2,camera
1786621556.958108,3,scan
1786621556.959895,1,scan
1786621556.960464,1,camera
1786621557.007658,3,camera
1786621557.045084,2,scan
1786621557.059034,3,scan
1786621557.061458,1,scan
1786621557.061915,2,camera
1786621557.067845,1,camera
1786621557.100650,3,camera
1786621557.138350,2,camera
1786621557.142907,2,scan
1786621557.144509,1,camera
1786621557.157057,3,scan
1786621557.159196,1,scan
1786621557.204226,3,camera
1786621557.239543,2,camera
1786621557.243145,2,scan
1786621557.245506,1,camera
1786621557.257184,3,scan
1786621557.259536,1,scan
1786621557.307368,3,camera
1786621557.344678,2,scan
1786621557.350476,2,camera
1786621557.358002,3,scan
1786621557.359477,1,camera
1786621557.359872,1,scan
1786621557.404945,3,camera
1786621557.444292,2,scan
1786621557.454131,2,camera
1786621557.457936,3,scan
1786621557.460118,1,scan
1786621557.464291,1,camera
1786621557.510304,3,camera
1786621557.544159,2,scan
1786621557.548844,2,camera
1786621557.557839,3,scan
1786621557.560477,1,scan
1786621557.562468,1,camera
1786621557.607936,3,camera
1786621557.644641,2,scan
1786621557.647788,2,camera
1786621557.657573,3,scan
1786621557.659679,1,scan
1786621557.660181,1,camera
1786621557.706730,3,camera
1786621557.744285,2,scan
1786621557.749514,2,camera
1786621557.758044,3,scan
1786621557.760192,1,scan
1786621557.764030,1,camera
1786621557.812061,3,camera
1786621557.844299,2,scan
1786621557.848033,2,camera
1786621557.857749,3,scan
1786621557.859565,1,camera
1786621557.860347,1,scan
1786621557.909553,3,camera
1786621557.944420,2,scan
1786621557.947257,2,camera
1786621557.958022,3,scan
1786621557.960450,1,scan
1786621557.964126,1,camera
1786621558.007261,3,camera
1786621558.044737,2,scan
1786621558.055319,2,camera
1786621558.058896,3,scan
1786621558.061152,1,scan
1786621558.072465,1,camera
1786621558.115169,3,camera
1786621558.143377,2,scan
1786621558.144734,2,camera
1786621558.148293,1,camera
1786621558.157129,3,scan
1786621558.159425,1,scan
1786621558.197760,3,camera
1786621558.244452,2,scan
1786621558.249211,2,camera
1786621558.256625,1,camera
1786621558.257198,3,scan
1786621558.259428,1,scan
1786621558.309834,3,camera
1786621558.344259,2,scan
1786621558.349199,2,camera
1786621558.357800,3,scan
1786621558.359248,1,camera
1786621558.359780,1,scan
1786621558.408460,3,camera
1786621558.444934,2,scan
1786621558.449974,2,camera
1786621558.457808,3,scan
1786621558.460328,1,scan
1786621558.461654,1,camera
1786621558.508175,3,camera
1786621558.544344,2,scan
1786621558.549400,2,camera
1786621558.556798,1,camera
1786621558.557517,3,scan
1786621558.559862,1,scan
1786621558.608650,3,camera
1786621558.644533,2,scan
1786621558.648152,2,camera
1786621558.657519,1,camera
1786621558.657986,3,scan
1786621558.659782,1,scan
1786621558.705470,3,camera
1786621558.744065,2,scan
1786621558.747894,2,camera
1786621558.758291,3,scan
1786621558.759845,1,scan
1786621558.760657,1,camera
1786621558.809982,3,camera
1786621558.844373,2,scan
1786621558.848080,2,camera
1786621558.858080,3,scan
1786621558.858618,1,camera
1786621558.859859,1,scan
1786621558.907338,3,camera
1786621558.944462,2,scan
1786621558.948587,2,camera
1786621558.959286,3,scan
1786621558.960157,1,scan
1786621558.962435,1,camera
1786621559.008766,3,camera
1786621559.045035,2,scan
1786621559.058861,3,scan
1786621559.060149,2,camera
1786621559.062505,1,scan
1786621559.071092,1,camera
1786621559.107372,3,camera
1786621559.143526,2,scan
1786621559.144526,2,camera
1786621559.151849,1,camera
1786621559.156875,3,scan
1786621559.159354,1,scan
1786621559.193975,3,camera
1786621559.237281,2,camera
1786621559.243024,2,scan
1786621559.246722,1,camera
1786621559.257214,3,scan
1786621559.259760,1,scan
1786621559.312912,3,camera
1786621559.345031,2,scan
1786621559.348778,2,camera
1786621559.358279,3,scan
1786621559.358974,1,camera
1786621559.360444,1,scan
1786621559.407378,3,camera
1786621559.444632,2,scan
1786621559.447913,2,camera
1786621559.458269,3,scan
1786621559.460599,1,scan
1786621559.463940,1,camera
1786621559.506963,3,camera
1786621559.544156,2,scan
1786621559.547780,2,camera
1786621559.558138,3,scan
1786621559.560463,1,scan
1786621559.563030,1,camera
1786621559.606145,3,camera
1786621559.644122,2,scan
1786621559.649837,2,camera
1786621559.657849,3,scan
1786621559.659660,1,camera
1786621559.660408,1,scan
1786621559.703523,3,camera
1786621559.744158,2,scan
1786621559.752239,2,camera
1786621559.757623,3,scan
1786621559.758068,1,camera
1786621559.760035,1,scan
1786621559.810277,3,camera
1786621559.844447,2,scan
1786621559.849895,2,camera
1786621559.857776,3,scan
1786621559.858667,1,camera
1786621559.859887,1,scan
1786621559.907469,3,camera
1786621559.944178,2,scan
1786621559.953263,2,camera
1786621559.957068,1,camera
1786621559.957573,3,scan
1786621559.960184,1,scan
1786621560.009729,3,camera
1786621560.046799,2,scan
1786621560.059838,3,scan
1786621560.060981,1,scan
1786621560.064464,2,camera
1786621560.073585,1,camera
1786621560.112236,3,camera
1786621560.140375,2,camera
1786621560.143362,2,scan
1786621560.154769,1,camera
1786621560.157097,3,scan
1786621560.159473,1,scan
1786621560.198742,3,camera
1786621560.239408,2,camera
1786621560.243062,2,scan
1786621560.245175,1,camera
1786621560.258192,3,scan
1786621560.260242,1,scan
1786621560.295402,3,camera
1786621560.344368,2,scan
1786621560.348114,2,camera
1786621560.358052,3,scan
1786621560.359773,1,camera
1786621560.360275,1,scan
1786621560.407635,3,camera
1786621560.444631,2,scan
1786621560.453022,2,camera
1786621560.458895,3,scan
1786621560.460512,1,scan
1786621560.462600,1,camera
1786621560.508137,3,camera
1786621560.544376,2,scan
1786621560.549622,2,camera
1786621560.557946,3,scan
1786621560.559586,1,camera
1786621560.560156,1,scan
1786621560.610562,3,camera
1786621560.644904,2,scan
1786621560.649369,2,camera
1786621560.657154,1,camera
1786621560.657726,3,scan
1786621560.659521,1,scan
1786621560.707057,3,camera
1786621560.744438,2,scan
1786621560.748255,2,camera
1786621560.758215,3,scan
1786621560.760212,1,scan
1786621560.761434,1,camera
1786621560.807164,3,camera
1786621560.844202,2,scan
1786621560.849892,2,camera
1786621560.858175,3,scan
1786621560.859612,1,camera
1786621560.860054,1,scan
1786621560.907428,3,camera
1786621560.944340,2,scan
1786621560.950604,2,camera
1786621560.957761,3,scan
1786621560.960143,1,scan
1786621560.960921,1,camera
1786621561.009550,3,camera
1786621561.047094,2,scan
1786621561.058299,3,scan
1786621561.059607,2,camera
1786621561.060672,1,scan
1786621561.080004,1,camera
1786621561.109937,3,camera
1786621561.142058,2,camera
1786621561.143447,2,scan
1786621561.153573,1,camera
1786621561.156891,3,scan
1786621561.159345,1,scan
1786621561.199821,3,camera
1786621561.239391,2,camera
1786621561.242918,2,scan
1786621561.246353,1,camera
1786621561.257104,3,scan
1786621561.259668,1,scan
1786621561.309966,3,camera
1786621561.344077,2,scan
1786621561.353140,2,camera
1786621561.357570,3,scan
1786621561.360596,1,scan
1786621561.361763,1,camera
1786621561.394552,3,camera
1786621561.444857,2,scan
1786621561.451375,2,camera
1786621561.457755,3,scan
1786621561.460283,1,scan
1786621561.463762,1,camera
1786621561.505775,3,camera
1786621561.544052,2,scan
1786621561.547521,2,camera
1786621561.557731,3,scan
1786621561.560323,1,scan
1786621561.561282,1,camera
1786621561.607073,3,camera
1786621561.643437,2,scan
1786621561.643799,2,camera
1786621561.649369,1,camera
1786621561.657660,3,scan
1786621561.660440,1,scan
1786621561.706206,3,camera
1786621561.744330,2,scan
1786621561.751002,2,camera
1786621561.757761,3,scan
1786621561.760519,1,scan
1786621561.761009,1,camera
1786621561.808557,3,camera
1786621561.843987,2,scan
1786621561.850220,2,camera
1786621561.857323,3,scan
1786621561.857896,1,camera
1786621561.859824,1,scan
1786621561.908219,3,camera
1786621561.944801,2,scan
1786621561.949960,2,camera
1786621561.958060,3,scan
1786621561.960950,1,scan
1786621561.963966,1,camera
1786621562.010416,3,camera
1786621562.045447,2,scan
1786621562.055195,2,camera
1786621562.059373,3,scan
1786621562.061818,1,scan
1786621562.070996,1,camera
1786621562.111738,3,camera
1786621562.144160,2,camera
1786621562.144706,2,scan
1786621562.152580,1,camera
1786621562.157439,3,scan
1786621562.159454,1,scan
1786621562.197114,3,camera
1786621562.243414,2,camera
1786621562.243710,2,scan
1786621562.249748,1,camera
1786621562.257510,3,scan
1786621562.260007,1,scan
1786621562.308203,3,camera
1786621562.344275,2,scan
1786621562.349667,2,camera
1786621562.357885,3,scan
1786621562.360421,1,scan
1786621562.360857,1,camera
1786621562.408905,3,camera
1786621562.445138,2,scan
1786621562.457961,3,scan
1786621562.459933,1,scan
1786621562.460519,2,camera
1786621562.461969,1,camera
1786621562.495395,3,camera
1786621562.544225,2,scan
1786621562.549023,2,camera
1786621562.557852,3,scan
1786621562.560260,1,scan
1786621562.563997,1,camera
1786621562.609587,3,camera
1786621562.645040,2,scan
1786621562.652478,2,camera
1786621562.657901,3,scan
1786621562.660151,1,scan
1786621562.660605,1,camera
1786621562.710094,3,camera
1786621562.744109,2,scan
1786621562.749748,2,camera
1786621562.757728,3,scan
1786621562.760077,1,scan
1786621562.766632,1,camera
1786621562.807657,3,camera
1786621562.845471,2,scan
1786621562.847967,2,camera
1786621562.857869,3,scan
1786621562.860056,1,scan
1786621562.862121,1,camera
1786621562.910660,3,camera
1786621562.945915,2,scan
1786621562.948378,2,camera
1786621562.957863,3,scan
1786621562.960550,1,scan
1786621562.964579,1,camera
1786621563.008508,3,camera
1786621563.045069,2,scan
1786621563.055508,2,camera
1786621563.059401,3,scan
1786621563.061823,1,scan
1786621563.072070,1,camera
1786621563.104067,3,camera
1786621563.141977,2,camera
1786621563.143667,2,scan
1786621563.150716,1,camera
1786621563.156891,3,scan
1786621563.159407,1,scan
1786621563.204176,3,camera
1786621563.241189,2,camera
1786621563.242941,2,scan
1786621563.245908,1,camera
1786621563.257307,3,scan
1786621563.259972,1,scan
1786621563.310230,3,camera
1786621563.344452,2,scan
1786621563.350133,2,camera
1786621563.357756,3,scan
1786621563.359532,1,camera
1786621563.360247,1,scan
1786621563.409767,3,camera
1786621563.444190,2,scan
1786621563.449495,2,camera
1786621563.457922,3,scan
1786621563.459814,1,camera
1786621563.460263,1,scan
1786621563.508088,3,camera
1786621563.544493,2,scan
1786621563.548017,2,camera
1786621563.557944,3,scan
1786621563.561591,1,scan
1786621563.565869,1,camera
1786621563.598904,3,camera
1786621563.644488,2,scan
1786621563.649631,2,camera
1786621563.657617,3,scan
1786621563.660114,1,scan
1786621563.664516,1,camera
1786621563.708548,3,camera
1786621563.744231,2,scan
1786621563.749136,2,camera
1786621563.757961,3,scan
1786621563.760043,1,camera
1786621563.760508,1,scan
1786621563.806587,3,camera
1786621563.844152,2,scan
1786621563.850396,2,camera
1786621563.858197,3,scan
1786621563.859586,1,camera
1786621563.860242,1,scan
1786621563.906373,3,camera
1786621563.945135,2,scan
1786621563.955596,2,camera
1786621563.957807,3,scan
1786621563.958492,1,camera
1786621563.960146,1,scan
1786621564.006623,3,camera
1786621564.044844,2,scan
1786621564.053299,2,camera
1786621564.059572,3,scan
1786621564.061779,1,scan
1786621564.073642,1,camera
1786621564.102540,3,camera
1786621564.138120,2,camera
1786621564.143080,2,scan
1786621564.144238,1,camera
1786621564.156867,3,scan
1786621564.159476,1,scan
1786621564.202329,3,camera
1786621564.242557,2,camera
1786621564.243102,2,scan
1786621564.248124,1,camera
1786621564.257478,3,scan
1786621564.260740,1,scan
1786621564.309165,3,camera
1786621564.344421,2,scan
1786621564.349584,2,camera
1786621564.357832,3,scan
1786621564.360065,1,scan
1786621564.362252,1,camera
1786621564.409449,3,camera
1786621564.444131,2,scan
1786621564.453773,2,camera
1786621564.457793,3,scan
1786621564.460873,1,scan
1786621564.461674,1,camera
1786621564.506423,3,camera
1786621564.544549,2,scan
1786621564.547348,2,camera
1786621564.557563,3,scan
1786621564.558309,1,camera
1786621564.559876,1,scan
1786621564.610086,3,camera
1786621564.644592,2,scan
1786621564.649816,2,camera
1786621564.655400,1,camera
1786621564.657207,3,scan
1786621564.659793,1,scan
1786621564.695952,3,camera
1786621564.744150,2,scan
1786621564.750887,2,camera
1786621564.758024,3,scan
1786621564.760000,1,scan
1786621564.760580,1,camera
1786621564.806164,3,camera
1786621564.844074,2,scan
1786621564.850663,2,camera
1786621564.857140,3,scan
1786621564.857778,1,camera
1786621564.859550,1,scan
1786621564.906344,3,camera
1786621564.944082,2,scan
1786621564.952222,2,camera
1786621564.958304,3,scan
1786621564.960190,1,camera
1786621564.961164,1,scan
1786621565.008062,3,camera
1786621565.044741,2,scan
1786621565.056614,2,camera
1786621565.059012,3,scan
1786621565.061155,1,scan
1786621565.069645,1,camera
1786621565.114146,3,camera
1786621565.141145,2,camera
1786621565.144100,2,scan
1786621565.148296,1,camera
1786621565.157366,3,scan
1786621565.159424,1,scan
1786621565.195517,3,camera
1786621565.237951,2,camera
1786621565.242968,2,scan
1786621565.243895,1,camera
1786621565.257501,3,scan
1786621565.259931,1,scan
1786621565.307600,3,camera
1786621565.344356,2,scan
1786621565.350817,2,camera
1786621565.357505,3,scan
1786621565.359732,1,scan
1786621565.360706,1,camera
1786621565.405298,3,camera
1786621565.444476,2,scan
1786621565.454219,2,camera
1786621565.457682,3,scan
1786621565.459816,1,camera
1786621565.460320,1,scan
1786621565.507171,3,camera
1786621565.543926,2,scan
1786621565.548820,2,camera
1786621565.557690,3,scan
1786621565.559855,1,scan
1786621565.560987,1,camera
1786621565.606543,3,camera
1786621565.644497,2,scan
1786621565.650394,2,camera
1786621565.657786,3,scan
1786621565.660134,1,scan
1786621565.661907,1,camera
1786621565.707608,3,camera
1786621565.744212,2,scan
1786621565.746445,2,camera
1786621565.757532,3,scan
1786621565.758206,1,camera
1786621565.759794,1,scan
1786621565.793448,3,camera
1786621565.844311,2,scan
1786621565.850713,2,camera
1786621565.858143,3,scan
1786621565.860904,1,scan
1786621565.861791,1,camera
1786621565.907815,3,camera
1786621565.944498,2,scan
1786621565.954019,2,camera
1786621565.957855,3,scan
1786621565.960117,1,scan
1786621565.960528,1,camera
1786621566.012231,3,camera
1786621566.045609,2,scan
1786621566.056388,2,camera
1786621566.061196,1,scan
1786621566.061863,3,scan
1786621566.077895,1,camera
1786621566.105818,3,camera
1786621566.143542,2,camera
1786621566.143949,2,scan
1786621566.153144,1,camera
1786621566.157394,3,scan
1786621566.159410,1,scan
1786621566.195155,3,camera
1786621566.244356,2,scan
1786621566.249964,2,camera
1786621566.252985,1,camera
1786621566.256999,3,scan
1786621566.259712,1,scan
1786621566.308047,3,camera
1786621566.344291,2,scan
1786621566.351741,2,camera
1786621566.358199,3,scan
1786621566.360554,1,scan
1786621566.361016,1,camera
1786621566.412957,3,camera
1786621566.444083,2,scan
1786621566.446955,2,camera
1786621566.457599,3,scan
1786621566.459233,1,camera
1786621566.460192,1,scan
1786621566.509652,3,camera
1786621566.544577,2,scan
1786621566.547477,2,camera
1786621566.555591,1,camera
1786621566.556864,3,scan
1786621566.559460,1,scan
1786621566.610583,3,camera
1786621566.644824,2,scan
1786621566.652666,2,camera
1786621566.657960,3,scan
1786621566.659396,1,camera
1786621566.659905,1,scan
1786621566.706394,3,camera
1786621566.743906,2,scan
1786621566.757591,3,scan
1786621566.758952,1,camera
1786621566.759610,1,scan
1786621566.760343,2,camera
1786621566.808017,3,camera
1786621566.844626,2,scan
1786621566.846175,2,camera
1786621566.856359,1,camera
1786621566.857669,3,scan
1786621566.859723,1,scan
1786621566.905340,3,camera
1786621566.944180,2,scan
1786621566.950253,2,camera
1786621566.957888,3,scan
1786621566.958666,1,camera
1786621566.960687,1,scan
1786621567.004948,3,camera
1786621567.044664,2,scan
1786621567.054444,2,camera
1786621567.058473,3,scan
1786621567.060743,1,scan
1786621567.065846,1,camera
1786621567.101750,3,camera
1786621567.144691,2,scan
1786621567.151383,2,camera
1786621567.157767,3,scan
1786621567.157992,1,camera
1786621567.159252,1,scan
1786621567.201763,3,camera
1786621567.239794,2,camera
1786621567.243126,2,scan
1786621567.245133,1,camera
1786621567.257565,3,scan
1786621567.260046,1,scan
1786621567.307922,3,camera
1786621567.345390,2,scan
1786621567.352075,2,camera
1786621567.357753,3,scan
1786621567.359883,1,scan
1786621567.360477,1,camera
1786621567.406012,3,camera
1786621567.445197,2,scan
1786621567.456022,2,camera
1786621567.457559,3,scan
1786621567.459157,1,camera
1786621567.459707,1,scan
1786621567.506134,3,camera
1786621567.544630,2,scan
1786621567.553526,2,camera
1786621567.557573,3,scan
1786621567.559724,1,camera
1786621567.560224,1,scan
1786621567.607997,3,camera
1786621567.644672,2,scan
1786621567.650817,2,camera
1786621567.657735,3,scan
1786621567.659114,1,camera
1786621567.659987,1,scan
1786621567.706082,3,camera
1786621567.744825,2,scan
1786621567.751217,2,camera
1786621567.757677,3,scan
1786621567.759987,1,camera
1786621567.760405,1,scan
1786621567.808513,3,camera
1786621567.844439,2,scan
1786621567.857487,2,camera
1786621567.858446,1,camera
1786621567.858744,3,scan
1786621567.859997,1,scan
1786621567.909211,3,camera
1786621567.944793,2,scan
1786621567.948954,2,camera
1786621567.957209,1,camera
1786621567.957919,3,scan
1786621567.959513,1,scan
1786621568.007136,3,camera
1786621568.046330,2,scan
1786621568.052812,2,camera
1786621568.060256,3,scan
1786621568.062756,1,scan
1786621568.078461,1,camera
1786621568.111861,3,camera
1786621568.141784,2,camera
1786621568.143406,2,scan
1786621568.151439,1,camera
1786621568.157276,3,scan
1786621568.160001,1,scan
1786621568.195267,3,camera
1786621568.238649,2,camera
1786621568.243016,2,scan
1786621568.244426,1,camera
1786621568.257476,3,scan
1786621568.259984,1,scan
1786621568.303957,3,camera
1786621568.344071,2,scan
1786621568.347254,2,camera
1786621568.358330,3,scan
1786621568.360154,1,scan
1786621568.363316,1,camera
1786621568.407846,3,camera
1786621568.444743,2,scan
1786621568.451869,2,camera
1786621568.458226,3,scan
1786621568.460117,1,scan
1786621568.460922,1,camera
1786621568.508070,3,camera
1786621568.544223,2,scan
1786621568.550808,2,camera
1786621568.558049,3,scan
1786621568.560447,1,scan
1786621568.563542,1,camera
1786621568.614055,3,camera
1786621568.644222,2,scan
1786621568.647937,2,camera
1786621568.657935,3,scan
1786621568.660320,1,camera
1786621568.660808,1,scan
1786621568.708765,3,camera
1786621568.744129,2,scan
1786621568.746927,2,camera
1786621568.757743,3,scan
1786621568.758883,1,camera
1786621568.760023,1,scan
1786621568.805915,3,camera
1786621568.844364,2,scan
1786621568.850034,2,camera
1786621568.857513,3,scan
1786621568.858196,1,camera
1786621568.859894,1,scan
1786621568.911529,3,camera
1786621568.943113,2,camera
1786621568.943411,2,scan
1786621568.948510,1,camera
1786621568.957533,3,scan
1786621568.959859,1,scan
1786621569.009833,3,camera
1786621569.045194,2,scan
1786621569.058645,3,scan
1786621569.061061,1,scan
1786621569.063379,2,camera
1786621569.066827,1,camera
1786621569.099249,3,camera
1786621569.136786,2,camera
1786621569.143154,2,scan
1786621569.144322,1,camera
1786621569.156925,3,scan
1786621569.159397,1,scan
1786621569.200529,3,camera
1786621569.243857,2,scan
1786621569.249570,2,camera
1786621569.254651,1,camera
1786621569.256906,3,scan
1786621569.259647,1,scan
1786621569.308641,3,camera
1786621569.344174,2,scan
1786621569.358299,2,camera
1786621569.359293,3,scan
1786621569.360348,1,scan
1786621569.366222,1,camera
1786621569.410414,3,camera
1786621569.444042,2,scan
1786621569.452250,2,camera
1786621569.457520,3,scan
1786621569.459043,1,camera
1786621569.459962,1,scan
1786621569.507816,3,camera
1786621569.544655,2,scan
1786621569.556585,2,camera
1786621569.557629,3,scan
1786621569.560116,1,scan
1786621569.560591,1,camera
1786621569.607442,3,camera
1786621569.644247,2,scan
1786621569.652683,2,camera
1786621569.657728,3,scan
1786621569.659927,1,scan
1786621569.663866,1,camera
1786621569.707242,3,camera
1786621569.744016,2,scan
1786621569.748474,2,camera
1786621569.758084,3,scan
1786621569.760123,1,scan
1786621569.764499,1,camera
1786621569.806728,3,camera
1786621569.845053,2,scan
1786621569.851558,2,camera
1786621569.857868,3,scan
1786621569.860036,1,scan
1786621569.861141,1,camera
1786621569.908305,3,camera
1786621569.944274,2,scan
1786621569.952885,2,camera
1786621569.958358,3,scan
1786621569.958890,1,camera
1786621569.960373,1,scan
1786621570.008121,3,camera
1786621570.045386,2,scan
1786621570.059061,3,scan
1786621570.060298,2,camera
1786621570.061332,1,scan
1786621570.067770,1,camera
1786621570.110785,3,camera
1786621570.142732,2,camera
1786621570.143319,2,scan
1786621570.148340,1,camera
1786621570.156971,3,scan
1786621570.159366,1,scan
1786621570.201101,3,camera
1786621570.240087,2,camera
1786621570.243125,2,scan
1786621570.249256,1,camera
1786621570.257856,3,scan
1786621570.260040,1,scan
1786621570.310075,3,camera
1786621570.344600,2,scan
1786621570.350305,2,camera
1786621570.357841,3,scan
1786621570.360100,1,scan
1786621570.360766,1,camera
1786621570.403139,3,camera
1786621570.444273,2,scan
1786621570.449529,2,camera
1786621570.457665,3,scan
1786621570.458174,1,camera
1786621570.459733,1,scan
1786621570.511580,3,camera
1786621570.544292,2,scan
1786621570.550889,2,camera
1786621570.557821,3,scan
1786621570.559953,1,scan
1786621570.562126,1,camera
1786621570.608808,3,camera
1786621570.644756,2,scan
1786621570.650021,2,camera
1786621570.657937,3,scan
1786621570.660047,1,scan
1786621570.663186,1,camera
1786621570.707777,3,camera
1786621570.744261,2,scan
1786621570.748723,2,camera
1786621570.754530,1,camera
1786621570.757662,3,scan
1786621570.760353,1,scan
1786621570.808848,3,camera
1786621570.844477,2,scan
1786621570.850779,2,camera
1786621570.857594,3,scan
1786621570.859519,1,camera
1786621570.860195,1,scan
1786621570.906386,3,camera
1786621570.944958,2,scan
1786621570.948375,2,camera
1786621570.957669,3,scan
1786621570.958405,1,camera
1786621570.959920,1,scan
1786621571.010295,3,camera
1786621571.044780,2,scan
1786621571.056574,2,camera
1786621571.059236,3,scan
1786621571.061311,1,scan
1786621571.071347,1,camera
1786621571.110806,3,camera
1786621571.144054,2,scan
1786621571.145607,2,camera
1786621571.155134,1,camera
1786621571.157046,3,scan
1786621571.159370,1,scan
1786621571.193784,3,camera
1786621571.240709,2,camera
1786621571.243152,2,scan
1786621571.246823,1,camera
1786621571.257814,3,scan
1786621571.260043,1,scan
1786621571.308114,3,camera
1786621571.344254,2,scan
1786621571.352521,2,camera
1786621571.357741,3,scan
1786621571.359849,1,scan
1786621571.361809,1,camera
1786621571.411520,3,camera
1786621571.444125,2,scan
1786621571.450681,2,camera
1786621571.457560,3,scan
1786621571.460018,1,scan
1786621571.462906,1,camera
1786621571.506762,3,camera
1786621571.543446,2,scan
1786621571.544406,2,camera
1786621571.548311,1,camera
1786621571.556974,3,scan
1786621571.559361,1,scan
1786621571.601902,3,camera
1786621571.644111,2,scan
1786621571.644942,2,camera
1786621571.657651,3,scan
1786621571.663491,1,camera
1786621571.665644,1,scan
1786621571.705917,3,camera
1786621571.739320,2,camera
1786621571.743052,2,scan
1786621571.751486,1,camera
1786621571.757515,3,scan
1786621571.764796,1,scan
1786621571.800675,3,camera
1786621571.844608,2,scan
1786621571.851716,2,camera
1786621571.857509,3,scan
1786621571.867652,1,scan
1786621571.869964,1,camera
1786621571.903603,3,camera
1786621571.944960,2,scan
1786621571.947779,2,camera
1786621571.957808,3,scan
1786621571.964789,1,camera
1786621571.965750,1,scan
1786621572.003165,3,camera
1786621572.043381,2,camera
1786621572.043874,2,scan
1786621572.057626,3,scan
1786621572.062623,1,camera
1786621572.064069,1,scan
1786621572.099496,3,camera
1786621572.147799,2,camera
1786621572.149094,2,scan
1786621572.159143,3,scan
1786621572.165769,1,scan
1786621572.170920,1,camera
1786621572.197206,3,camera
1786621572.251735,1,camera
1786621572.256672,3,scan
1786621572.266808,1,scan
1786621572.293483,3,camera
1786621572.299648,2,camera
1786621572.299771,2,scan
1786621572.350128,1,camera
1786621572.355429,2,camera
1786621572.355623,2,scan
1786621572.356844,3,scan
1786621572.363494,1,scan
1786621572.404354,3,camera
1786621572.454226,2,camera
1786621572.454419,2,scan
1786621572.458651,1,camera
1786621572.462809,3,scan
1786621572.465245,1,scan
1786621572.499774,3,camera
1786621572.551045,1,camera
1786621572.555049,2,camera
1786621572.555119,2,scan
1786621572.563875,1,scan
1786621572.575745,3,scan
1786621572.610299,3,camera
1786621572.657205,2,camera
1786621572.657691,2,scan
1786621572.661659,1,camera
1786621572.663243,3,scan
1786621572.666242,1,scan
1786621572.714836,3,camera
1786621572.747985,2,scan
1786621572.761401,3,scan
1786621572.763939,1,camera
1786621572.764339,1,scan
1786621572.765469,2,camera
1786621572.814520,3,camera
1786621572.851624,2,scan
1786621572.862182,3,scan
1786621572.863127,2,camera
1786621572.864396,1,scan
1786621572.867361,1,camera
1786621572.913233,3,camera
1786621572.949028,2,scan
1786621572.962174,3,scan
1786621572.965574,1,scan
1786621572.966111,2,camera
1786621572.976305,1,camera
1786621573.014558,3,camera
1786621573.050166,2,scan
1786621573.063670,3,scan
1786621573.066554,1,scan
1786621573.073219,2,camera
1786621573.076405,1,camera
1786621573.120029,3,camera
1786621573.155136,1,camera
1786621573.159043,2,camera
1786621573.159328,2,scan
1786621573.162081,3,scan
1786621573.163359,1,scan
1786621573.214674,3,camera
1786621573.250448,1,camera
1786621573.252378,2,camera
1786621573.252687,2,scan
1786621573.262299,3,scan
1786621573.265537,1,scan
1786621573.313583,3,camera
1786621573.351170,2,scan
1786621573.360610,1,camera
1786621573.361309,3,scan
1786621573.363042,2,camera
1786621573.364309,1,scan
1786621573.404020,3,camera
1786621573.450145,2,scan
1786621573.462339,3,scan
1786621573.464424,1,scan
1786621573.467827,1,camera
1786621573.479879,2,camera
1786621573.512422,3,camera
1786621573.550396,2,scan
1786621573.562643,3,scan
1786621573.563231,2,camera
1786621573.564708,1,scan
1786621573.566668,1,camera
1786621573.608966,3,camera
1786621573.649035,2,scan
1786621573.662244,3,scan
1786621573.666082,2,camera
1786621573.667647,1,scan
1786621573.668133,1,camera
1786621573.712471,3,camera
1786621573.749863,2,scan
1786621573.763029,3,scan
1786621573.764487,2,camera
1786621573.766997,1,scan
1786621573.768593,1,camera
1786621573.813934,3,camera
1786621573.848640,2,scan
1786621573.862983,3,scan
1786621573.863597,2,camera
1786621573.865623,1,scan
1786621573.866665,1,camera
1786621573.906300,3,camera
1786621573.949420,2,scan
1786621573.961368,2,camera
1786621573.962737,3,scan
1786621573.965108,1,scan
1786621573.965970,1,camera
1786621574.013304,3,camera
1786621574.048669,2,scan
1786621574.064059,3,scan
1786621574.066402,1,scan
1786621574.069977,1,camera
1786621574.072512,2,camera
1786621574.118536,3,camera
1786621574.156025,2,camera
1786621574.156105,2,scan
1786621574.159369,1,camera
1786621574.162752,3,scan
1786621574.164093,1,scan
1786621574.203234,3,camera
1786621574.253803,1,camera
1786621574.254609,2,camera
1786621574.254823,2,scan
1786621574.262954,3,scan
1786621574.266009,1,scan
1786621574.314802,3,camera
1786621574.350651,2,scan
1786621574.361468,1,camera
1786621574.362761,3,scan
1786621574.364344,2,camera
1786621574.364827,1,scan
1786621574.406947,3,camera
1786621574.450017,2,scan
1786621574.462001,3,scan
1786621574.463547,1,scan
1786621574.465707,1,camera
1786621574.465927,2,camera
1786621574.514185,3,camera
1786621574.551566,2,scan
1786621574.562226,3,scan
1786621574.564242,2,camera
1786621574.564769,1,camera
1786621574.565229,1,scan
1786621574.614447,3,camera
1786621574.648867,2,scan
1786621574.663360,3,scan
1786621574.664145,2,camera
1786621574.668300,1,scan
1786621574.668780,1,camera
1786621574.714085,3,camera
1786621574.749466,2,scan
1786621574.762843,3,scan
1786621574.763864,2,camera
1786621574.765335,1,scan
1786621574.769537,1,camera
1786621574.812785,3,camera
1786621574.849207,2,scan
1786621574.861651,3,scan
1786621574.862309,2,camera
1786621574.863924,1,camera
1786621574.864320,1,scan
1786621574.910103,3,camera
1786621574.948186,2,scan
1786621574.960285,1,camera
1786621574.963230,2,camera
1786621574.964346,1,scan
1786621574.964852,3,scan
1786621575.011635,3,camera
1786621575.050295,2,scan
1786621575.062822,3,scan
1786621575.065780,1,scan
1786621575.072456,2,camera
1786621575.076530,1,camera
1786621575.109461,3,camera
1786621575.148348,2,scan
1786621575.159289,1,camera
1786621575.160883,2,camera
1786621575.161283,3,scan
1786621575.163716,1,scan
1786621575.203824,3,camera
1786621575.248322,2,scan
1786621575.258715,1,camera
1786621575.260317,2,camera
1786621575.262735,3,scan
1786621575.264972,1,scan
1786621575.314440,3,camera
1786621575.348939,2,scan
1786621575.361715,2,camera
1786621575.363131,3,scan
1786621575.365552,1,scan
1786621575.365978,1,camera
1786621575.413077,3,camera
1786621575.448454,2,scan
1786621575.460399,2,camera
1786621575.462055,3,scan
1786621575.462632,1,camera
1786621575.471328,1,scan
1786621575.511813,3,camera
1786621575.548654,2,scan
1786621575.560005,1,camera
1786621575.563358,2,camera
1786621575.563786,3,scan
1786621575.564312,1,scan
1786621575.611738,3,camera
1786621575.649815,2,scan
1786621575.662642,1,camera
1786621575.663033,3,scan
1786621575.663552,2,camera
1786621575.664090,1,scan
1786621575.712328,3,camera
1786621575.750331,2,scan
1786621575.761715,3,scan
1786621575.764034,1,camera
1786621575.764618,1,scan
1786621575.767187,2,camera
1786621575.816531,3,camera
1786621575.848823,2,scan
1786621575.861238,2,camera
1786621575.863369,3,scan
1786621575.866643,1,camera
1786621575.866769,1,scan
1786621575.914081,3,camera
1786621575.950181,2,scan
1786621575.962148,2,camera
1786621575.964322,3,scan
1786621575.966430,1,camera
1786621575.966798,1,scan
1786621576.014534,3,camera
1786621576.051885,2,scan
1786621576.063852,3,scan
1786621576.065177,1,scan
1786621576.076014,2,camera
1786621576.083363,1,camera
1786621576.112139,3,camera
1786621576.147946,2,scan
1786621576.155600,1,camera
1786621576.157195,2,camera
1786621576.162799,3,scan
1786621576.164771,1,scan
1786621576.211444,3,camera
1786621576.251596,2,scan
1786621576.261333,1,camera
1786621576.262022,3,scan
1786621576.264619,2,camera
1786621576.271182,1,scan
1786621576.314288,3,camera
1786621576.347733,2,scan
1786621576.362379,1,camera
1786621576.362875,2,camera
1786621576.363313,3,scan
1786621576.365337,1,scan
1786621576.409391,3,camera
1786621576.447751,2,scan
1786621576.457827,2,camera
1786621576.463125,3,scan
1786621576.465386,1,camera
1786621576.465752,1,scan
1786621576.513071,3,camera
1786621576.549180,2,scan
1786621576.560587,2,camera
1786621576.562666,3,scan
1786621576.564323,1,scan
1786621576.577112,1,camera
1786621576.607688,3,camera
1786621576.648174,2,scan
1786621576.659168,2,camera
1786621576.661267,3,scan
1786621576.672035,1,camera
1786621576.672384,1,scan
1786621576.710909,3,camera
1786621576.749785,2,scan
1786621576.762025,2,camera
1786621576.762858,3,scan
1786621576.772373,1,camera
1786621576.772550,1,scan
1786621576.816379,3,camera
1786621576.849096,2,scan
1786621576.861916,3,scan
1786621576.863831,1,scan
1786621576.864324,2,camera
1786621576.874833,1,camera
1786621576.913736,3,camera
1786621576.949763,2,scan
1786621576.962090,3,scan
1786621576.964160,2,camera
1786621576.970505,1,camera
1786621576.970682,1,scan
1786621577.019793,3,camera
1786621577.049609,2,scan
1786621577.063068,3,scan
1786621577.066048,1,scan
1786621577.071241,2,camera
1786621577.078513,1,camera
1786621577.112277,3,camera
1786621577.156530,2,camera
1786621577.156622,2,scan
1786621577.161298,3,scan
1786621577.165030,1,camera
1786621577.165241,1,scan
1786621577.213836,3,camera
1786621577.250895,2,camera
1786621577.251004,2,scan
1786621577.257638,1,camera
1786621577.262570,3,scan
1786621577.264189,1,scan
1786621577.312220,3,camera
1786621577.348664,2,scan
1786621577.361671,3,scan
1786621577.363961,2,camera
1786621577.371220,1,camera
1786621577.371759,1,scan
1786621577.413185,3,camera
1786621577.448146,2,scan
1786621577.462137,3,scan
1786621577.465346,2,camera
1786621577.471404,1,camera
1786621577.471957,1,scan
1786621577.511350,3,camera
1786621577.547439,2,scan
1786621577.559340,2,camera
1786621577.562577,3,scan
1786621577.565894,1,scan
1786621577.577263,1,camera
1786621577.610162,3,camera
1786621577.650799,2,scan
1786621577.662528,3,scan
1786621577.664607,1,scan
1786621577.666397,2,camera
1786621577.677186,1,camera
1786621577.715355,3,camera
1786621577.750275,2,scan
1786621577.761402,3,scan
1786621577.766288,2,camera
1786621577.772687,1,camera
1786621577.772856,1,scan
1786621577.820740,3,camera
1786621577.850390,2,scan
1786621577.863930,1,scan
1786621577.866221,2,camera
1786621577.872974,3,scan
1786621577.874114,1,camera
1786621577.922473,3,camera
1786621577.950597,2,scan
1786621577.961571,3,scan
1786621577.966946,2,camera
1786621577.973989,1,camera
1786621577.974511,1,scan
1786621578.023196,3,camera
1786621578.050363,2,scan
1786621578.064150,3,scan
1786621578.068436,1,scan
1786621578.072483,2,camera
1786621578.077448,1,camera
1786621578.121108,3,camera
1786621578.150808,2,scan
1786621578.161526,2,camera
1786621578.161743,3,scan
1786621578.167180,1,camera
1786621578.167852,1,scan
1786621578.207865,3,camera
1786621578.256407,2,camera
1786621578.256521,2,scan
1786621578.258818,1,camera
1786621578.261484,3,scan
1786621578.265534,1,scan
1786621578.321283,3,camera
1786621578.348957,2,scan
1786621578.364137,2,camera
1786621578.365076,1,scan
1786621578.365364,3,scan
1786621578.376357,1,camera
1786621578.420603,3,camera
1786621578.448757,2,scan
1786621578.464818,3,scan
1786621578.468545,2,camera
1786621578.473313,1,camera
1786621578.473851,1,scan
1786621578.525800,3,camera
1786621578.548995,2,scan
1786621578.562787,3,scan
1786621578.563159,2,camera
1786621578.568429,1,scan
1786621578.575224,1,camera
1786621578.622582,3,camera
1786621578.648541,2,scan
1786621578.661478,2,camera
1786621578.662497,3,scan
1786621578.665931,1,scan
1786621578.677943,1,camera
1786621578.721099,3,camera
1786621578.748616,2,scan
1786621578.762538,3,scan
1786621578.763688,2,camera
1786621578.764438,1,scan
1786621578.777497,1,camera
1786621578.823125,3,camera
1786621578.854555,1,camera
1786621578.855509,2,camera
1786621578.855662,2,scan
1786621578.861377,3,scan
1786621578.863561,1,scan
1786621578.921501,3,camera
1786621578.949204,2,scan
1786621578.962551,2,camera
1786621578.963482,3,scan
1786621578.964291,1,scan
1786621578.974073,1,camera
1786621579.021743,3,camera
1786621579.049214,2,scan
1786621579.065438,3,scan
1786621579.067522,1,scan
1786621579.078750,1,camera
1786621579.080022,2,camera
1786621579.119389,3,camera
1786621579.154339,2,camera
1786621579.154418,2,scan
1786621579.157171,1,camera
1786621579.162231,3,scan
1786621579.164607,1,scan
1786621579.213150,3,camera
1786621579.247273,2,scan
1786621579.249503,1,camera
1786621579.260961,2,camera
1786621579.261817,3,scan
1786621579.266045,1,scan
1786621579.323015,3,camera
1786621579.352881,2,scan
1786621579.363235,3,scan
1786621579.364686,1,camera
1786621579.365573,1,scan
1786621579.367588,2,camera
1786621579.428126,3,camera
1786621579.451045,2,scan
1786621579.462315,2,camera
1786621579.463072,3,scan
1786621579.463891,1,camera
1786621579.472450,1,scan
1786621579.523386,3,camera
1786621579.549922,2,scan
1786621579.562276,2,camera
1786621579.562742,3,scan
1786621579.564775,1,scan
1786621579.568213,1,camera
1786621579.620776,3,camera
1786621579.649313,2,scan
1786621579.662418,3,scan
1786621579.663254,2,camera
1786621579.664748,1,camera
1786621579.665587,1,scan
1786621579.725217,3,camera
1786621579.749264,2,scan
1786621579.763131,3,scan
1786621579.764870,1,scan
1786621579.766243,1,camera
1786621579.769264,2,camera
1786621579.817778,3,camera
1786621579.849227,2,scan
1786621579.863344,3,scan
1786621579.864194,1,camera
1786621579.865004,1,scan
1786621579.865865,2,camera
1786621579.921439,3,camera
1786621579.951665,1,camera
1786621579.955331,2,camera
1786621579.955457,2,scan
1786621579.961848,3,scan
1786621579.968194,1,scan
1786621580.024944,3,camera
1786621580.052737,2,scan
1786621580.064146,3,scan
1786621580.066544,1,scan
1786621580.073226,1,camera
1786621580.078779,2,camera
1786621580.124179,3,camera
1786621580.156898,1,camera
1786621580.157298,2,camera
1786621580.157452,2,scan
1786621580.164359,1,scan
1786621580.165087,3,scan
1786621580.218644,3,camera
1786621580.249798,1,camera
1786621580.252997,2,camera
1786621580.253072,2,scan
1786621580.261627,3,scan
1786621580.264178,1,scan
1786621580.318471,3,camera
1786621580.349607,2,scan
1786621580.363999,3,scan
1786621580.364480,2,camera
1786621580.365061,1,scan
1786621580.369467,1,camera
1786621580.423600,3,camera
1786621580.449689,2,scan
1786621580.460598,2,camera
1786621580.462714,3,scan
1786621580.467385,1,camera
1786621580.467597,1,scan
1786621580.521609,3,camera
1786621580.549153,2,scan
1786621580.564594,3,scan
1786621580.565179,1,scan
1786621580.568143,2,camera
1786621580.573895,1,camera
1786621580.622446,3,camera
1786621580.648158,2,scan
1786621580.662837,1,camera
1786621580.663702,2,camera
1786621580.664426,3,scan
1786621580.665149,1,scan
1786621580.727084,3,camera
1786621580.748603,2,scan
1786621580.764244,2,camera
1786621580.764381,3,scan
1786621580.765564,1,scan
1786621580.769363,1,camera
1786621580.820235,3,camera
1786621580.849028,2,scan
1786621580.859684,2,camera
1786621580.861151,3,scan
1786621580.862639,1,camera
1786621580.864085,1,scan
1786621580.919964,3,camera
1786621580.949068,2,scan
1786621580.960550,2,camera
1786621580.962046,3,scan
1786621580.964143,1,scan
1786621580.965825,1,camera
1786621581.025180,3,camera
1786621581.049064,2,scan
1786621581.058886,2,camera
1786621581.062022,3,scan
1786621581.064169,1,camera
1786621581.075269,1,scan
1786621581.112181,3,camera
1786621581.141753,2,camera
1786621581.147408,2,scan
1786621581.150498,1,camera
1786621581.163467,3,scan
1786621581.164149,1,scan
1786621581.221039,3,camera
1786621581.248827,2,scan
1786621581.258184,1,camera
1786621581.258777,2,camera
1786621581.261363,3,scan
1786621581.264395,1,scan
1786621581.317666,3,camera
1786621581.348776,2,scan
1786621581.356236,2,camera
1786621581.362483,3,scan
1786621581.363335,1,camera
1786621581.369179,1,scan
1786621581.412799,3,camera
1786621581.449200,2,scan
1786621581.462927,3,scan
1786621581.464051,2,camera
1786621581.466124,1,scan
1786621581.468746,1,camera
1786621581.520837,3,camera
1786621581.550243,2,scan
1786621581.560165,2,camera
1786621581.563385,3,scan
1786621581.564984,1,scan
1786621581.567311,1,camera
1786621581.613011,3,camera
1786621581.649469,2,scan
1786621581.658029,1,camera
1786621581.659251,2,camera
1786621581.662373,3,scan
1786621581.664713,1,scan
1786621581.711535,3,camera
1786621581.749297,2,scan
1786621581.764352,1,camera
1786621581.765402,1,scan
1786621581.765753,2,camera
1786621581.767252,3,scan
1786621581.811904,3,camera
1786621581.850925,2,scan
1786621581.863603,2,camera
1786621581.863755,3,scan
1786621581.864357,1,camera
1786621581.866078,1,scan
1786621581.915441,3,camera
1786621581.948486,2,scan
1786621581.961928,3,scan
1786621581.964381,1,camera
1786621581.967760,1,scan
1786621581.973202,2,camera
1786621582.013439,3,camera
1786621582.049445,2,scan
1786621582.063885,3,scan
1786621582.065180,1,scan
1786621582.082185,1,camera
1786621582.082803,2,camera
1786621582.110115,3,camera
1786621582.153929,2,camera
1786621582.154006,2,scan
1786621582.160509,1,camera
1786621582.163531,3,scan
1786621582.164969,1,scan
1786621582.201689,3,camera
1786621582.248252,2,scan
1786621582.261517,3,scan
1786621582.263907,2,camera
1786621582.270971,1,camera
1786621582.271508,1,scan
1786621582.313028,3,camera
1786621582.350687,2,scan
1786621582.363127,3,scan
1786621582.365153,2,camera
1786621582.366663,1,scan
1786621582.377090,1,camera
1786621582.412911,3,camera
1786621582.449174,2,scan
1786621582.462400,3,scan
1786621582.463814,2,camera
1786621582.464969,1,scan
1786621582.475674,1,camera
1786621582.516172,3,camera
1786621582.550731,2,scan
1786621582.561967,2,camera
1786621582.563547,3,scan
1786621582.570075,1,camera
1786621582.570253,1,scan
1786621582.611769,3,camera
1786621582.648635,2,scan
1786621582.662816,3,scan
1786621582.665351,2,camera
1786621582.673570,1,camera
1786621582.674113,1,scan
1786621582.717134,3,camera
1786621582.748378,2,scan
1786621582.762709,2,camera
1786621582.762894,3,scan
1786621582.773530,1,camera
1786621582.773746,1,scan
1786621582.813268,3,camera
1786621582.849483,2,scan
1786621582.862154,3,scan
1786621582.863363,2,camera
1786621582.864494,1,scan
1786621582.875266,1,camera
1786621582.913643,3,camera
1786621582.948745,2,scan
1786621582.962899,3,scan
1786621582.965951,2,camera
1786621582.970108,1,camera
1786621582.970598,1,scan
1786621583.015682,3,camera
1786621583.050198,2,scan
1786621583.063113,3,scan
1786621583.066096,1,scan
1786621583.070627,2,camera
1786621583.085063,1,camera
1786621583.116410,3,camera
1786621583.148539,2,scan
1786621583.157572,2,camera
1786621583.163239,3,scan
1786621583.163740,1,camera
1786621583.163908,1,scan
1786621583.199518,3,camera
1786621583.257292,2,camera
1786621583.257782,2,scan
1786621583.259942,1,camera
1786621583.262474,3,scan
1786621583.265304,1,scan
1786621583.312981,3,camera
1786621583.349900,2,scan
1786621583.359676,2,camera
1786621583.361809,3,scan
1786621583.373571,1,camera
1786621583.374146,1,scan
1786621583.416493,3,camera
1786621583.449801,2,scan
1786621583.462260,3,scan
1786621583.463489,2,camera
1786621583.464301,1,scan
1786621583.475724,1,camera
1786621583.515100,3,camera
1786621583.548401,2,scan
1786621583.559731,2,camera
1786621583.563473,3,scan
1786621583.571306,1,camera
1786621583.571571,1,scan
1786621583.614965,3,camera
1786621583.649636,2,scan
1786621583.659114,2,camera
1786621583.662161,3,scan
1786621583.673573,1,camera
1786621583.673867,1,scan
1786621583.715842,3,camera
1786621583.748874,2,scan
1786621583.759177,2,camera
1786621583.764464,1,scan
1786621583.764950,3,scan
1786621583.774541,1,camera
1786621583.814488,3,camera
1786621583.847656,2,scan
1786621583.862059,2,camera
1786621583.863310,3,scan
1786621583.875315,1,camera
1786621583.875937,1,scan
1786621583.914327,3,camera
1786621583.948525,2,scan
1786621583.960047,2,camera
1786621583.962816,3,scan
1786621583.964517,1,camera
1786621583.975948,1,scan
1786621584.014687,3,camera
1786621584.049904,2,scan
1786621584.061036,2,camera
1786621584.063633,3,scan
1786621584.065562,1,scan
1786621584.069528,1,camera
1786621584.111092,3,camera
1786621584.147049,2,camera
1786621584.148237,2,scan
1786621584.157502,1,camera
1786621584.161922,3,scan
1786621584.164338,1,scan
1786621584.209647,3,camera
1786621584.246846,2,camera
1786621584.247213,2,scan
1786621584.251011,1,camera
1786621584.261870,3,scan
1786621584.264121,1,scan
1786621584.311743,3,camera
1786621584.349205,2,scan
1786621584.358927,2,camera
1786621584.362229,3,scan
1786621584.365050,1,scan
1786621584.369123,1,camera
1786621584.413326,3,camera
1786621584.449937,2,scan
1786621584.457901,2,camera
1786621584.463015,3,scan
1786621584.467468,1,scan
1786621584.475671,1,camera
1786621584.511559,3,camera
1786621584.548681,2,scan
1786621584.556227,2,camera
1786621584.562575,3,scan
1786621584.564415,1,scan
1786621584.567452,1,camera
1786621584.614154,3,camera
1786621584.648906,2,scan
1786621584.656587,2,camera
1786621584.662840,3,scan
1786621584.665165,1,scan
1786621584.669408,1,camera
1786621584.710967,3,camera
1786621584.749561,2,scan
1786621584.757373,2,camera
1786621584.762812,3,scan
1786621584.764492,1,scan
1786621584.773654,1,camera
1786621584.811651,3,camera
1786621584.849399,2,scan
1786621584.853805,2,camera
1786621584.862532,3,scan
1786621584.866078,1,scan
1786621584.866548,1,camera
1786621584.915011,3,camera
1786621584.950158,2,scan
1786621584.962688,3,scan
1786621584.963742,2,camera
1786621584.964819,1,scan
1786621584.970667,1,camera
1786621585.017560,3,camera
1786621585.050098,2,scan
1786621585.062488,3,scan
1786621585.064921,2,camera
1786621585.066287,1,scan
1786621585.075924,1,camera
1786621585.118925,3,camera
1786621585.146402,2,camera
1786621585.148135,2,scan
1786621585.153022,1,camera
1786621585.162605,3,scan
1786621585.163934,1,scan
1786621585.216909,3,camera
1786621585.243831,2,camera
1786621585.247599,2,scan
1786621585.249578,1,camera
1786621585.261492,3,scan
1786621585.264314,1,scan
1786621585.309621,3,camera
1786621585.348971,2,scan
1786621585.353543,2,camera
1786621585.358324,1,camera
1786621585.361972,3,scan
1786621585.367084,1,scan
1786621585.409555,3,camera
1786621585.450290,2,scan
1786621585.452315,2,camera
1786621585.463128,1,camera
1786621585.463809,1,scan
1786621585.465585,3,scan
1786621585.513752,3,camera
1786621585.549436,2,scan
1786621585.555388,2,camera
1786621585.563200,3,scan
1786621585.566656,1,camera
1786621585.566846,1,scan
1786621585.612720,3,camera
1786621585.649977,2,scan
1786621585.659289,2,camera
1786621585.663407,3,scan
1786621585.664823,1,scan
1786621585.673458,1,camera
1786621585.711790,3,camera
1786621585.747828,2,scan
1786621585.757477,2,camera
1786621585.760199,1,camera
1786621585.762470,3,scan
1786621585.764454,1,scan
1786621585.813075,3,camera
1786621585.849335,2,scan
1786621585.859776,2,camera
1786621585.861997,3,scan
1786621585.864980,1,scan
1786621585.906088,1,camera
1786621585.915779,3,camera
1786621585.948221,2,scan
1786621585.955733,2,camera
1786621585.963483,3,scan
1786621585.964580,1,scan
1786621585.977267,1,camera
1786621586.012463,3,camera
1786621586.050369,2,scan
1786621586.062006,2,camera
1786621586.063801,3,scan
1786621586.066546,1,scan
1786621586.092055,1,camera
1786621586.112628,3,camera
1786621586.148371,2,scan
1786621586.151106,2,camera
1786621586.163269,3,scan
1786621586.166574,1,camera
1786621586.166872,1,scan
1786621586.202607,3,camera
1786621586.243459,2,camera
1786621586.247177,2,scan
1786621586.257239,1,camera
1786621586.262324,3,scan
1786621586.265907,1,scan
1786621586.315074,3,camera
1786621586.348788,2,scan
1786621586.353690,2,camera
1786621586.363247,3,scan
1786621586.373653,1,camera
1786621586.374097,1,scan
1786621586.418361,3,camera
1786621586.450379,2,scan
1786621586.458830,2,camera
1786621586.465101,3,scan
1786621586.465681,1,scan
1786621586.477669,1,camera
1786621586.516058,3,camera
1786621586.548299,2,scan
1786621586.559620,2,camera
1786621586.562645,3,scan
1786621586.564664,1,scan
1786621586.579792,1,camera
1786621586.612898,3,camera
1786621586.649024,2,scan
1786621586.657069,2,camera
1786621586.661983,3,scan
1786621586.667872,1,scan
1786621586.686083,1,camera
1786621586.713931,3,camera
1786621586.748311,2,scan
1786621586.754479,2,camera
1786621586.762210,3,scan
1786621586.768845,1,camera
1786621586.769467,1,scan
1786621586.822536,3,camera
1786621586.850187,2,scan
1786621586.861421,2,camera
1786621586.862776,3,scan
1786621586.872983,1,camera
1786621586.873197,1,scan
1786621586.912210,3,camera
1786621586.949428,2,scan
1786621586.956892,2,camera
1786621586.961846,3,scan
1786621586.964529,1,scan
1786621586.975307,1,camera
1786621587.014841,3,camera
1786621587.050661,2,scan
1786621587.062524,2,camera
1786621587.064308,3,scan
1786621587.065319,1,scan
1786621587.081110,1,camera
1786621587.116250,3,camera
1786621587.148027,2,scan
1786621587.149881,2,camera
1786621587.161668,3,scan
1786621587.162086,1,camera
1786621587.164302,1,scan
1786621587.209079,3,camera
1786621587.245667,2,camera
1786621587.248172,2,scan
1786621587.259021,1,camera
1786621587.263957,3,scan
1786621587.264457,1,scan
1786621587.315421,3,camera
1786621587.351327,2,scan
1786621587.354702,2,camera
1786621587.361463,3,scan
1786621587.374400,1,camera
1786621587.374982,1,scan
1786621587.417472,3,camera
1786621587.448665,2,scan
1786621587.453262,2,camera
1786621587.463200,3,scan
1786621587.473745,1,camera
1786621587.474358,1,scan
1786621587.508407,3,camera
1786621587.549778,2,scan
1786621587.561808,3,scan
1786621587.571481,1,camera
1786621587.571668,1,scan
1786621587.612686,3,camera
1786621587.613613,2,camera
1786621587.648678,2,scan
1786621587.663321,3,scan
1786621587.664681,2,camera
1786621587.673346,1,camera
1786621587.673914,1,scan
1786621587.723581,3,camera
1786621587.748223,2,scan
1786621587.761361,3,scan
1786621587.763711,2,camera
1786621587.797554,1,camera
1786621587.797797,1,scan
1786621587.821380,3,camera
1786621587.850862,2,scan
1786621587.862480,3,scan
1786621587.866182,2,camera
1786621587.874064,1,camera
1786621587.875059,1,scan
1786621587.924253,3,camera
1786621587.949281,2,scan
1786621587.963183,3,scan
1786621587.965554,2,camera
1786621587.966427,1,scan
1786621587.976041,1,camera
1786621588.023902,3,camera
1786621588.051639,2,scan
1786621588.064397,3,scan
1786621588.065585,1,scan
1786621588.080094,1,camera
1786621588.086006,2,camera
1786621588.121932,3,camera
1786621588.148040,2,scan
1786621588.164054,3,scan
1786621588.164320,2,camera
1786621588.168638,1,camera
1786621588.168840,1,scan
1786621588.211715,3,camera
1786621588.253387,2,camera
1786621588.253702,2,scan
1786621588.259381,1,camera
1786621588.263412,3,scan
1786621588.264422,1,scan
1786621588.319549,3,camera
1786621588.350421,2,scan
1786621588.362944,3,scan
1786621588.365962,2,camera
1786621588.373780,1,camera
1786621588.374401,1,scan
1786621588.419326,3,camera
1786621588.450733,2,scan
1786621588.463015,3,scan
1786621588.463368,2,camera
1786621588.475261,1,camera
1786621588.476359,1,scan
1786621588.523526,3,camera
1786621588.548787,2,scan
1786621588.562402,3,scan
1786621588.563121,2,camera
1786621588.573237,1,camera
1786621588.574352,1,scan
1786621588.624253,3,camera
1786621588.649358,2,scan
1786621588.662656,3,scan
1786621588.664368,2,camera
1786621588.672385,1,camera
1786621588.672565,1,scan
1786621588.720377,3,camera
1786621588.749062,2,scan
1786621588.762336,3,scan
1786621588.763539,2,camera
1786621588.772633,1,camera
1786621588.773380,1,scan
1786621588.826925,3,camera
1786621588.849724,2,scan
1786621588.862372,3,scan
1786621588.873824,1,camera
1786621588.874409,1,scan
1786621588.874548,2,camera
1786621588.921226,3,camera
1786621588.948975,2,scan
1786621588.959390,2,camera
1786621588.963035,3,scan
1786621588.973553,1,camera
1786621588.974129,1,scan
1786621589.019936,3,camera
1786621589.056087,2,scan
1786621589.062689,2,camera
1786621589.063684,3,scan
1786621589.068404,1,scan
1786621589.086223,1,camera
1786621589.120310,3,camera
1786621589.147747,2,scan
1786621589.160474,2,camera
1786621589.161373,1,camera
1786621589.162414,3,scan
1786621589.164073,1,scan
1786621589.214232,3,camera
1786621589.243879,2,camera
1786621589.247777,2,scan
1786621589.260176,1,camera
1786621589.263596,3,scan
1786621589.265232,1,scan
1786621589.310654,3,camera
1786621589.348844,2,scan
1786621589.355975,2,camera
1786621589.361799,3,scan
1786621589.371749,1,camera
1786621589.371955,1,scan
1786621589.411983,3,camera
1786621589.449208,2,scan
1786621589.459512,2,camera
1786621589.462303,3,scan
1786621589.464278,1,scan
1786621589.478626,1,camera
1786621589.512088,3,camera
1786621589.550214,2,scan
1786621589.553264,2,camera
1786621589.562739,3,scan
1786621589.573722,1,camera
1786621589.574260,1,scan
1786621589.622153,3,camera
1786621589.649369,2,scan
1786621589.656265,2,camera
1786621589.662761,3,scan
1786621589.664321,1,scan
1786621589.675822,1,camera
1786621589.706168,3,camera
1786621589.748325,2,scan
1786621589.753373,2,camera
1786621589.761028,3,scan
1786621589.763604,1,camera
1786621589.764485,1,scan
1786621589.812886,3,camera
1786621589.849370,2,scan
1786621589.854118,2,camera
1786621589.862344,3,scan
1786621589.874533,1,camera
1786621589.874868,1,scan
1786621589.919751,3,camera
1786621589.948264,2,scan
1786621589.956942,2,camera
1786621589.963264,3,scan
1786621589.971453,1,camera
1786621589.972045,1,scan
1786621590.024403,3,camera
1786621590.054101,2,scan
1786621590.065016,3,scan
1786621590.069748,1,scan
1786621590.076689,2,camera
1786621590.082781,1,camera
1786621590.112561,3,camera
1786621590.156955,2,camera
1786621590.157036,2,scan
1786621590.162147,3,scan
1786621590.163924,1,camera
1786621590.165404,1,scan
1786621590.211201,3,camera
1786621590.255474,2,camera
1786621590.256009,2,scan
1786621590.257462,1,camera
1786621590.263253,3,scan
1786621590.266135,1,scan
1786621590.317051,3,camera
1786621590.349212,2,scan
1786621590.364096,2,camera
1786621590.364408,3,scan
1786621590.371626,1,camera
1786621590.372208,1,scan
1786621590.418126,3,camera
1786621590.449832,2,scan
1786621590.462089,3,scan
1786621590.462854,2,camera
1786621590.474452,1,camera
1786621590.474660,1,scan
1786621590.514918,3,camera
1786621590.548873,2,scan
1786621590.561764,3,scan
1786621590.563447,2,camera
1786621590.563984,1,scan
1786621590.573664,1,camera
1786621590.620220,3,camera
1786621590.648990,2,scan
1786621590.661918,3,scan
1786621590.664690,1,scan
1786621590.672253,2,camera
1786621590.677684,1,camera
1786621590.713171,3,camera
1786621590.748083,2,scan
1786621590.762349,3,scan
1786621590.770509,2,camera
1786621590.772428,1,camera
1786621590.772658,1,scan
1786621590.818230,3,camera
1786621590.851416,2,camera
1786621590.851752,2,scan
1786621590.859810,1,camera
1786621590.862680,3,scan
1786621590.864918,1,scan
1786621590.921934,3,camera
1786621590.949555,2,scan
1786621590.962914,3,scan
1786621590.963986,1,scan
1786621590.972546,2,camera
1786621590.975557,1,camera
1786621591.022221,3,camera
1786621591.053827,2,scan
1786621591.063053,3,scan
1786621591.066329,1,scan
1786621591.073349,2,camera
1786621591.098293,1,camera
1786621591.125768,3,camera
1786621591.156272,2,camera
1786621591.156390,2,scan
1786621591.161515,3,scan
1786621591.165529,1,camera
1786621591.165737,1,scan
1786621591.222018,3,camera
1786621591.251293,2,camera
1786621591.251647,2,scan
1786621591.260462,1,camera
1786621591.263603,3,scan
1786621591.264635,1,scan
1786621591.325844,3,camera
1786621591.348271,2,scan
1786621591.362195,3,scan
1786621591.362962,2,camera
1786621591.371485,1,camera
1786621591.372111,1,scan
1786621591.425592,3,camera
1786621591.449612,2,scan
1786621591.462764,3,scan
1786621591.464393,1,scan
1786621591.469985,2,camera
1786621591.475245,1,camera
1786621591.521169,3,camera
1786621591.548277,2,scan
1786621591.560929,2,camera
1786621591.561406,3,scan
1786621591.568667,1,camera
1786621591.569127,1,scan
1786621591.622683,3,camera
1786621591.648484,2,scan
1786621591.661412,2,camera
1786621591.663436,3,scan
1786621591.668844,1,camera
1786621591.669037,1,scan
1786621591.724982,3,camera
1786621591.748086,2,scan
1786621591.762835,2,camera
1786621591.763396,3,scan
1786621591.771672,1,camera
1786621591.772287,1,scan
1786621591.819833,3,camera
1786621591.850208,2,scan
1786621591.863230,3,scan
1786621591.864757,1,scan
1786621591.865706,2,camera
1786621591.876258,1,camera
1786621591.922338,3,camera
1786621591.953883,2,camera
1786621591.954052,2,scan
1786621591.963366,3,scan
1786621591.969067,1,camera
1786621591.969589,1,scan
1786621592.021024,3,camera
1786621592.051949,2,scan
1786621592.063488,3,scan
1786621592.066740,1,scan
1786621592.076824,2,camera
1786621592.085507,1,camera
1786621592.118055,3,camera
1786621592.148139,2,scan
1786621592.157767,2,camera
1786621592.163995,3,scan
1786621592.165055,1,camera
1786621592.165161,1,scan
1786621592.217612,3,camera
1786621592.248569,2,scan
1786621592.259027,2,camera
1786621592.262033,3,scan
1786621592.267338,1,camera
1786621592.267795,1,scan
1786621592.323078,3,camera
1786621592.348749,2,scan
1786621592.363280,3,scan
1786621592.365023,2,camera
1786621592.370671,1,camera
1786621592.371190,1,scan
1786621592.425584,3,camera
1786621592.449737,2,scan
1786621592.460534,2,camera
1786621592.462010,3,scan
1786621592.470196,1,camera
1786621592.471123,1,scan
1786621592.524738,3,camera
1786621592.549727,2,scan
1786621592.558630,2,camera
1786621592.563223,3,scan
1786621592.565917,1,scan
1786621592.577967,1,camera
1786621592.623428,3,camera
1786621592.651304,2,scan
1786621592.661179,2,camera
1786621592.663250,3,scan
1786621592.671295,1,camera
1786621592.671457,1,scan
1786621592.721038,3,camera
1786621592.747942,2,camera
1786621592.756494,2,scan
1786621592.761602,3,scan
1786621592.768015,1,camera
1786621592.768208,1,scan
1786621592.810244,3,camera
1786621592.849382,2,scan
1786621592.860738,2,camera
1786621592.863268,3,scan
1786621592.881994,1,camera
1786621592.882495,1,scan
1786621592.910755,3,camera
1786621592.949903,2,scan
1786621592.960188,2,camera
1786621592.961322,3,scan
1786621593.008904,3,camera
1786621593.038631,1,camera
1786621593.039586,1,scan
1786621593.054053,2,scan
1786621593.064968,3,scan
1786621593.067465,2,camera
1786621593.071602,1,scan
1786621593.108333,1,camera
1786621593.112462,3,camera
1786621593.148960,2,camera
1786621593.149039,2,scan
1786621593.165020,3,scan
1786621593.200365,1,camera
1786621593.200609,1,scan
1786621593.204444,3,camera
1786621593.260690,2,camera
1786621593.261584,3,scan
1786621593.265453,2,scan
1786621593.290913,1,camera
1786621593.291609,1,scan
1786621593.323751,3,camera
1786621593.362169,3,scan
1786621593.398211,1,camera
1786621593.398896,1,scan
1786621593.406791,3,camera
1786621593.462560,3,scan
1786621593.474771,2,camera
1786621593.475004,2,scan
1786621593.489420,1,camera
1786621593.489985,1,scan
1786621593.506440,3,camera
1786621593.516663,2,camera
1786621593.516741,2,scan
1786621593.552849,2,scan
1786621593.562315,3,scan
1786621593.586809,2,camera
1786621593.593986,3,camera
1786621593.598130,1,camera
1786621593.598308,1,scan
1786621593.653049,2,scan
1786621593.667468,3,scan
1786621593.698097,2,camera
1786621593.699014,1,camera
1786621593.699436,1,scan
1786621593.709980,3,camera
1786621593.773862,3,scan
1786621593.782353,2,camera
1786621593.782939,2,scan
1786621593.799882,1,camera
1786621593.800046,1,scan
1786621593.815807,3,camera
1786621593.854976,2,scan
1786621593.867950,3,scan
1786621593.898034,2,camera
1786621593.917846,3,camera
1786621593.926832,1,camera
1786621593.927323,1,scan
1786621593.959285,2,scan
1786621593.973394,3,scan
1786621594.020463,3,camera
1786621594.026017,2,camera
1786621594.026970,1,camera
1786621594.027626,1,scan
1786621594.055151,2,scan
1786621594.066397,3,scan
1786621594.071572,1,scan
1786621594.113978,3,camera
1786621594.127039,2,camera
1786621594.127723,1,camera
1786621594.165554,3,scan
1786621594.224965,1,camera
1786621594.225563,1,scan
1786621594.226464,3,camera
1786621594.231528,2,camera
1786621594.231765,2,scan
1786621594.256417,2,scan
1786621594.267957,3,scan
1786621594.327721,1,camera
1786621594.328310,1,scan
1786621594.329386,2,camera
1786621594.339396,3,camera
1786621594.352792,2,scan
1786621594.366119,3,scan
1786621594.371785,1,scan
1786621594.433016,3,camera
1786621594.435662,2,camera
1786621594.441444,1,camera
1786621594.452867,2,scan
1786621594.468013,1,scan
1786621594.470596,3,scan
1786621594.524159,1,camera
1786621594.525408,2,camera
1786621594.532219,3,camera
1786621594.552357,2,scan
1786621594.568856,3,scan
1786621594.608782,1,camera
1786621594.612259,2,camera
1786621594.625842,1,scan
1786621594.639230,3,camera
1786621594.651995,2,scan
1786621594.665834,3,scan
1786621594.669328,1,scan
1786621594.726771,1,camera
1786621594.731468,3,camera
1786621594.733910,2,camera
1786621594.753176,2,scan
1786621594.766808,3,scan
1786621594.803614,1,camera
1786621594.806118,1,scan
1786621594.815026,2,camera
1786621594.843208,3,camera
1786621594.854178,2,scan
1786621594.865630,3,scan
1786621594.874280,1,scan
1786621594.911195,2,camera
1786621594.913249,1,camera
1786621594.935390,3,camera
1786621594.955083,2,scan
1786621594.969611,1,scan
1786621594.971649,3,scan
1786621595.010074,1,camera
1786621595.012066,2,camera
1786621595.032880,3,camera
1786621595.054392,2,scan
1786621595.068756,3,scan
1786621595.073074,1,scan
1786621595.114010,2,camera
1786621595.130899,1,camera
1786621595.137214,3,camera
1786621595.166192,3,scan
1786621595.182030,2,camera
1786621595.185965,2,scan
1786621595.196519,1,camera
1786621595.197304,1,scan
1786621595.224741,3,camera
1786621595.266718,3,scan
1786621595.275459,2,camera
1786621595.289028,2,scan
1786621595.298497,1,camera
1786621595.298818,1,scan
1786621595.333473,3,camera
1786621595.351396,2,scan
1786621595.368505,3,scan
1786621595.393567,2,camera
1786621595.403036,1,camera
1786621595.403260,1,scan
1786621595.437394,3,camera
1786621595.452662,2,scan
1786621595.466573,3,scan
1786621595.493026,2,camera
1786621595.503807,1,camera
1786621595.504086,1,scan
1786621595.545320,3,camera
1786621595.554989,2,scan
1786621595.565003,3,scan
1786621595.568521,1,scan
1786621595.595213,2,camera
1786621595.610289,1,camera
1786621595.636978,3,camera
1786621595.654531,2,scan
1786621595.665306,3,scan
1786621595.669278,1,scan
1786621595.681041,2,camera
1786621595.705513,1,camera
1786621595.733902,3,camera
1786621595.754130,2,scan
1786621595.769242,3,scan
1786621595.770839,1,scan
1786621595.780839,2,camera
1786621595.797277,1,camera
1786621595.842126,3,camera
1786621595.857028,2,scan
1786621595.864333,3,scan
1786621595.868437,1,scan
1786621595.882636,2,camera
1786621595.890637,1,camera
1786621595.940133,3,camera
1786621595.953891,2,scan
1786621595.967456,3,scan
1786621595.982993,2,camera
1786621595.987146,1,camera
1786621595.987676,1,scan
1786621596.042899,3,camera
1786621596.058062,2,scan
1786621596.066978,3,scan
1786621596.070370,1,scan
1786621596.094911,2,camera
1786621596.105591,1,camera
1786621596.136226,3,camera
1786621596.168607,3,scan
1786621596.171840,2,camera
1786621596.172041,2,scan
1786621596.195786,1,camera
1786621596.200352,1,scan
1786621596.230771,3,camera
1786621596.269033,2,camera
1786621596.270167,2,scan
1786621596.271735,3,scan
1786621596.281988,1,camera
1786621596.282350,1,scan
1786621596.344388,3,camera
1786621596.353078,2,scan
1786621596.367740,1,scan
1786621596.370953,3,scan
1786621596.385668,2,camera
1786621596.394596,1,camera
1786621596.442591,3,camera
1786621596.457247,2,scan
1786621596.474172,3,scan
1786621596.476532,1,scan
1786621596.483319,2,camera
1786621596.494420,1,camera
1786621596.534901,3,camera
1786621596.555162,2,scan
1786621596.566551,3,scan
1786621596.571816,1,scan
1786621596.577981,2,camera
1786621596.589625,1,camera
1786621596.637101,3,camera
1786621596.651850,2,scan
1786621596.669327,3,scan
1786621596.670200,1,scan
1786621596.679762,2,camera
1786621596.694358,1,camera
1786621596.734101,3,camera
1786621596.754432,2,scan
1786621596.764973,3,scan
1786621596.792800,1,camera
1786621596.793387,1,scan
1786621596.793855,2,camera
1786621596.838071,3,camera
1786621596.855795,2,scan
1786621596.867467,3,scan
1786621596.885780,2,camera
1786621596.919906,1,camera
1786621596.920869,1,scan
1786621596.939762,3,camera
1786621596.955138,2,scan
1786621596.967370,3,scan
1786621596.986823,2,camera
1786621597.000971,1,camera
1786621597.001575,1,scan
1786621597.038201,3,camera
1786621597.053291,2,scan
1786621597.069938,3,scan
1786621597.074135,1,scan
1786621597.092259,2,camera
1786621597.121828,1,camera
1786621597.132635,3,camera
1786621597.155821,2,scan
1786621597.166923,3,scan
1786621597.178861,1,camera
1786621597.183224,2,camera
1786621597.187799,1,scan
1786621597.228958,3,camera
1786621597.267691,2,camera
1786621597.268307,2,scan
1786621597.268454,3,scan
1786621597.288200,1,camera
1786621597.288319,1,scan
1786621597.323518,3,camera
1786621597.364719,2,scan
1786621597.365510,3,scan
1786621597.381220,2,camera
1786621597.397316,1,camera
1786621597.414318,1,scan
1786621597.449602,3,camera
1786621597.453497,2,scan
1786621597.465521,3,scan
1786621597.478043,2,camera
1786621597.494332,1,camera
1786621597.499602,1,scan
1786621597.540752,3,camera
1786621597.554616,2,scan
1786621597.566658,3,scan
1786621597.569752,1,scan
1786621597.578053,2,camera
1786621597.604283,1,camera
1786621597.642483,3,camera
1786621597.656494,2,scan
1786621597.666952,3,scan
1786621597.678576,2,camera
1786621597.697423,1,camera
1786621597.709427,1,scan
1786621597.736970,3,camera
1786621597.754005,2,scan
1786621597.765714,3,scan
1786621597.774284,2,camera
1786621597.798218,1,camera
1786621597.798480,1,scan
1786621597.838215,3,camera
1786621597.855600,2,scan
1786621597.868458,3,scan
1786621597.869779,1,scan
1786621597.878564,2,camera
1786621597.902911,1,camera
1786621597.932745,3,camera
1786621597.952419,2,scan
1786621597.965993,3,scan
1786621597.980079,2,camera
1786621597.986804,1,camera
1786621597.987165,1,scan
1786621598.037086,3,camera
1786621598.054424,2,scan
1786621598.066679,3,scan
1786621598.072438,1,scan
1786621598.087033,2,camera
1786621598.103317,1,camera
1786621598.129993,3,camera
1786621598.167298,3,scan
1786621598.176429,2,camera
1786621598.176507,2,scan
1786621598.179234,1,camera
1786621598.179442,1,scan
1786621598.228611,3,camera
1786621598.267050,3,scan
1786621598.268668,2,camera
1786621598.268870,2,scan
1786621598.286877,1,camera
1786621598.287065,1,scan
1786621598.359394,3,camera
1786621598.364397,2,scan
1786621598.372051,3,scan
1786621598.400221,1,camera
1786621598.401167,1,scan
1786621598.408599,2,camera
1786621598.450235,3,camera
1786621598.452731,2,scan
1786621598.466595,3,scan
1786621598.504410,1,camera
1786621598.509242,1,scan
1786621598.511397,2,camera
1786621598.549217,3,camera
1786621598.565519,2,scan
1786621598.566121,3,scan
1786621598.608572,1,camera
1786621598.608836,1,scan
1786621598.624774,2,camera
1786621598.647614,3,camera
1786621598.652317,2,scan
1786621598.668408,3,scan
1786621598.724799,1,camera
1786621598.725808,1,scan
1786621598.737530,2,camera
1786621598.750296,3,camera
1786621598.752630,2,scan
1786621598.768931,3,scan
1786621598.771787,1,scan
1786621598.820611,2,camera
1786621598.828354,1,camera
1786621598.849636,3,camera
1786621598.852523,2,scan
1786621598.865846,3,scan
1786621598.868511,1,scan
1786621598.917154,2,camera
1786621598.926801,1,camera
1786621598.953092,2,scan
1786621598.955939,3,camera
1786621598.966011,3,scan
1786621598.967958,1,scan
1786621599.005120,2,camera
1786621599.007007,1,camera
1786621599.035659,3,camera
1786621599.053292,2,scan
1786621599.067622,3,scan
1786621599.072176,1,scan
1786621599.109873,2,camera
1786621599.126753,1,camera
1786621599.134367,3,camera
1786621599.166409,3,scan
1786621599.184641,2,camera
1786621599.184769,2,scan
1786621599.199508,1,camera
1786621599.200135,1,scan
1786621599.236936,3,camera
1786621599.267517,3,scan
1786621599.287601,2,camera
1786621599.287816,2,scan
1786621599.289862,1,camera
1786621599.290358,1,scan
1786621599.335247,3,camera
1786621599.354554,2,scan
1786621599.369941,1,scan
1786621599.370458,3,scan
1786621599.395921,2,camera
1786621599.413782,1,camera
1786621599.425601,3,camera
1786621599.454252,2,scan
1786621599.469642,1,scan
1786621599.478196,3,scan
1786621599.499196,2,camera
1786621599.511861,1,camera
1786621599.528817,3,camera
1786621599.559041,2,scan
1786621599.568375,3,scan
1786621599.570684,1,scan
1786621599.595707,2,camera
1786621599.609643,1,camera
1786621599.639019,3,camera
1786621599.657742,2,scan
1786621599.666274,3,scan
1786621599.689489,1,scan
1786621599.695463,2,camera
1786621599.738449,3,camera
1786621599.751760,1,camera
1786621599.752345,2,scan
1786621599.772205,3,scan
1786621599.776903,1,scan
1786621599.794385,2,camera
1786621599.823870,1,camera
1786621599.832824,3,camera
1786621599.852152,2,scan
1786621599.867090,3,scan
1786621599.881160,2,camera
1786621599.915658,1,camera
1786621599.923640,1,scan
1786621599.936131,3,camera
1786621599.953433,2,scan
1786621599.965568,3,scan
1786621599.981796,2,camera
1786621600.021521,1,camera
1786621600.027777,1,scan
1786621600.040801,3,camera
1786621600.057565,2,scan
1786621600.066036,3,scan
1786621600.068647,1,scan
1786621600.111717,2,camera
1786621600.125725,1,camera
1786621600.136479,3,camera
1786621600.150687,2,scan
1786621600.173568,3,scan
1786621600.195965,1,camera
1786621600.203184,2,camera
1786621600.211018,1,scan
1786621600.238227,3,camera
1786621600.269318,3,scan
1786621600.288487,1,camera
1786621600.298785,2,camera
1786621600.299013,2,scan
1786621600.303958,1,scan
1786621600.346993,3,camera
1786621600.353680,2,scan
1786621600.373303,3,scan
1786621600.402360,2,camera
1786621600.403759,1,camera
1786621600.404258,1,scan
1786621600.450441,3,camera
1786621600.462267,2,scan
1786621600.470793,3,scan
1786621600.497643,1,camera
1786621600.500161,2,camera
1786621600.501998,1,scan
1786621600.554027,3,camera
1786621600.556311,2,scan
1786621600.567075,3,scan
1786621600.600085,1,camera
1786621600.600300,1,scan
1786621600.601748,2,camera
1786621600.654060,2,scan
1786621600.655542,3,camera
1786621600.668370,3,scan
1786621600.670684,1,scan
1786621600.705930,1,camera
1786621600.713794,2,camera
1786621600.750168,3,camera
1786621600.755097,2,scan
1786621600.769328,3,scan
1786621600.802709,2,camera
1786621600.804647,1,camera
1786621600.804915,1,scan
1786621600.852172,2,scan
1786621600.852926,3,camera
1786621600.865017,3,scan
1786621600.896387,2,camera
1786621600.903049,1,camera
1786621600.903248,1,scan
1786621600.949159,3,camera
1786621600.951910,2,scan
1786621600.967922,3,scan
1786621600.993101,2,camera
1786621601.007684,1,camera
1786621601.007873,1,scan
1786621601.042176,3,camera
1786621601.054046,2,scan
1786621601.068398,3,scan
1786621601.070431,1,scan
1786621601.104929,1,camera
1786621601.113150,2,camera
1786621601.142339,3,camera
1786621601.154866,2,scan
1786621601.166128,3,scan
1786621601.190519,1,camera
1786621601.194167,1,scan
1786621601.213092,2,camera
1786621601.230583,3,camera
1786621601.266269,3,scan
1786621601.288629,2,camera
1786621601.288858,2,scan
1786621601.289723,1,camera
1786621601.292529,1,scan
1786621601.358069,2,scan
1786621601.363509,3,camera
1786621601.366028,3,scan
1786621601.398449,2,camera
1786621601.399161,1,camera
1786621601.399304,1,scan
1786621601.453659,2,scan
1786621601.474493,3,camera
1786621601.482131,3,scan
1786621601.488288,1,camera
1786621601.490896,2,camera
1786621601.501731,1,scan
1786621601.552821,2,scan
1786621601.568784,3,camera
1786621601.573980,3,scan
1786621601.589453,1,camera
1786621601.592778,1,scan
1786621601.614146,2,camera
1786621601.652908,2,scan
1786621601.673620,3,camera
1786621601.674179,3,scan
1786621601.692212,2,camera
1786621601.695011,1,camera
1786621601.695485,1,scan
1786621601.752759,2,scan
1786621601.755234,3,camera
1786621601.769545,3,scan
1786621601.793810,1,camera
1786621601.796576,1,scan
1786621601.799589,2,camera
1786621601.854528,2,scan
1786621601.868583,3,camera
1786621601.876225,3,scan
1786621601.887664,1,camera
1786621601.888226,1,scan
1786621601.892586,2,camera
1786621601.951943,2,scan
1786621601.967165,3,camera
1786621601.967744,3,scan
1786621601.979761,2,camera
1786621601.990448,1,camera
1786621601.990638,1,scan
1786621602.056902,2,scan
1786621602.058115,3,camera
1786621602.070684,1,scan
1786621602.071811,3,scan
1786621602.085015,2,camera
1786621602.101840,1,camera
1786621602.162539,3,camera
1786621602.164312,3,scan
1786621602.171854,2,camera
1786621602.172112,2,scan
1786621602.182101,1,camera
1786621602.182959,1,scan
1786621602.250961,3,camera
1786621602.266665,3,scan
1786621602.279315,2,camera
1786621602.279908,2,scan
1786621602.285260,1,camera
1786621602.285751,1,scan
1786621602.351390,2,scan
1786621602.352268,3,camera
1786621602.364988,3,scan
1786621602.372730,1,scan
1786621602.386993,2,camera
1786621602.390029,1,camera
1786621602.443892,3,camera
1786621602.455451,2,scan
1786621602.466634,3,scan
1786621602.481239,2,camera
1786621602.494739,1,camera
1786621602.495288,1,scan
1786621602.553608,2,scan
1786621602.554404,3,camera
1786621602.565859,3,scan
1786621602.583188,2,camera
1786621602.589109,1,camera
1786621602.589646,1,scan
1786621602.651594,2,scan
1786621602.655768,3,camera
1786621602.666037,3,scan
1786621602.683538,1,camera
1786621602.684154,1,scan
1786621602.689292,2,camera
1786621602.748496,3,camera
1786621602.770579,3,scan
1786621602.788587,2,camera
1786621602.789193,2,scan
1786621602.806273,1,camera
1786621602.806926,1,scan
1786621602.840225,3,camera
1786621602.854714,2,scan
1786621602.868850,3,scan
1786621602.875847,1,scan
1786621602.893198,2,camera
1786621602.910620,1,camera
1786621602.941298,3,camera
1786621602.954252,2,scan
1786621602.968018,3,scan
1786621602.992873,2,camera
1786621602.994058,1,camera
1786621603.000637,1,scan
1786621603.033931,3,camera
1786621603.054317,2,scan
1786621603.066952,3,scan
1786621603.069673,1,scan
1786621603.103051,1,camera
1786621603.120299,2,camera
1786621603.136295,3,camera
1786621603.155507,2,scan
1786621603.164394,3,scan
1786621603.174543,1,camera
1786621603.174605,1,scan
1786621603.189368,2,camera
1786621603.233196,3,camera
1786621603.266881,3,scan
1786621603.274613,1,camera
1786621603.275204,1,scan
1786621603.290639,2,camera
1786621603.290966,2,scan
1786621603.336497,3,camera
1786621603.352314,2,scan
1786621603.365455,3,scan
1786621603.367168,1,scan
1786621603.389431,2,camera
1786621603.392663,1,camera
1786621603.440109,3,camera
1786621603.452901,2,scan
1786621603.470287,3,scan
1786621603.483070,1,scan
1786621603.493250,2,camera
1786621603.512552,1,camera
1786621603.544156,3,camera
1786621603.550908,2,scan
1786621603.566978,3,scan
1786621603.591945,2,camera
1786621603.602716,1,camera
1786621603.603129,1,scan
1786621603.645238,3,camera
1786621603.657824,2,scan
1786621603.666378,3,scan
1786621603.690964,2,camera
1786621603.703088,1,camera
1786621603.703469,1,scan
1786621603.749667,3,camera
1786621603.753179,2,scan
1786621603.768422,3,scan
1786621603.792993,2,camera
1786621603.806907,1,camera
1786621603.807057,1,scan
1786621603.834784,3,camera
1786621603.871841,3,scan
1786621603.874108,2,camera
1786621603.874571,2,scan
1786621603.896023,1,camera
1786621603.896243,1,scan
1786621603.941818,3,camera
1786621603.952561,2,scan
1786621603.966335,3,scan
1786621603.967679,1,scan
1786621603.983230,2,camera
1786621604.005210,1,camera
1786621604.034916,3,camera
1786621604.057949,2,scan
1786621604.068182,3,scan
1786621604.072108,1,scan
1786621604.082347,2,camera
1786621604.103998,1,camera
1786621604.135545,3,camera
1786621604.166309,3,scan
1786621604.169161,2,camera
1786621604.169249,2,scan
1786621604.179120,1,camera
1786621604.192989,1,scan
1786621604.228934,3,camera
1786621604.252793,2,scan
1786621604.265801,3,scan
1786621604.283287,2,camera
1786621604.284410,1,camera
1786621604.290185,1,scan
1786621604.352839,2,scan
1786621604.358021,3,camera
1786621604.368737,3,scan
1786621604.384819,2,camera
1786621604.401873,1,camera
1786621604.403746,1,scan
1786621604.454259,2,scan
1786621604.455432,3,camera
1786621604.466092,3,scan
1786621604.471272,1,scan
1786621604.481861,2,camera
1786621604.518005,1,camera
1786621604.552615,2,scan
1786621604.554514,3,camera
1786621604.568131,3,scan
1786621604.586991,2,camera
1786621604.590422,1,camera
1786621604.596962,1,scan
1786621604.654245,2,scan
1786621604.658210,3,camera
1786621604.666027,3,scan
1786621604.677284,1,scan
1786621604.680587,2,camera
1786621604.697617,1,camera
1786621604.753126,3,camera
1786621604.754817,2,scan
1786621604.767903,3,scan
1786621604.771681,1,scan
1786621604.786908,2,camera
1786621604.791288,1,camera
1786621604.837125,3,camera
1786621604.853523,2,scan
1786621604.866198,3,scan
1786621604.874092,2,camera
1786621604.887500,1,camera
1786621604.887606,1,scan
1786621604.928900,3,camera
1786621604.957802,2,scan
1786621604.965990,3,scan
1786621604.978553,1,scan
1786621604.990876,2,camera
1786621604.998923,1,camera
1786621605.046140,3,camera
1786621605.053947,2,scan
1786621605.066994,3,scan
1786621605.076278,1,scan
1786621605.096370,1,camera
1786621605.137002,3,camera
1786621605.143888,2,camera
1786621605.164626,3,scan
1786621605.178476,1,camera
1786621605.178651,1,scan
1786621605.204050,2,camera
1786621605.204325,2,scan
1786621605.223755,3,camera
1786621605.252575,2,scan
1786621605.264309,3,scan
1786621605.277260,1,camera
1786621605.277834,1,scan
1786621605.294461,2,camera
1786621605.331114,3,camera
1786621605.353212,2,scan
1786621605.369265,3,scan
1786621605.406974,1,camera
1786621605.407182,1,scan
1786621605.407980,2,camera
1786621605.437939,3,camera
1786621605.453398,2,scan
1786621605.468530,3,scan
1786621605.505801,1,camera
1786621605.506512,1,scan
1786621605.507033,2,camera
1786621605.540060,3,camera
1786621605.555441,2,scan
1786621605.568042,3,scan
1786621605.618232,2,camera
1786621605.619790,1,camera
1786621605.620293,1,scan
1786621605.639922,3,camera
1786621605.651793,2,scan
1786621605.665437,3,scan
1786621605.710273,1,camera
1786621605.710485,1,scan
1786621605.715915,2,camera
1786621605.736686,3,camera
1786621605.752466,2,scan
1786621605.768957,3,scan
1786621605.804917,1,camera
1786621605.807517,1,scan
1786621605.833932,3,camera
1786621605.849953,2,camera
1786621605.856762,2,scan
1786621605.865888,3,scan
1786621605.909011,1,camera
1786621605.909136,1,scan
1786621605.940651,2,camera
1786621605.950301,3,camera
1786621605.955141,2,scan
1786621605.972684,3,scan
1786621606.025830,1,camera
1786621606.026151,1,scan
1786621606.030956,3,camera
1786621606.034021,2,camera
1786621606.055335,2,scan
1786621606.072981,1,scan
1786621606.092920,3,scan
1786621606.130746,1,camera
1786621606.131246,2,camera
1786621606.150736,3,camera
1786621606.152200,2,scan
1786621606.165805,3,scan
1786621606.203796,1,camera
1786621606.212613,2,camera
1786621606.226044,1,scan
1786621606.243815,3,camera
1786621606.267146,3,scan
1786621606.298084,2,camera
1786621606.299155,2,scan
1786621606.321446,1,camera
1786621606.321838,1,scan
1786621606.354459,2,scan
1786621606.356292,3,camera
1786621606.366832,3,scan
1786621606.407712,2,camera
1786621606.449626,3,camera
1786621606.455855,2,scan
1786621606.472312,1,camera
1786621606.478217,3,scan
1786621606.484411,1,scan
1786621606.484918,1,scan
1786621606.505310,2,camera
1786621606.552418,2,scan
1786621606.565310,1,camera
1786621606.578218,3,camera
1786621606.586769,3,scan
1786621606.608277,2,camera
1786621606.639413,1,camera
1786621606.640748,1,scan
1786621606.654804,2,scan
1786621606.687855,3,camera
1786621606.688458,3,scan
1786621606.715397,2,camera
1786621606.731979,1,camera
1786621606.732498,1,scan
1786621606.751217,2,scan
1786621606.768443,1,scan
1786621606.773991,3,camera
1786621606.774541,3,scan
1786621606.819921,1,camera
1786621606.826887,2,camera
1786621606.852371,2,scan
1786621606.874383,3,camera
1786621606.875514,3,scan
1786621606.902540,2,camera
1786621606.911970,1,camera
1786621606.912342,1,scan
1786621606.952099,2,scan
1786621606.962892,3,camera
1786621606.973009,3,scan
1786621606.999916,2,camera
1786621607.002012,1,camera
1786621607.002649,1,scan
1786621607.052903,2,scan
1786621607.060688,3,camera
1786621607.066590,3,scan
1786621607.078364,1,scan
1786621607.108943,2,camera
1786621607.126472,1,camera
1786621607.147706,3,camera
1786621607.164341,3,scan
1786621607.192459,1,camera
1786621607.192584,1,scan
1786621607.193446,2,camera
1786621607.193575,2,scan
1786621607.251168,3,camera
1786621607.251865,2,scan
1786621607.266067,3,scan
1786621607.296317,1,camera
1786621607.296931,1,scan
1786621607.309212,2,camera
1786621607.353642,3,camera
1786621607.354903,2,scan
1786621607.368045,3,scan
1786621607.403216,1,camera
1786621607.406385,2,camera
1786621607.406665,1,scan
1786621607.452289,3,camera
1786621607.453400,2,scan
1786621607.465848,3,scan
1786621607.496741,2,camera
1786621607.500433,1,camera
1786621607.500732,1,scan
1786621607.552130,2,scan
1786621607.553301,3,camera
1786621607.570934,1,scan
1786621607.571283,3,scan
1786621607.598310,2,camera
1786621607.599469,1,camera
1786621607.635003,3,camera
1786621607.652636,2,scan
1786621607.666150,3,scan
1786621607.681399,1,camera
1786621607.686269,2,camera
1786621607.696506,1,scan
1786621607.737369,3,camera
1786621607.755032,2,scan
1786621607.767647,3,scan
1786621607.781175,1,scan
1786621607.795809,2,camera
1786621607.813489,1,camera
1786621607.835537,3,camera
1786621607.853274,2,scan
1786621607.866328,3,scan
1786621607.899781,2,camera
1786621607.906801,1,camera
1786621607.907732,1,scan
1786621607.937280,3,camera
1786621607.953383,2,scan
1786621607.968139,1,scan
1786621607.972371,3,scan
1786621607.990544,2,camera
1786621608.015007,1,camera
1786621608.038004,3,camera
1786621608.056329,2,scan
1786621608.068831,3,scan
1786621608.071740,1,scan
1786621608.108822,2,camera
1786621608.117204,1,camera
1786621608.137261,3,camera
1786621608.169492,3,scan
1786621608.169708,2,camera
1786621608.169756,2,scan
1786621608.196690,1,camera
1786621608.196781,1,scan
1786621608.221298,3,camera
1786621608.264522,2,camera
1786621608.264673,2,scan
1786621608.273611,3,scan
1786621608.292608,1,camera
1786621608.293007,1,scan
1786621608.337814,3,camera
1786621608.350158,2,scan
1786621608.366350,3,scan
1786621608.373435,2,camera
1786621608.397772,1,camera
1786621608.398345,1,scan
1786621608.433246,3,camera
1786621608.454428,2,scan
1786621608.473373,3,scan
1786621608.478504,2,camera
1786621608.509200,1,camera
1786621608.509713,1,scan
1786621608.540586,3,camera
1786621608.552258,2,scan
1786621608.567111,3,scan
1786621608.569206,1,scan
1786621608.579871,2,camera
1786621608.608140,1,camera
1786621608.641372,3,camera
1786621608.655499,2,scan
1786621608.665980,3,scan
1786621608.680052,2,camera
1786621608.706923,1,camera
1786621608.707133,1,scan
1786621608.736600,3,camera
1786621608.754102,2,scan
1786621608.766654,3,scan
1786621608.779252,2,camera
1786621608.806490,1,camera
1786621608.807418,1,scan
1786621608.833911,3,camera
1786621608.852984,2,scan
1786621608.867433,3,scan
1786621608.883010,2,camera
1786621608.901848,1,camera
1786621608.904746,1,scan
1786621608.944579,3,camera
1786621608.952429,2,scan
1786621608.968215,1,scan
1786621608.968555,3,scan
1786621608.978295,2,camera
1786621609.009334,1,camera
1786621609.037745,3,camera
1786621609.055097,2,scan
1786621609.067530,3,scan
1786621609.074937,1,scan
1786621609.089257,2,camera
1786621609.116906,1,camera
1786621609.144257,3,camera
1786621609.168531,3,scan
1786621609.176808,2,camera
1786621609.176895,2,scan
1786621609.196627,1,camera
1786621609.199759,1,scan
1786621609.243789,3,camera
1786621609.252812,2,scan
1786621609.266479,3,scan
1786621609.288956,2,camera
1786621609.294675,1,camera
1786621609.294834,1,scan
1786621609.333833,3,camera
1786621609.351824,2,scan
1786621609.367065,3,scan
1786621609.370895,2,camera
1786621609.379107,1,camera
1786621609.379665,1,scan
1786621609.435682,3,camera
1786621609.451604,2,scan
1786621609.466369,3,scan
1786621609.468526,1,scan
1786621609.486683,2,camera
1786621609.516455,1,camera
1786621609.535942,3,camera
1786621609.555506,2,scan
1786621609.570438,3,scan
1786621609.587474,2,camera
1786621609.604068,1,camera
1786621609.605238,1,scan
1786621609.635440,3,camera
1786621609.656430,2,scan
1786621609.667834,1,scan
1786621609.669450,3,scan
1786621609.696033,2,camera
1786621609.734145,3,camera
1786621609.762400,1,camera
1786621609.769262,3,scan
1786621609.771224,2,scan
1786621609.780253,2,camera
1786621609.831024,1,camera
1786621609.831228,1,scan
1786621609.834250,3,camera
1786621609.851284,2,scan
1786621609.865629,3,scan
1786621609.869486,1,scan
1786621609.899349,2,camera
1786621609.917802,1,camera
1786621609.934829,3,camera
1786621609.959661,2,scan
1786621609.965889,3,scan
1786621609.991459,2,camera
1786621610.017205,1,camera
1786621610.018201,1,scan
1786621610.030358,3,camera
1786621610.056468,2,scan
1786621610.067855,3,scan
1786621610.068961,1,scan
1786621610.110081,2,camera
1786621610.117137,1,camera
1786621610.131100,3,camera
1786621610.154207,2,scan
1786621610.165310,3,scan
1786621610.192990,2,camera
1786621610.203577,1,camera
1786621610.204003,1,scan
1786621610.233011,3,camera
1786621610.270426,2,camera
1786621610.270650,2,scan
1786621610.271955,3,scan
1786621610.304725,1,camera
1786621610.307030,1,scan
1786621610.349779,3,camera
1786621610.353095,2,scan
1786621610.366408,3,scan
1786621610.378864,2,camera
1786621610.418384,1,camera
1786621610.419143,1,scan
1786621610.427578,3,camera
1786621610.454736,2,scan
1786621610.466541,3,scan
1786621610.476559,2,camera
1786621610.512796,1,camera
1786621610.527748,1,scan
1786621610.536201,3,camera
1786621610.554554,2,scan
1786621610.565943,3,scan
1786621610.576682,2,camera
1786621610.609220,1,camera
1786621610.609527,1,scan
1786621610.643687,3,camera
1786621610.653072,2,scan
1786621610.665179,3,scan
1786621610.681288,2,camera
1786621610.702772,1,camera
1786621610.703399,1,scan
1786621610.740153,3,camera
1786621610.751482,2,scan
1786621610.767603,1,scan
1786621610.768588,3,scan
1786621610.781626,2,camera
1786621610.812123,1,camera
1786621610.853440,3,camera
1786621610.866364,3,scan
1786621610.874260,2,scan
1786621610.888301,2,camera
1786621610.903535,1,camera
1786621610.903753,1,scan
1786621610.942449,3,camera
1786621610.954299,2,scan
1786621610.966727,3,scan
1786621610.968597,1,scan
1786621610.996314,2,camera
1786621611.010881,1,camera
1786621611.038087,3,camera
1786621611.053682,2,scan
1786621611.071784,3,scan
1786621611.072441,1,scan
1786621611.112494,2,camera
1786621611.129880,1,camera
1786621611.133354,3,camera
1786621611.152620,2,scan
1786621611.167631,3,scan
1786621611.192057,2,camera
1786621611.197010,1,camera
1786621611.197190,1,scan
1786621611.229482,3,camera
1786621611.267783,3,scan
1786621611.272598,1,camera
1786621611.284590,2,camera
1786621611.285296,2,scan
1786621611.286953,1,scan
1786621611.336652,3,camera
1786621611.353885,2,scan
1786621611.367279,3,scan
1786621611.390500,1,camera
1786621611.390646,1,scan
1786621611.395567,2,camera
1786621611.426351,3,camera
1786621611.470591,3,scan
1786621611.474059,1,camera
1786621611.474544,1,scan
1786621611.483370,2,camera
1786621611.483550,2,scan
1786621611.537732,3,camera
1786621611.554152,2,scan
1786621611.567358,3,scan
1786621611.569880,1,scan
1786621611.592680,1,camera
1786621611.595283,2,camera
1786621611.632231,3,camera
1786621611.654326,2,scan
1786621611.667335,3,scan
1786621611.686353,1,camera
1786621611.686730,1,scan
1786621611.691586,2,camera
1786621611.732792,3,camera
1786621611.756496,2,scan
1786621611.768085,3,scan
1786621611.787922,1,camera
1786621611.789848,1,scan
1786621611.792151,2,camera
1786621611.850982,3,camera
1786621611.852780,2,scan
1786621611.869932,3,scan
1786621611.881755,2,camera
1786621611.918262,1,camera
1786621611.918658,1,scan
1786621611.939352,3,camera
1786621611.953089,2,scan
1786621611.971922,3,scan
1786621611.990704,2,camera
1786621612.009945,1,camera
1786621612.010159,1,scan
1786621612.035857,3,camera
1786621612.054258,2,scan
1786621612.069466,3,scan
1786621612.074069,1,scan
1786621612.095546,2,camera
1786621612.139726,3,camera
1786621612.140242,1,camera
1786621612.165607,3,scan
1786621612.171131,2,camera
1786621612.171415,2,scan
1786621612.210229,1,camera
1786621612.210438,1,scan
1786621612.229388,3,camera
1786621612.253420,2,scan
1786621612.265877,3,scan
1786621612.280855,2,camera
1786621612.306204,1,camera
1786621612.306401,1,scan
1786621612.333475,3,camera
1786621612.353863,2,scan
1786621612.365443,3,scan
1786621612.376571,2,camera
1786621612.409182,1,camera
1786621612.409460,1,scan
1786621612.437514,3,camera
1786621612.452688,2,scan
1786621612.469095,3,scan
1786621612.480119,2,camera
1786621612.501762,1,camera
1786621612.502389,1,scan
1786621612.537098,3,camera
1786621612.567770,3,scan
1786621612.578117,2,camera
1786621612.578334,2,scan
1786621612.595902,1,camera
1786621612.596463,1,scan
1786621612.641104,3,camera
1786621612.656095,2,scan
1786621612.666959,3,scan
1786621612.678296,2,camera
1786621612.713957,1,camera
1786621612.714179,1,scan
1786621612.735259,3,camera
1786621612.753490,2,scan
1786621612.769852,3,scan
1786621612.783811,2,camera
1786621612.813241,1,camera
1786621612.813875,1,scan
1786621612.831586,3,camera
1786621612.851499,2,scan
1786621612.870971,3,scan
1786621612.881634,2,camera
1786621612.907412,1,camera
1786621612.907874,1,scan
1786621612.934074,3,camera
1786621612.965870,3,scan
1786621612.970428,2,camera
1786621612.970948,2,scan
1786621613.008513,1,camera
1786621613.009018,1,scan
1786621613.032016,3,camera
1786621613.054189,2,scan
1786621613.066599,3,scan
1786621613.069629,1,scan
1786621613.082758,2,camera
1786621613.109760,1,camera
1786621613.131375,3,camera
1786621613.168061,2,camera
1786621613.168155,2,scan
1786621613.169291,3,scan
1786621613.203865,1,camera
1786621613.203975,1,scan
1786621613.223298,3,camera
1786621613.267401,3,scan
1786621613.279593,2,camera
1786621613.279818,2,scan
1786621613.330873,1,camera
1786621613.332322,3,camera
1786621613.342153,1,scan
1786621613.351808,2,scan
1786621613.369637,1,scan
1786621613.370642,3,scan
1786621613.374187,2,camera
1786621613.429114,3,camera
1786621613.450608,1,camera
1786621613.453232,2,scan
1786621613.468328,3,scan
1786621613.478782,2,camera
1786621613.522870,1,camera
1786621613.523114,1,scan
1786621613.537407,3,camera
1786621613.553677,2,scan
1786621613.565787,3,scan
1786621613.568188,1,scan
1786621613.579101,2,camera
1786621613.621172,1,camera
1786621613.664990,2,camera
1786621613.665583,2,scan
1786621613.677244,3,camera
1786621613.690158,3,scan
1786621613.707093,1,camera
1786621613.707274,1,scan
1786621613.738239,3,camera
1786621613.757406,2,scan
1786621613.765420,3,scan
1786621613.768364,1,scan
1786621613.781343,2,camera
1786621613.804512,1,camera
1786621613.836023,3,camera
1786621613.851679,2,scan
1786621613.869524,3,scan
1786621613.871483,1,scan
1786621613.878661,2,camera
1786621613.917620,1,camera
1786621613.946188,3,camera
1786621613.965753,3,scan
1786621613.967264,2,camera
1786621613.967767,2,scan
1786621613.996990,1,camera
1786621613.997103,1,scan
1786621614.046878,3,camera
1786621614.057667,2,scan
1786621614.068210,3,scan
1786621614.085676,1,scan
1786621614.089099,2,camera
1786621614.136933,3,camera
1786621614.150434,1,camera
1786621614.164100,2,camera
1786621614.164192,2,scan
1786621614.166343,3,scan
1786621614.239940,3,camera
1786621614.267470,3,scan
1786621614.268377,2,camera
1786621614.268530,2,scan
1786621614.304835,1,camera
1786621614.308585,1,scan
1786621614.345791,3,camera
1786621614.354321,2,scan
1786621614.370367,3,scan
1786621614.396993,2,camera
1786621614.432341,1,camera
1786621614.444185,1,scan
1786621614.463961,3,camera
1786621614.466206,3,scan
1786621614.491909,2,camera
1786621614.491986,2,scan
1786621614.551332,3,camera
1786621614.558270,1,camera
1786621614.558481,1,scan
1786621614.567393,3,scan
1786621614.571815,2,scan
1786621614.645897,3,camera
1786621614.664951,2,camera
1786621614.668294,3,scan
1786621614.683054,1,camera
1786621614.683186,1,scan
1786621614.763680,2,camera
1786621614.764000,2,scan
1786621614.765906,2,scan
1786621614.794859,1,camera
1786621614.795240,1,scan
1786621614.886118,2,camera
1786621614.886652,2,scan
1786621614.888386,1,camera
1786621614.888798,1,scan
1786621614.953477,2,camera
1786621614.995015,1,camera
1786621614.995245,1,scan
1786621614.996271,3,camera
1786621614.996803,3,scan
1786621615.048734,2,camera
1786621615.049046,2,scan
1786621615.062348,2,scan
1786621615.130595,1,camera
1786621615.130963,1,scan
1786621615.143317,2,camera
1786621615.157188,3,camera
1786621615.181371,3,scan
1786621615.242188,2,camera
1786621615.242778,2,scan
1786621615.255354,1,camera
1786621615.260855,1,scan
1786621615.261451,1,scan
1786621615.262601,2,scan
1786621615.310738,3,camera
1786621615.311460,3,scan
1786621615.361592,2,camera
1786621615.362023,2,scan
1786621615.403484,1,camera
1786621615.428649,3,camera
1786621615.453554,3,scan
1786621615.456397,2,camera
1786621615.467416,2,scan
1786621615.526372,1,camera
1786621615.527009,1,scan
1786621615.544005,2,camera
1786621615.567367,2,scan
1786621615.581053,3,camera
1786621615.581564,3,scan
1786621615.640859,2,camera
1786621615.658736,2,scan
1786621615.673960,1,camera
1786621615.674528,1,scan
1786621615.729173,2,camera
1786621615.769339,2,scan
1786621615.796375,1,camera
1786621615.796632,1,scan
1786621615.812061,3,camera
1786621615.831250,3,scan
1786621615.841994,2,camera
1786621615.870876,2,scan
1786621615.905144,1,camera
1786621615.920389,1,scan
1786621615.950672,2,camera
1786621615.983502,2,scan
1786621616.006083,1,camera
1786621616.007237,1,scan
1786621616.014064,3,camera
1786621616.016730,3,scan
1786621616.082845,2,camera
1786621616.083898,2,scan
1786621616.087600,1,camera
1786621616.087866,1,scan
1786621616.142630,3,camera
1786621616.160340,1,camera
1786621616.160426,1,scan
1786621616.167862,3,scan
1786621616.237504,1,camera
1786621616.237598,1,scan
1786621616.237779,1,scan
1786621616.280938,2,camera
1786621616.281567,2,scan
1786621616.290260,3,camera
1786621616.290835,3,scan
1786621616.305352,1,camera
1786621616.307237,1,scan
1786621616.395689,1,camera
1786621616.399926,3,camera
1786621616.400450,3,scan
1786621616.513778,3,camera
1786621616.518979,1,camera
1786621616.519483,1,scan
1786621616.525900,3,scan
1786621616.536931,2,camera
1786621616.620924,3,camera
1786621616.621154,3,scan
1786621616.632181,1,camera
1786621616.632372,1,scan
1786621616.718057,3,camera
1786621616.718292,3,scan
1786621616.744506,1,camera
1786621616.745203,1,scan
1786621616.778915,2,camera
1786621616.779127,2,scan
1786621616.804802,2,scan
1786621616.815776,1,camera
1786621616.822420,3,camera
1786621616.822752,3,scan
1786621616.824755,1,scan
1786621616.826356,1,scan
1786621616.910171,3,camera
1786621616.910810,1,camera
1786621616.910998,3,scan
1786621617.004032,2,camera
1786621617.004647,2,scan
1786621617.014380,3,camera
1786621617.027503,1,camera
1786621617.031195,3,scan
1786621617.039907,1,scan
1786621617.041114,1,scan
1786621617.106744,3,camera
1786621617.106937,3,scan
1786621617.118604,1,camera
1786621617.119290,1,scan
1786621617.144955,2,camera
1786621617.152506,2,scan
1786621617.177924,3,camera
1786621617.178004,3,scan
1786621617.198599,1,camera
1786621617.234501,1,scan
1786621617.258683,3,camera
1786621617.260473,3,scan
1786621617.280850,2,camera
1786621617.302474,2,scan
1786621617.305475,1,camera
1786621617.307819,1,scan
1786621617.329813,3,camera
1786621617.330341,3,scan
1786621617.400929,3,camera
1786621617.410473,2,camera
1786621617.411036,2,scan
1786621617.424070,1,camera
1786621617.493979,3,camera
1786621617.494193,3,scan
1786621617.494747,3,scan
1786621617.504102,1,camera
1786621617.514818,1,scan
1786621617.528678,2,camera
1786621617.542587,2,scan
1786621617.555818,3,camera
1786621617.556446,3,scan
1786621617.629691,3,camera
1786621617.630648,3,scan
1786621617.651006,1,camera
1786621617.651594,1,scan
1786621617.656789,1,scan
1786621617.697793,3,camera
1786621617.712395,3,scan
1786621617.767297,3,camera
1786621617.767932,3,scan
1786621617.784589,1,camera
1786621617.785201,1,scan
1786621617.829726,3,camera
1786621617.831751,3,scan
1786621617.868902,2,camera
1786621617.869440,2,camera
1786621617.869579,2,scan
1786621617.871940,2,scan
1786621617.900671,3,camera
1786621617.901019,3,scan
1786621617.919745,1,camera
1786621617.919846,1,scan
1786621617.969846,3,camera
1786621617.975280,3,scan
1786621618.035616,1,camera
1786621618.039861,3,camera
1786621618.040548,3,scan
1786621618.067270,1,scan
1786621618.122314,3,camera
1786621618.122739,3,scan
1786621618.141688,2,camera
1786621618.169010,1,camera
1786621618.169142,1,scan
1786621618.223106,3,camera
1786621618.223328,3,scan
1786621618.267993,1,camera
1786621618.305145,3,camera
1786621618.305786,3,scan
1786621618.373818,1,camera
1786621618.374042,1,scan
1786621618.381251,3,camera
1786621618.383210,3,scan
1786621618.406194,2,camera
1786621618.406496,2,scan
1786621618.407189,2,scan
1786621618.452890,3,camera
1786621618.468802,3,scan
1786621618.472387,1,camera
1786621618.472506,1,scan
1786621618.482013,1,scan
1786621618.554914,1,camera
1786621618.557194,3,camera
1786621618.557681,3,scan
1786621618.629535,3,camera
1786621618.630225,3,scan
1786621618.643049,2,camera
1786621618.643659,2,scan
1786621618.654678,1,camera
1786621618.654861,1,scan
1786621618.699797,3,camera
1786621618.700400,3,scan
1786621618.727929,1,camera
1786621618.728523,1,scan
1786621618.757688,1,scan
1786621618.781198,3,camera
1786621618.781791,3,scan
1786621618.811018,2,camera
1786621618.818787,2,scan
1786621618.826877,1,camera
1786621618.857771,3,camera
1786621618.858378,3,scan
1786621618.894661,1,camera
1786621618.895328,1,scan
1786621618.933829,3,camera
1786621618.934415,3,scan
1786621618.955182,2,camera
1786621618.971786,1,camera
1786621618.996483,1,scan
1786621619.006263,3,camera
1786621619.006609,3,scan
1786621619.042480,1,camera
1786621619.068973,1,scan
1786621619.076379,2,camera
1786621619.076623,2,scan
1786621619.077356,2,scan
1786621619.086143,3,camera
1786621619.086766,3,scan
1786621619.119328,1,camera
1786621619.119407,1,scan
1786621619.119579,1,scan
1786621619.158269,3,camera
1786621619.179435,2,camera
1786621619.179646,2,scan
1786621619.179800,2,scan
1786621619.184895,3,scan
1786621619.197214,1,camera
1786621619.197883,1,scan
1786621619.260212,1,camera
1786621619.262958,1,scan
1786621619.276404,3,camera
1786621619.284457,3,scan
1786621619.289087,2,camera
1786621619.331949,1,camera
1786621619.364740,3,camera
1786621619.379675,3,scan
1786621619.397407,2,camera
1786621619.397611,2,scan
1786621619.398146,2,scan
1786621619.398603,2,scan
1786621619.402051,1,camera
1786621619.402451,1,scan
1786621619.461131,1,camera
1786621619.466597,3,camera
1786621619.476013,1,scan
1786621619.478812,3,scan
1786621619.501888,2,camera
1786621619.510360,2,scan
1786621619.536920,1,camera
1786621619.538212,1,scan
1786621619.593733,3,camera
1786621619.594155,3,scan
1786621619.595216,2,camera
1786621619.600329,2,scan
1786621619.612082,1,camera
1786621619.612430,1,scan
1786621619.613394,1,scan
1786621619.677916,3,camera
1786621619.684762,1,camera
1786621619.685719,2,camera
1786621619.686044,3,scan
1786621619.744460,1,camera
1786621619.744878,1,scan
1786621619.770127,3,camera
1786621619.801836,3,scan
1786621619.804993,2,camera
1786621619.805144,2,scan
1786621619.805530,2,scan
1786621619.825260,1,camera
1786621619.825827,1,scan
1786621619.899020,2,camera
1786621619.899637,2,scan
1786621619.920261,1,camera
1786621619.920472,1,scan
1786621619.922872,3,camera
1786621619.923404,3,scan
1786621619.989326,2,camera
1786621619.998660,2,scan
1786621620.013044,1,camera
1786621620.014004,1,scan
1786621620.044412,3,camera
1786621620.045107,3,scan
1786621620.082126,1,scan
1786621620.100265,2,camera
1786621620.100493,2,scan
1786621620.122793,3,camera
1786621620.127035,3,scan
1786621620.145380,1,camera
1786621620.192916,2,camera
1786621620.194302,2,scan
1786621620.204188,1,camera
1786621620.207827,3,camera
1786621620.214597,1,scan
1786621620.224794,3,scan
1786621620.288007,2,camera
1786621620.288607,2,scan
1786621620.296969,3,camera
1786621620.305718,3,scan
1786621620.319247,1,camera
1786621620.319812,1,scan
1786621620.382396,2,camera
1786621620.385855,2,scan
1786621620.395107,1,scan
1786621620.400365,3,camera
1786621620.401667,3,scan
1786621620.442902,1,camera
1786621620.471565,2,camera
1786621620.483982,2,scan
1786621620.515528,1,camera
1786621620.515834,1,scan
1786621620.523191,3,camera
1786621620.523739,3,scan
1786621620.556140,2,camera
1786621620.618190,1,camera
1786621620.618415,1,scan
1786621620.668277,2,camera
1786621620.668893,2,scan
1786621620.678052,1,scan
1786621620.703173,2,scan
1786621620.716824,1,camera
1786621620.807446,2,camera
1786621620.810170,2,scan
1786621620.819356,1,camera
1786621620.819906,1,scan
1786621620.907115,1,camera
1786621620.920082,2,camera
1786621620.920641,1,scan
1786621620.921917,2,scan
1786621621.016080,2,camera
1786621621.016303,2,scan
1786621621.022184,1,camera
1786621621.022475,1,scan
1786621621.078827,1,scan
1786621621.085013,3,camera
1786621621.085403,3,scan
1786621621.086410,3,camera
1786621621.086730,3,scan
1786621621.087611,3,camera
1786621621.087903,3,scan
1786621621.088779,3,camera
1786621621.089048,3,scan
1786621621.106190,2,camera
1786621621.107106,2,scan
1786621621.134519,1,camera
1786621621.183163,2,camera
1786621621.211433,1,camera
1786621621.212572,2,scan
1786621621.218321,3,camera
1786621621.218503,3,scan
1786621621.225214,1,scan
1786621621.276770,2,camera
1786621621.279215,2,scan
1786621621.301343,1,camera
1786621621.302018,1,scan
1786621621.359211,2,camera
1786621621.368666,2,scan
1786621621.369605,3,camera
1786621621.378900,3,scan
1786621621.417208,1,camera
1786621621.417425,1,scan
1786621621.435984,2,camera
1786621621.447962,2,scan
1786621621.522810,1,camera
1786621621.523461,1,scan
1786621621.525350,3,camera
1786621621.525846,3,scan
1786621621.539419,2,camera
1786621621.604963,2,camera
1786621621.609074,1,camera
1786621621.609190,1,scan
1786621621.612212,2,scan
1786621621.671268,3,camera
1786621621.671486,3,scan
1786621621.680493,2,camera
1786621621.681065,2,scan
1786621621.686380,2,scan
1786621621.706946,1,camera
1786621621.707107,1,scan
1786621621.765675,2,camera
1786621621.767126,2,scan
1786621621.808057,1,camera
1786621621.808177,1,scan
1786621621.830508,3,camera
1786621621.831230,3,scan
1786621621.835381,2,camera
1786621621.849161,2,scan
1786621621.903626,2,camera
1786621621.917319,1,camera
1786621621.917886,1,scan
1786621621.918357,2,scan
1786621621.972278,2,camera
1786621621.976238,2,scan
1786621622.005286,3,camera
1786621622.005794,3,scan
1786621622.010009,1,camera
1786621622.010142,1,scan
1786621622.043077,2,camera
1786621622.044021,2,scan
1786621622.077412,1,scan
1786621622.122544,1,camera
1786621622.125016,2,camera
1786621622.125325,2,scan
1786621622.145397,3,camera
1786621622.145770,3,scan
1786621622.185782,2,camera
1786621622.185899,2,scan
1786621622.215451,1,camera
1786621622.215671,1,scan
1786621622.259727,2,camera
1786621622.285750,3,camera
1786621622.285944,3,scan
1786621622.319913,1,camera
1786621622.320129,1,scan
1786621622.323285,2,camera
1786621622.323447,2,scan
1786621622.402442,3,camera
1786621622.403883,3,scan
1786621622.410285,2,camera
1786621622.410742,2,scan
1786621622.411192,2,scan
1786621622.453558,1,camera
1786621622.453779,1,scan
1786621622.461295,2,camera
1786621622.475084,2,scan
1786621622.487073,1,scan
1786621622.512876,3,camera
1786621622.526058,3,scan
1786621622.538254,2,camera
1786621622.543443,1,camera
1786621622.570512,2,scan
1786621622.633298,3,camera
1786621622.635741,3,scan
1786621622.643242,2,camera
1786621622.651286,1,camera
1786621622.651991,1,scan
1786621622.698816,2,scan
1786621622.744808,3,camera
1786621622.745480,3,scan
1786621622.748289,2,camera
1786621622.756924,1,camera
1786621622.757295,1,scan
1786621622.764257,2,scan
1786621622.840275,1,camera
1786621622.840766,1,scan
1786621622.844004,3,camera
1786621622.844676,3,scan
1786621622.856639,2,camera
1786621622.868284,2,scan
1786621622.935555,1,camera
1786621622.942399,2,camera
1786621622.943072,3,camera
1786621622.943561,3,scan
1786621622.961657,1,scan
1786621622.967102,2,scan
1786621623.024881,3,camera
1786621623.027842,3,scan
1786621623.049481,1,camera
1786621623.049946,1,scan
1786621623.059202,2,camera
1786621623.068724,2,scan
1786621623.079866,1,scan
1786621623.104717,3,camera
1786621623.104944,3,scan
1786621623.169272,1,camera
1786621623.170182,2,camera
1786621623.170356,2,scan
1786621623.195791,3,camera
1786621623.196441,3,scan
1786621623.239647,2,camera
1786621623.264719,3,camera
1786621623.265126,2,scan
1786621623.273548,1,camera
1786621623.273836,1,scan
1786621623.294939,3,scan
1786621623.338593,2,camera
1786621623.342142,3,camera
1786621623.361745,2,scan
1786621623.362463,3,scan
1786621623.397496,1,camera
1786621623.397657,1,scan
1786621623.435210,3,camera
1786621623.436400,3,scan
1786621623.442048,2,camera
1786621623.463919,2,scan
1786621623.492208,3,camera
1786621623.503111,3,scan
1786621623.511780,1,camera
1786621623.512404,1,scan
1786621623.533918,2,camera
1786621623.561726,2,scan
1786621623.578857,3,camera
1786621623.579424,3,scan
1786621623.628781,1,camera
1786621623.629386,1,scan
1786621623.635208,1,scan
1786621623.643145,2,camera
1786621623.646375,3,camera
1786621623.650230,3,scan
1786621623.671142,2,scan
1786621623.721159,2,camera
1786621623.723921,3,camera
1786621623.724443,3,scan
1786621623.763202,2,scan
1786621623.784943,1,camera
1786621623.795904,3,camera
1786621623.796506,3,scan
1786621623.840940,2,camera
1786621623.866728,3,camera
1786621623.867227,3,scan
1786621623.926559,3,camera
1786621623.927183,3,scan
1786621623.933405,2,camera
1786621623.933596,2,scan
1786621623.960589,2,scan
1786621623.991296,3,camera
1786621623.991878,3,scan
1786621624.059988,3,camera
1786621624.060724,3,scan
1786621624.098496,1,camera
1786621624.100748,1,scan
1786621624.120098,2,camera
1786621624.124122,3,camera
1786621624.124502,3,scan
1786621624.137301,2,scan
1786621624.192614,3,camera
1786621624.192727,3,scan
1786621624.249507,3,camera
1786621624.249579,3,scan
1786621624.269736,2,camera
1786621624.294822,2,scan
1786621624.312526,3,camera
1786621624.313123,3,scan
1786621624.369356,1,camera
1786621624.389398,3,camera
1786621624.390621,3,scan
1786621624.400782,1,scan
1786621624.428474,2,camera
1786621624.442493,3,camera
1786621624.442776,3,scan
1786621624.497295,3,camera
1786621624.497923,3,scan
1786621624.534560,2,camera
1786621624.535169,2,scan
1786621624.535621,2,scan
1786621624.567905,3,camera
1786621624.573913,3,scan
1786621624.623130,1,camera
1786621624.623763,1,scan
1786621624.644104,2,camera
1786621624.659618,1,scan
1786621624.701374,3,camera
1786621624.702115,3,scan
1786621624.750993,2,camera
1786621624.751204,2,scan
1786621624.751737,2,scan
1786621624.820208,1,camera
1786621624.822938,1,scan
1786621624.835065,3,camera
1786621624.836410,3,scan
1786621624.855535,2,camera
1786621624.860575,2,scan
1786621624.937471,3,camera
1786621624.938309,3,scan
1786621624.942539,1,camera
1786621624.958979,2,camera
1786621624.974956,2,scan
1786621625.033803,3,camera
1786621625.034678,3,scan
1786621625.075135,2,camera
1786621625.075900,2,scan
1786621625.092115,1,camera
1786621625.092515,1,scan
1786621625.156536,3,camera
1786621625.156944,3,scan
1786621625.163773,2,camera
1786621625.176497,2,scan
1786621625.224157,1,camera
1786621625.224266,1,scan
1786621625.270329,2,camera
1786621625.276364,3,camera
1786621625.276970,3,scan
1786621625.278795,2,scan
1786621625.329135,1,camera
1786621625.338692,1,scan
1786621625.373244,2,camera
1786621625.373881,2,scan
1786621625.389113,3,camera
1786621625.389677,3,scan
1786621625.437938,1,camera
1786621625.439108,1,scan
1786621625.485983,2,camera
1786621625.504877,3,camera
1786621625.505325,3,scan
1786621625.558531,1,camera
1786621625.609683,3,camera
1786621625.610211,3,scan
1786621625.612298,2,camera
1786621625.612799,2,scan
1786621625.621334,2,scan
1786621625.666371,1,scan
1786621625.668346,1,scan
1786621625.668844,1,camera
1786621625.668979,1,scan
1786621625.669428,1,scan
1786621625.741916,1,camera
1786621625.755060,3,camera
1786621625.755447,3,scan
1786621625.757406,2,camera
1786621625.757749,2,scan
1786621625.847734,1,camera
1786621625.865644,2,camera
1786621625.872780,2,scan
1786621625.925541,1,scan
1786621625.926126,1,camera
1786621625.926268,1,scan
1786621625.941375,1,scan
1786621625.954637,3,camera
1786621625.955218,3,scan
1786621625.997687,2,camera
1786621625.998391,2,scan
1786621626.026620,1,camera
1786621626.092444,2,camera
1786621626.113872,3,camera
1786621626.117595,1,camera
1786621626.117975,1,scan
1786621626.118427,2,scan
1786621626.146327,3,scan
1786621626.206462,1,camera
1786621626.244840,2,camera
1786621626.245067,2,scan
1786621626.317649,3,camera
1786621626.318263,3,scan
1786621626.323087,1,scan
1786621626.323632,1,camera
1786621626.323786,1,scan
1786621626.367244,2,camera
1786621626.367778,2,scan
1786621626.392009,1,camera
1786621626.392592,1,scan
1786621626.393020,1,scan
1786621626.441763,3,camera
1786621626.442382,3,scan
1786621626.491959,2,camera
1786621626.510070,1,camera
1786621626.514174,1,scan
1786621626.514529,2,scan
1786621626.546076,3,camera
1786621626.547155,3,scan
1786621626.603756,1,camera
1786621626.619444,2,camera
1786621626.626907,2,scan
1786621626.642068,3,camera
1786621626.658904,3,scan
1786621626.674881,1,camera
1786621626.675446,1,scan
1786621626.742088,3,camera
1786621626.746227,3,scan
1786621626.756550,2,camera
1786621626.787319,1,camera
1786621626.787912,1,scan
1786621626.788373,1,scan
1786621626.844738,3,camera
1786621626.844967,3,scan
1786621626.874375,1,camera
1786621626.912074,2,camera
1786621626.912271,2,scan
1786621626.912802,2,scan
1786621626.932603,1,camera
1786621626.952877,1,scan
1786621626.973061,3,camera
1786621626.973280,3,scan
1786621627.006235,1,camera
1786621627.017318,1,scan
1786621627.061568,2,camera
1786621627.062839,2,scan
1786621627.087904,1,camera
1786621627.088778,1,scan
1786621627.092084,3,camera
1786621627.098040,3,scan
1786621627.170396,1,camera
1786621627.170480,1,scan
1786621627.197481,2,camera
1786621627.211108,2,scan
1786621627.230258,1,camera
1786621627.231604,3,camera
1786621627.231850,3,scan
1786621627.241455,1,scan
1786621627.241702,1,scan
1786621627.301427,1,camera
1786621627.312284,1,scan
1786621627.345030,2,camera
1786621627.345205,2,scan
1786621627.379715,1,camera
1786621627.401137,3,camera
1786621627.401447,3,scan
1786621627.426871,2,camera
1786621627.436250,1,camera
1786621627.436328,1,scan
1786621627.445951,2,scan
1786621627.513173,1,camera
1786621627.513792,1,scan
1786621627.521994,2,camera
1786621627.522535,2,scan
1786621627.527178,3,camera
1786621627.530302,3,scan
1786621627.586903,1,camera
1786621627.587110,1,scan
1786621627.612784,2,camera
1786621627.697752,3,camera
1786621627.698398,3,scan
1786621627.737477,1,camera
1786621627.737716,1,scan
1786621627.851185,3,camera
1786621627.851880,3,scan
1786621627.868259,2,camera
1786621627.868535,2,scan
1786621627.869420,2,scan
1786621627.870055,2,scan
1786621627.885728,1,camera
1786621627.911845,1,scan
1786621628.029224,3,camera
1786621628.036780,3,scan
1786621628.044029,1,camera
1786621628.044855,1,scan
1786621628.047712,2,camera
1786621628.173783,1,camera
1786621628.174128,1,scan
1786621628.188728,1,scan
1786621628.218891,2,camera
1786621628.230498,2,scan
1786621628.230947,2,scan
1786621628.231556,3,camera
1786621628.231865,3,scan
1786621628.309079,1,camera
1786621628.396137,3,camera
1786621628.404822,2,camera
1786621628.411017,2,scan
1786621628.423274,3,scan
1786621628.436210,1,camera
1786621628.436780,1,scan
1786621628.472658,1,scan
1786621628.536034,2,camera
1786621628.555371,2,scan
1786621628.556885,1,camera
1786621628.559626,3,camera
1786621628.568794,3,scan
1786621628.669509,1,camera
1786621628.670148,1,scan
1786621628.676371,2,camera
1786621628.686321,2,scan
1786621628.703455,3,camera
1786621628.704077,3,scan
1786621628.782316,1,camera
1786621628.791581,1,scan
1786621628.799833,3,camera
1786621628.800236,3,scan
1786621628.808624,2,camera
1786621628.895072,1,camera
1786621628.896596,3,camera
1786621628.898287,2,camera
1786621628.898468,2,scan
1786621628.898953,2,scan
1786621628.899388,2,scan
1786621628.902723,3,scan
1786621628.906361,1,scan
1786621628.908926,1,scan
1786621628.992914,2,camera
1786621628.999318,1,camera
1786621629.003434,3,camera
1786621629.031475,1,scan
1786621629.053810,2,scan
1786621629.090751,3,camera
1786621629.090996,3,scan
1786621629.091630,3,scan
1786621629.105879,1,camera
1786621629.139090,2,camera
1786621629.171380,3,camera
1786621629.171673,3,scan
1786621629.200578,2,scan
1786621629.208756,1,camera
1786621629.209066,1,scan
1786621629.250566,3,camera
1786621629.250837,3,scan
1786621629.286316,1,camera
1786621629.286927,1,scan
1786621629.329247,3,camera
1786621629.359423,2,camera
1786621629.377104,2,scan
1786621629.377708,1,camera
1786621629.377869,1,scan
1786621629.441597,3,scan
1786621629.442646,3,camera
1786621629.442828,3,scan
1786621629.443310,3,scan
1786621629.452593,1,camera
1786621629.477338,1,scan
1786621629.477990,1,scan
1786621629.511003,3,camera
1786621629.515605,2,camera
1786621629.532414,3,scan
1786621629.551518,1,camera
1786621629.605828,3,camera
1786621629.606447,3,scan
1786621629.634794,1,camera
1786621629.635399,1,scan
1786621629.690967,3,camera
1786621629.691590,3,scan
1786621629.729163,1,camera
1786621629.729388,1,scan
1786621629.730287,2,camera
1786621629.730426,2,scan
1786621629.730927,2,scan
1786621629.760847,3,camera
1786621629.772174,3,scan
1786621629.815441,1,camera
1786621629.815654,1,scan
1786621629.844093,3,camera
1786621629.844960,3,scan
1786621629.858554,2,camera
1786621629.861214,2,scan
1786621629.921237,1,camera
1786621629.921471,1,scan
1786621629.922471,3,camera
1786621629.930344,3,scan
1786621629.982726,2,camera
1786621630.010876,1,camera
1786621630.019323,1,scan
1786621630.022882,3,camera
1786621630.024088,3,scan
1786621630.090919,3,camera
1786621630.094028,3,scan
1786621630.098958,1,camera
1786621630.099118,1,scan
1786621630.119562,2,camera
1786621630.171160,3,camera
1786621630.182249,3,scan
1786621630.220152,1,camera
1786621630.220284,1,scan
1786621630.250788,2,scan
1786621630.251099,2,camera
1786621630.251172,2,scan
1786621630.251395,2,scan
1786621630.251645,2,scan
1786621630.251723,3,camera
1786621630.267977,3,scan
1786621630.308735,1,camera
1786621630.308959,1,scan
1786621630.325169,3,camera
1786621630.325558,3,scan
1786621630.363769,2,camera
1786621630.364394,2,scan
1786621630.396932,3,camera
1786621630.415024,3,scan
1786621630.427562,1,camera
1786621630.428091,1,scan
1786621630.434051,1,scan
1786621630.471407,2,camera
1786621630.472390,2,scan
1786621630.486873,3,camera
1786621630.487410,3,scan
1786621630.554446,1,camera
1786621630.567904,3,camera
1786621630.568484,3,scan
1786621630.591539,2,camera
1786621630.633089,3,camera
1786621630.633739,3,scan
1786621630.708192,3,camera
1786621630.709298,2,camera
1786621630.709461,2,scan
1786621630.709937,2,scan
1786621630.710370,3,scan
1786621630.715370,1,camera
1786621630.715846,1,scan
1786621630.779246,3,camera
1786621630.779824,3,scan
1786621630.794114,2,camera
1786621630.843562,1,camera
1786621630.844214,1,scan
1786621630.863076,3,camera
1786621630.868464,3,scan
1786621630.901433,2,camera
1786621630.958416,3,camera
1786621630.971475,3,scan
1786621631.011515,2,scan
1786621631.013597,2,camera
1786621631.013965,2,scan
1786621631.015146,2,scan
1786621631.016352,2,scan
1786621631.018120,1,camera
1786621631.018486,1,scan
1786621631.047823,3,camera
1786621631.048832,3,scan
1786621631.118894,2,camera
1786621631.122181,2,scan
1786621631.127796,3,camera
1786621631.127977,3,scan
1786621631.151730,1,camera
1786621631.151811,1,scan
1786621631.165468,1,scan
1786621631.197484,2,camera
1786621631.222631,2,scan
1786621631.223285,3,camera
1786621631.223440,3,scan
1786621631.290872,1,camera
1786621631.302651,2,camera
1786621631.303671,3,camera
1786621631.309263,3,scan
1786621631.374496,3,camera
1786621631.390108,3,scan
1786621631.406997,1,camera
1786621631.407675,1,scan
1786621631.411550,2,camera
1786621631.411834,2,scan
1786621631.412566,2,scan
1786621631.471959,3,camera
1786621631.490263,2,camera
1786621631.490612,2,scan
1786621631.491633,3,scan
1786621631.527973,1,camera
1786621631.528314,1,scan
1786621631.568828,3,camera
1786621631.592048,3,scan
1786621631.593795,2,camera
1786621631.665014,1,camera
1786621631.665199,1,scan
1786621631.666483,3,camera
1786621631.677388,2,camera
1786621631.677596,2,scan
1786621631.681108,2,scan
1786621631.695784,3,scan
1786621631.766427,2,camera
1786621631.778301,1,camera
1786621631.778852,1,scan
1786621631.781097,3,camera
1786621631.789244,1,scan
1786621631.789837,2,scan
1786621631.797177,3,scan
1786621631.854938,2,camera
1786621631.883954,3,camera
1786621631.890981,3,scan
1786621631.905297,1,camera
1786621631.936621,2,camera
1786621631.936840,2,scan
1786621631.939334,2,scan
1786621631.968941,3,camera
1786621631.972759,3,scan
1786621632.003983,2,camera
1786621632.009026,2,scan
1786621632.060236,1,camera
1786621632.060531,1,scan
1786621632.073786,3,camera
1786621632.077656,3,scan
1786621632.100608,2,camera
1786621632.101103,2,scan
1786621632.188266,3,camera
1786621632.188725,3,scan
1786621632.239852,1,camera
1786621632.240291,1,scan
1786621632.327876,3,camera
1786621632.328527,3,scan
1786621632.406383,1,camera
1786621632.407080,2,camera
1786621632.407245,2,scan
1786621632.407735,2,camera
1786621632.407876,2,scan
1786621632.408321,3,camera
1786621632.425880,1,scan
1786621632.431551,3,scan
1786621632.450725,2,camera
1786621632.451397,2,scan
1786621632.544089,3,camera
1786621632.544311,3,scan
1786621632.568932,2,camera
1786621632.585817,1,camera
1786621632.586021,1,scan
1786621632.667046,3,camera
1786621632.667622,3,scan
1786621632.692710,2,camera
1786621632.693342,2,scan
1786621632.693812,2,scan
1786621632.712381,1,camera
1786621632.804837,3,camera
1786621632.805478,3,scan
1786621632.835212,2,camera
1786621632.870665,2,scan
1786621632.926346,3,camera
1786621632.926551,3,scan
1786621632.967774,1,scan
1786621632.969859,1,camera
1786621632.970009,1,scan
1786621633.029833,3,camera
1786621633.030130,3,scan
1786621633.055930,2,camera
1786621633.113158,1,camera
1786621633.117024,1,scan
1786621633.140614,3,camera
1786621633.148461,3,scan
1786621633.205948,2,scan
1786621633.206165,2,camera
1786621633.206209,2,scan
1786621633.221326,3,camera
1786621633.221656,3,scan
1786621633.288436,1,camera
1786621633.326658,3,camera
1786621633.327408,2,camera
1786621633.327581,3,scan
1786621633.328063,2,scan
1786621633.401879,3,camera
1786621633.402345,3,scan
1786621633.422960,2,camera
1786621633.430004,2,scan
1786621633.435877,1,scan
1786621633.436362,1,camera
1786621633.436498,1,scan
1786621633.490616,3,camera
1786621633.491215,3,scan
1786621633.531635,2,camera
1786621633.532261,2,scan
1786621633.562334,3,camera
1786621633.571749,3,scan
1786621633.592340,1,camera
1786621633.592978,1,scan
1786621633.639752,2,camera
1786621633.640223,2,scan
1786621633.645497,3,camera
1786621633.645744,3,scan
1786621633.709594,1,camera
1786621633.710626,2,camera
1786621633.717629,3,camera
1786621633.718162,3,scan
1786621633.787508,3,camera
1786621633.788123,3,scan
1786621633.823776,1,scan
1786621633.824363,1,camera
1786621633.824503,1,scan
1786621633.824961,1,scan
1786621633.828059,2,camera
1786621633.828201,2,scan
1786621633.828637,2,scan
1786621633.829075,2,scan
1786621633.863144,3,camera
1786621633.873417,3,scan
1786621633.938185,1,camera
1786621633.938647,1,scan
1786621633.969636,3,camera
1786621633.973471,2,camera
1786621633.974358,2,scan
1786621633.996667,3,scan
1786621634.025795,1,camera
1786621634.081800,2,camera
1786621634.085438,2,scan
1786621634.100719,3,camera
1786621634.101150,3,scan
1786621634.109363,1,camera
1786621634.109536,1,scan
1786621634.110502,1,scan
1786621634.163163,3,camera
1786621634.173442,3,scan
1786621634.178302,1,camera
1786621634.206240,1,scan
1786621634.242333,2,camera
1786621634.265402,3,camera
1786621634.300360,3,scan
1786621634.301022,1,camera
1786621634.301168,1,scan
1786621634.382985,3,camera
1786621634.383666,3,scan
1786621634.431058,1,camera
1786621634.434659,2,scan
1786621634.435221,2,camera
1786621634.435372,2,scan
1786621634.435900,2,scan
1786621634.507352,3,camera
1786621634.526430,1,scan
1786621634.527014,1,camera
1786621634.527158,1,scan
1786621634.527593,1,scan
1786621634.530043,3,scan
1786621634.579466,2,camera
1786621634.580069,2,scan
1786621634.614487,3,camera
1786621634.615122,3,scan
1786621634.625343,1,camera
1786621634.708445,2,camera
1786621634.722910,2,scan
1786621634.730494,3,camera
1786621634.731052,3,scan
1786621634.732329,1,camera
1786621634.815711,3,camera
1786621634.816312,3,scan
1786621634.836311,1,scan
1786621634.836889,1,camera
1786621634.837027,1,scan
1786621634.847525,2,camera
1786621634.864347,1,scan
1786621634.885303,3,camera
1786621634.886870,3,scan
1786621634.954622,1,camera
1786621634.970962,2,camera
1786621634.987267,2,scan
1786621634.988194,2,scan
1786621634.995954,3,camera
1786621634.996269,3,scan
1786621635.052806,1,camera
1786621635.053062,1,scan
1786621635.105690,2,camera
1786621635.122200,3,camera
1786621635.122549,3,scan
1786621635.131294,2,scan
1786621635.224567,2,camera
1786621635.236416,3,camera
1786621635.246777,1,camera
1786621635.246984,1,scan
1786621635.257274,3,scan
1786621635.357545,2,camera
1786621635.357627,2,scan
1786621635.357827,2,scan
1786621635.357970,2,scan
1786621635.379474,3,camera
1786621635.379889,3,scan
1786621635.489337,1,camera
1786621635.492659,3,camera
1786621635.492828,3,scan
1786621635.495970,1,scan
1786621635.514084,1,scan
1786621635.579064,3,camera
1786621635.610077,3,scan
1786621635.677674,3,camera
1786621635.678311,3,scan
1786621635.696601,2,camera
1786621635.742961,2,scan
1786621635.745633,3,camera
1786621635.761123,3,scan
1786621635.822287,1,camera
1786621635.915110,3,camera
1786621635.915321,3,scan
1786621635.965964,2,camera
1786621635.966169,2,scan
1786621636.064398,1,camera
1786621636.064604,1,scan
1786621636.071305,1,scan
1786621636.150867,2,camera
1786621636.302867,1,camera
1786621636.323251,1,scan
1786621636.377587,2,camera
1786621636.377789,2,scan
1786621636.506461,1,camera
1786621636.511104,3,camera
1786621636.576968,3,scan
1786621636.690260,1,camera
1786621636.690942,1,scan
1786621636.691109,2,camera
1786621636.691242,2,scan
1786621636.853152,3,camera
1786621636.859541,3,scan
1786621636.926843,1,camera
1786621636.929073,2,camera
1786621636.929569,2,scan
1786621637.116082,3,camera
1786621637.116687,3,scan
1786621637.141029,1,camera
1786621637.141246,1,scan
1786621637.141680,1,scan
1786621637.265384,2,camera
1786621637.265603,2,scan
1786621637.266165,2,scan
1786621637.332297,1,camera
1786621637.334025,1,scan
1786621637.349391,3,camera
1786621637.350136,1,scan
1786621637.370610,3,scan
1786621637.514921,2,camera
1786621637.560885,3,camera
1786621637.561255,3,scan
1786621637.657223,1,camera
1786621637.740812,3,camera
1786621637.741438,3,scan
1786621637.752209,2,camera
1786621637.912782,3,camera
1786621637.934399,3,scan
1786621637.990141,2,scan
1786621637.990746,2,camera
1786621637.990891,2,scan
1786621637.991338,2,scan
1786621637.991779,2,scan
1786621638.133151,1,camera
1786621638.133365,1,scan
1786621638.159796,3,camera
1786621638.160190,3,scan
1786621638.191401,2,camera
1786621638.191684,2,scan
1786621638.337264,2,camera
1786621638.383560,3,camera
1786621638.414369,3,scan
1786621638.500377,2,camera
1786621638.500596,2,scan
1786621638.501166,2,scan
1786621638.543444,2,scan
1786621638.554914,1,camera
1786621638.590806,1,scan
1786621638.680206,3,camera
1786621638.680815,3,scan
1786621638.762813,2,camera
1786621638.800475,2,scan
1786621638.925784,1,camera
1786621638.954879,3,camera
1786621639.063735,2,camera
1786621639.162279,3,scan
1786621639.162489,3,camera
1786621639.162537,3,scan
1786621639.203814,3,scan
1786621639.270783,1,scan
1786621639.272005,1,camera
1786621639.272235,1,scan
1786621639.272870,1,scan
1786621639.339761,2,camera
1786621639.339992,2,scan
1786621639.340528,2,scan
1786621639.419038,3,camera
1786621639.419260,3,scan
1786621639.471200,1,camera
1786621639.471435,1,scan
1786621639.490324,1,scan
1786621639.532131,2,camera
1786621639.532764,2,scan
1786621639.537338,2,scan
1786621639.653648,3,camera
1786621639.681413,3,scan
1786621639.715409,2,camera
1786621639.869113,3,camera
1786621639.904848,1,camera
1786621639.912948,2,camera
1786621639.913140,2,scan
1786621639.913618,2,scan
1786621639.914071,2,scan
1786621640.044332,2,camera
1786621640.045120,2,scan
1786621640.170049,2,camera
1786621640.196581,3,scan
1786621640.197592,3,camera
1786621640.197689,3,scan
1786621640.197977,3,scan
1786621640.286390,1,camera
1786621640.286985,1,scan
1786621640.287432,1,scan
1786621640.404478,2,camera
1786621640.404691,2,scan
1786621640.405241,2,scan
1786621640.447507,2,scan
1786621640.500822,3,camera
1786621640.501039,3,scan
1786621640.533974,2,camera
1786621640.580423,2,scan
1786621640.610685,1,camera
1786621640.610883,1,scan
1786621640.708339,3,camera
1786621640.733426,3,scan
1786621640.797933,2,camera
1786621640.880006,3,camera
1786621640.880626,3,scan
1786621640.953480,1,camera
1786621641.064493,3,camera
1786621641.065412,3,scan
1786621641.083904,2,camera
1786621641.084134,2,scan
1786621641.084759,2,scan
1786621641.238969,3,camera
1786621641.286342,1,scan
1786621641.286961,1,camera
1786621641.287111,1,scan
1786621641.287565,1,scan
1786621641.319035,2,camera
1786621641.319338,2,scan
1786621641.435976,3,camera
1786621641.436195,3,scan
1786621641.436719,3,scan
1786621641.437192,3,scan
1786621641.483123,1,camera
1786621641.484146,1,scan
1786621641.535362,2,camera
1786621641.536240,2,scan
1786621641.569598,2,scan
1786621641.577887,3,camera
1786621641.578396,3,scan
1786621641.736212,2,camera
1786621641.740298,3,camera
1786621641.740930,3,scan
1786621641.752421,1,camera
1786621641.877258,3,camera
1786621641.883878,3,scan
1786621641.966441,1,camera
1786621641.966558,1,scan
1786621641.966879,1,scan
1786621642.002346,2,camera
1786621642.002563,2,scan
1786621642.003345,2,scan
1786621642.004078,2,scan
1786621642.038301,3,camera
1786621642.038575,3,scan
1786621642.162152,2,camera
1786621642.194157,3,camera
1786621642.194730,3,scan
1786621642.200490,2,scan
1786621642.223625,1,camera
1786621642.223791,1,scan
1786621642.353570,3,camera
1786621642.354206,3,scan
1786621642.366531,2,camera
1786621642.496513,1,camera
1786621642.496755,1,scan
1786621642.595345,2,camera
1786621642.595561,2,scan
1786621642.606914,2,scan
1786621642.625057,3,camera
1786621642.625564,3,scan
1786621642.708525,1,camera
1786621642.711030,1,scan
1786621642.752192,3,camera
1786621642.755927,3,scan
1786621642.882328,2,camera
1786621642.882964,2,scan
1786621642.921256,1,camera
1786621643.003912,3,camera
1786621643.024247,3,scan
1786621643.135635,1,scan
1786621643.136114,1,camera
1786621643.136214,1,scan
1786621643.136499,1,scan
1786621643.136865,1,scan
1786621643.187676,2,camera
1786621643.234504,3,camera
1786621643.234583,3,scan
1786621643.234837,3,scan
1786621643.290070,1,camera
1786621643.435761,3,camera
1786621643.436398,3,scan
1786621643.469047,1,camera
1786621643.513522,2,camera
1786621643.513739,2,scan
1786621643.514250,2,scan
1786621643.514716,2,scan
1786621643.617328,3,camera
1786621643.620627,3,scan
1786621643.642516,1,camera
1786621643.642810,1,scan
1786621643.643612,1,scan
1786621643.712910,2,camera
1786621643.713500,2,scan
1786621643.805139,3,camera
1786621643.805470,3,scan
1786621643.809840,1,camera
1786621643.810202,1,scan
1786621643.825273,1,scan
1786621643.897720,2,camera
1786621643.972204,3,camera
1786621643.975654,3,scan
1786621644.009117,1,camera
1786621644.092204,2,camera
1786621644.092423,2,scan
1786621644.093000,2,scan
1786621644.093673,2,scan
1786621644.122447,3,camera
1786621644.181835,1,camera
1786621644.181934,1,scan
1786621644.182196,1,scan
1786621644.240726,2,camera
1786621644.240959,2,scan
1786621644.303068,3,camera
1786621644.303262,3,scan
1786621644.303741,3,scan
1786621644.304153,3,scan
1786621644.326084,1,camera
1786621644.326276,1,scan
1786621644.419345,2,camera
1786621644.425833,3,camera
1786621644.432149,3,scan
1786621644.506453,1,camera
1786621644.551456,3,camera
1786621644.552252,3,scan
1786621644.580666,2,camera
1786621644.580964,2,scan
1786621644.581838,2,scan
1786621644.671913,1,scan
1786621644.673106,1,camera
1786621644.673266,1,scan
1786621644.680751,1,scan
1786621644.689023,3,camera
1786621644.689600,3,scan
1786621644.729557,2,camera
1786621644.751345,2,scan
1786621644.806503,3,camera
1786621644.807095,1,camera
1786621644.807241,1,scan
1786621644.831524,3,scan
1786621644.869491,2,camera
1786621644.933320,1,camera
1786621644.967190,3,camera
1786621645.082503,2,camera
1786621645.082844,2,scan
1786621645.083624,2,scan
1786621645.096248,3,camera
1786621645.096546,3,scan
1786621645.097166,3,scan
1786621645.097765,3,scan
1786621645.107600,1,camera
1786621645.107995,1,scan
1786621645.134041,2,scan
1786621645.225443,3,camera
1786621645.225788,3,scan
1786621645.229611,1,camera
1786621645.229707,1,scan
1786621645.237941,1,scan
1786621645.325044,2,camera
1786621645.325428,2,scan
1786621645.357548,1,camera
1786621645.360883,3,camera
1786621645.361502,3,scan
1786621645.515622,1,camera
1786621645.546710,2,camera
1786621645.548384,3,camera
1786621645.548913,3,scan
1786621645.570719,2,scan
1786621645.709585,1,camera
1786621645.709820,1,scan
1786621645.710354,1,scan
1786621645.735521,3,camera
1786621645.736084,3,scan
1786621645.749168,2,camera
1786621645.852327,1,camera
1786621645.852984,1,scan
1786621645.856500,1,scan
1786621645.873584,3,camera
1786621645.873812,3,scan
1786621645.887067,2,camera
1786621645.887266,2,scan
1786621645.887804,2,scan
1786621645.898164,2,scan
1786621646.056399,3,camera
1786621646.097222,1,camera
1786621646.117229,2,camera
1786621646.153171,2,scan
1786621646.338043,2,camera
1786621646.460805,1,camera
1786621646.461002,1,scan
1786621646.464916,3,camera
1786621646.465076,3,scan
1786621646.465545,3,scan
1786621646.562164,2,camera
1786621646.562375,2,scan
1786621646.562894,2,scan
1786621646.703380,2,camera
1786621646.704061,2,scan
1786621646.739470,1,camera
1786621646.763721,1,scan
1786621646.826804,3,camera
1786621646.835386,3,scan
1786621646.893256,2,camera
1786621647.092189,1,camera
1786621647.092402,1,scan
1786621647.096950,2,camera
1786621647.097308,2,scan
1786621647.098214,2,scan
1786621647.099082,2,scan
1786621647.151567,3,camera
1786621647.152021,3,scan
1786621647.262032,2,camera
1786621647.277990,2,scan
1786621647.411879,1,camera
1786621647.447271,2,camera
1786621647.481128,3,camera
1786621647.673734,2,camera
1786621647.673971,2,scan
1786621647.674518,2,scan
1786621647.675012,2,scan
1786621647.679602,1,scan
1786621647.680175,1,camera
1786621647.680318,1,scan
1786621647.801376,2,camera
1786621647.847309,1,camera
1786621647.847920,1,scan
1786621647.850450,3,camera
1786621647.850604,3,scan
1786621647.851095,3,scan
1786621647.854766,2,scan
1786621648.054681,2,camera
1786621648.079579,1,camera
1786621648.181194,3,camera
1786621648.219803,3,scan
1786621648.252492,2,camera
1786621648.252592,2,scan
1786621648.252877,2,scan
1786621648.253097,2,scan
1786621648.270846,1,camera
1786621648.271029,1,scan
1786621648.271849,1,scan
1786621648.427245,2,camera
1786621648.489449,1,camera
1786621648.489669,1,scan
1786621648.568995,3,camera
1786621648.569633,3,scan
1786621648.588515,2,camera
1786621648.614868,1,camera
1786621648.790996,2,camera
1786621648.791368,2,scan
1786621648.792347,2,scan
1786621648.793062,2,scan
1786621648.793512,2,scan
1786621648.799913,1,scan
1786621648.800436,1,camera
1786621648.800564,1,scan
1786621648.853761,3,camera
1786621648.854066,3,scan
1786621648.920151,2,camera
1786621648.920759,2,scan
1786621648.934515,1,scan
1786621648.935093,1,camera
1786621648.945951,1,scan
1786621649.068099,2,camera
1786621649.091523,3,camera
1786621649.129436,1,camera
1786621649.131112,3,scan
1786621649.257306,2,camera
1786621649.257550,2,scan
1786621649.265377,1,camera
1786621649.271661,1,scan
1786621649.319280,3,camera
1786621649.388954,2,camera
1786621649.409521,2,scan
1786621649.423748,2,scan
1786621649.469278,1,camera
1786621649.469494,1,scan
1786621649.571026,2,camera
1786621649.571656,2,scan
1786621649.581596,1,camera
1786621649.588684,1,scan
1786621649.687650,3,camera
1786621649.688068,3,scan
1786621649.689196,3,scan
1786621649.689805,3,scan
1786621649.697405,2,camera
1786621649.734420,1,camera
1786621649.844777,2,camera
1786621649.844988,2,scan
1786621649.845518,2,scan
1786621649.879554,2,scan
1786621649.923518,1,camera
1786621649.923921,1,scan
1786621649.924918,1,scan
1786621649.925848,1,scan
1786621649.926766,1,scan
1786621649.951740,3,camera
1786621649.952782,3,scan
1786621649.980729,2,camera
1786621650.024887,2,scan
1786621650.095077,1,camera
1786621650.095908,1,scan
1786621650.105965,1,scan
1786621650.112797,2,camera
1786621650.137767,2,scan
1786621650.167985,3,camera
1786621650.168438,3,scan
1786621650.236871,1,camera
1786621650.247492,2,camera
1786621650.248044,2,scan
1786621650.372132,2,camera
1786621650.407635,3,camera
1786621650.409111,1,camera
1786621650.409389,1,scan
1786621650.529867,2,camera
1786621650.531288,1,camera
1786621650.531501,1,scan
1786621650.590799,3,scan
1786621650.591475,3,camera
1786621650.591629,3,scan
1786621650.592111,3,scan
1786621650.649293,1,camera
1786621650.714095,2,scan
1786621650.714411,2,camera
1786621650.714479,2,scan
1786621650.714706,2,scan
1786621650.724916,2,scan
1786621650.753110,3,camera
1786621650.784222,1,scan
1786621650.784839,1,camera
1786621650.785004,1,scan
1786621650.795428,3,scan
1786621650.877978,2,camera
1786621650.887030,1,camera
1786621650.927975,1,scan
1786621650.941971,3,camera
1786621650.954247,3,scan
1786621651.014886,1,camera
1786621651.015077,1,scan
1786621651.077958,2,camera
1786621651.127649,3,camera
1786621651.149006,3,scan
1786621651.162450,1,camera
1786621651.256414,1,scan
1786621651.256636,1,camera
1786621651.256684,1,scan
1786621651.256850,1,scan
1786621651.281219,2,scan
1786621651.281784,2,camera
1786621651.281927,2,scan
1786621651.282357,2,scan
1786621651.282817,2,scan
1786621651.283285,1,scan
1786621651.318796,3,camera
1786621651.319333,3,scan
1786621651.390141,1,camera
1786621651.390225,1,scan
1786621651.449442,2,camera
1786621651.450075,2,scan
1786621651.506184,3,camera
1786621651.509305,3,scan
1786621651.532355,1,camera
1786621651.532551,1,scan
1786621651.623822,2,camera
1786621651.624419,2,scan
1786621651.712568,1,camera
1786621651.712806,1,scan
1786621651.742520,1,scan
1786621651.773145,3,camera
1786621651.780079,3,scan
1786621651.832903,2,camera
1786621651.967536,1,camera
1786621652.057188,3,camera
1786621652.058486,3,scan
1786621652.196909,1,camera
1786621652.197181,1,scan
1786621652.205307,2,camera
1786621652.205508,2,scan
1786621652.206048,2,scan
1786621652.402595,3,camera
1786621652.457130,2,camera
1786621652.457347,2,scan
1786621652.483412,1,camera
1786621652.483612,1,scan
1786621652.505755,1,scan
1786621652.577007,2,scan
1786621652.792612,1,camera
1786621652.842772,1,scan
1786621652.857260,3,camera
1786621652.857412,3,scan
1786621652.857767,3,scan
1786621652.858060,3,scan
1786621652.930991,2,camera
1786621653.126563,1,camera
1786621653.156567,3,camera
1786621653.196507,3,scan
1786621653.312120,2,camera
1786621653.440639,1,camera
1786621653.441596,1,scan
1786621653.447627,3,camera
1786621653.451016,3,scan
1786621653.689776,1,camera
1786621653.698308,3,camera
1786621653.771977,2,scan
1786621653.772630,2,camera
1786621653.772792,2,scan
1786621653.773314,2,scan
1786621653.773780,2,scan
1786621653.918140,3,camera
1786621653.918349,3,scan
1786621653.918870,3,scan
1786621653.987669,1,scan
1786621653.988623,1,camera
1786621653.988859,1,scan
1786621653.989670,1,scan
1786621654.178349,3,camera
1786621654.179036,3,scan
1786621654.232595,2,camera
1786621654.285784,2,scan
1786621654.291067,1,camera
1786621654.310877,1,scan
1786621654.376649,3,camera
1786621654.420285,3,scan
1786621654.504984,1,camera
1786621654.622834,2,camera
1786621654.633373,3,camera
1786621654.634225,3,scan
1786621654.702269,1,camera
1786621654.702463,1,scan
1786621654.897622,1,camera
1786621654.897857,1,scan
1786621655.042519,2,camera
1786621655.042877,2,scan
1786621655.058511,3,camera
1786621655.058837,3,scan
1786621655.059763,3,scan
1786621655.080066,1,camera
1786621655.084119,2,scan
1786621655.282074,1,scan
1786621655.282681,1,camera
1786621655.282846,1,scan
1786621655.353309,3,camera
1786621655.420945,3,scan
1786621655.422539,2,camera
1786621655.459285,1,camera
1786621655.460212,2,scan
1786621655.483103,1,scan
1786621655.655852,1,camera
1786621655.713727,2,camera
1786621655.790853,3,camera
1786621655.791473,3,scan
1786621655.838307,1,camera
1786621655.838528,1,scan
1786621655.839110,1,scan
1786621655.839575,1,scan
1786621656.016034,2,camera
1786621656.016261,2,scan
1786621656.016817,2,scan
1786621656.028848,1,camera
1786621656.029131,1,scan
1786621656.042124,2,scan
1786621656.071980,3,camera
1786621656.072392,3,scan
1786621656.219280,1,camera
1786621656.219452,1,scan
1786621656.219851,1,scan
1786621656.270634,2,camera
1786621656.271308,1,camera
1786621656.271502,1,scan
1786621656.272022,1,camera
1786621656.272167,1,scan
1786621656.272605,1,camera
1786621656.272746,1,scan
1786621656.273159,1,camera
1786621656.273288,1,scan
1786621656.273706,1,camera
1786621656.273835,1,scan
1786621656.274223,1,camera
1786621656.274341,1,scan
1786621656.285538,2,scan
1786621656.323305,3,camera
1786621656.323523,3,scan
1786621656.344054,1,camera
1786621656.359764,1,scan
1786621656.409551,2,camera
1786621656.410092,2,camera
1786621656.410264,2,scan
1786621656.410728,2,camera
1786621656.410873,2,scan
1786621656.411301,2,camera
1786621656.411432,2,scan
1786621656.411858,2,camera
1786621656.411990,2,scan
1786621656.412388,2,camera
1786621656.412509,2,scan
1786621656.412898,2,scan
1786621656.413261,2,scan
1786621656.442278,2,camera
1786621656.443752,2,scan
1786621656.451356,1,camera
1786621656.460279,1,scan
1786621656.543879,2,scan
1786621656.544686,2,camera
1786621656.545618,3,camera
1786621656.552467,1,camera
1786621656.559518,1,scan
1786621656.572740,3,camera
1786621656.572917,3,scan
1786621656.573462,3,camera
1786621656.573607,3,scan
1786621656.574451,3,camera
1786621656.574861,3,scan
1786621656.575893,3,camera
1786621656.576209,3,scan
1786621656.577158,3,camera
1786621656.577472,3,scan
1786621656.578454,3,camera
1786621656.578780,3,scan
1786621656.579714,3,camera
1786621656.580010,3,scan
1786621656.580928,3,scan
1786621656.581846,3,scan
1786621656.597915,3,camera
1786621656.644740,2,scan
1786621656.653109,2,camera
1786621656.658243,3,scan
1786621656.660282,1,scan
1786621656.662463,1,camera
1786621656.711409,3,camera
1786621656.744287,2,scan
1786621656.750608,2,camera
1786621656.757784,3,scan
1786621656.760096,1,scan
1786621656.768409,1,camera
1786621656.807225,3,camera
1786621656.844120,2,scan
1786621656.851853,2,camera
1786621656.858263,3,scan
1786621656.860115,1,scan
1786621656.861339,1,camera
1786621656.909541,3,camera
1786621656.945506,2,scan
1786621656.956738,2,camera
1786621656.957219,3,scan
1786621656.957550,1,camera
1786621656.959334,1,scan
1786621657.008989,3,camera
1786621657.048404,2,scan
1786621657.058579,3,scan
1786621657.060717,2,camera
1786621657.061944,1,scan
1786621657.082834,1,camera
1786621657.113111,3,camera
1786621657.137889,2,camera
1786621657.143333,2,scan
1786621657.150248,1,camera
1786621657.156989,3,scan
1786621657.160449,1,scan
1786621657.209069,3,camera
1786621657.239077,2,camera
1786621657.243121,2,scan
1786621657.246138,1,camera
1786621657.257319,3,scan
1786621657.259888,1,scan
1786621657.302038,3,camera
1786621657.344495,2,scan
1786621657.349986,2,camera
1786621657.358294,3,scan
1786621657.360180,1,scan
1786621657.364275,1,camera
1786621657.403557,3,camera
1786621657.444033,2,scan
1786621657.449948,2,camera
1786621657.457786,3,scan
1786621657.459991,1,camera
1786621657.460079,1,scan
1786621657.511329,3,camera
1786621657.544393,2,scan
1786621657.547702,2,camera
1786621657.557402,3,scan
1786621657.557674,1,camera
1786621657.559496,1,scan
1786621657.610168,3,camera
1786621657.644172,2,scan
1786621657.649667,2,camera
1786621657.657678,3,scan
1786621657.658045,1,camera
1786621657.659488,1,scan
1786621657.707314,3,camera
1786621657.744079,2,scan
1786621657.749553,2,camera
1786621657.757977,3,scan
1786621657.759711,1,scan
1786621657.760163,1,camera
1786621657.806921,3,camera
1786621657.844738,2,scan
1786621657.850963,2,camera
1786621657.857607,3,scan
1786621657.858199,1,camera
1786621657.859398,1,scan
1786621657.908249,3,camera
1786621657.944409,2,scan
1786621657.949450,2,camera
1786621657.957808,3,scan
1786621657.960647,1,scan
1786621657.962976,1,camera
1786621658.010211,3,camera
1786621658.046172,2,scan
1786621658.059499,3,scan
1786621658.061777,1,scan
1786621658.067090,1,camera
1786621658.067656,2,camera
1786621658.109973,3,camera
1786621658.142478,2,camera
1786621658.143466,2,scan
1786621658.149233,1,camera
1786621658.156859,3,scan
1786621658.160428,1,scan
1786621658.194189,3,camera
1786621658.244900,2,scan
1786621658.251893,2,camera
1786621658.257447,3,scan
1786621658.258353,1,camera
1786621658.259589,1,scan
1786621658.305147,3,camera
1786621658.345585,2,scan
1786621658.352988,2,camera
1786621658.357731,3,scan
1786621658.359404,1,camera
1786621658.359980,1,scan
1786621658.401938,3,camera
1786621658.445110,2,scan
1786621658.448373,2,camera
1786621658.457771,3,scan
1786621658.459041,1,camera
1786621658.460397,1,scan
1786621658.508358,3,camera
1786621658.544489,2,scan
1786621658.549568,2,camera
1786621658.557810,3,scan
1786621658.558250,1,camera
1786621658.559688,1,scan
1786621658.607357,3,camera
1786621658.644128,2,scan
1786621658.649940,2,camera
1786621658.657953,3,scan
1786621658.658843,1,camera
1786621658.659657,1,scan
1786621658.709217,3,camera
1786621658.744032,2,scan
1786621658.749991,2,camera
1786621658.758375,3,scan
1786621658.759680,1,camera
1786621658.760115,1,scan
1786621658.807647,3,camera
1786621658.844432,2,scan
1786621658.851410,2,camera
1786621658.857286,3,scan
1786621658.857630,1,camera
1786621658.859541,1,scan
1786621658.908319,3,camera
1786621658.945892,2,scan
1786621658.958223,3,scan
1786621658.959406,1,camera
1786621658.959852,2,camera
1786621658.960845,1,scan
1786621659.010183,3,camera
1786621659.048171,2,scan
1786621659.059227,3,scan
1786621659.062103,1,scan
1786621659.068985,2,camera
1786621659.073905,1,camera
1786621659.114655,3,camera
1786621659.139468,2,camera
1786621659.143910,2,scan
1786621659.147430,1,camera
1786621659.156997,3,scan
1786621659.159591,1,scan
1786621659.197793,3,camera
1786621659.244041,2,camera
1786621659.244196,2,scan
1786621659.256991,1,camera
1786621659.257305,3,scan
1786621659.259472,1,scan
1786621659.307779,3,camera
1786621659.345128,2,scan
1786621659.356363,2,camera
1786621659.357908,3,scan
1786621659.360120,1,camera
1786621659.360567,1,scan
1786621659.406851,3,camera
1786621659.444639,2,scan
1786621659.447741,2,camera
1786621659.457325,3,scan
1786621659.458759,1,camera
1786621659.459525,1,scan
1786621659.505054,3,camera
1786621659.544848,2,scan
1786621659.549495,2,camera
1786621659.557550,3,scan
1786621659.559575,1,camera
1786621659.560153,1,scan
1786621659.606184,3,camera
1786621659.644542,2,scan
1786621659.656058,2,camera
1786621659.657718,3,scan
1786621659.660181,1,scan
1786621659.661082,1,camera
1786621659.705397,3,camera
1786621659.744145,2,scan
1786621659.754015,2,camera
1786621659.757745,3,scan
1786621659.759729,1,scan
1786621659.761253,1,camera
1786621659.807210,3,camera
1786621659.843927,2,scan
1786621659.848970,2,camera
1786621659.858222,3,scan
1786621659.860072,1,scan
1786621659.863616,1,camera
1786621659.906215,3,camera
1786621659.944777,2,scan
1786621659.957534,3,scan
1786621659.958241,2,camera
1786621659.958689,1,camera
1786621659.959429,1,scan
1786621660.009126,3,camera
1786621660.048010,2,scan
1786621660.059440,3,scan
1786621660.061564,1,scan
1786621660.064786,2,camera
1786621660.080436,1,camera
1786621660.108634,3,camera
1786621660.142260,2,camera
1786621660.143401,2,scan
1786621660.151916,1,camera
1786621660.156855,3,scan
1786621660.159370,1,scan
1786621660.202438,3,camera
1786621660.237095,2,camera
1786621660.243098,2,scan
1786621660.244470,1,camera
1786621660.257689,3,scan
1786621660.259754,1,scan
1786621660.311205,3,camera
1786621660.344692,2,scan
1786621660.348230,2,camera
1786621660.357498,3,scan
1786621660.359766,1,scan
1786621660.360074,1,camera
1786621660.408466,3,camera
1786621660.444325,2,scan
1786621660.449441,2,camera
1786621660.457821,3,scan
1786621660.459310,1,camera
1786621660.460087,1,scan
1786621660.504624,3,camera
1786621660.544062,2,scan
1786621660.551213,2,camera
1786621660.556938,3,scan
1786621660.557261,1,camera
1786621660.559165,1,scan
1786621660.610759,3,camera
1786621660.644127,2,scan
1786621660.649561,2,camera
1786621660.657668,3,scan
1786621660.658613,1,camera
1786621660.659944,1,scan
1786621660.704980,3,camera
1786621660.744239,2,scan
1786621660.751830,2,camera
1786621660.757919,3,scan
1786621660.760121,1,scan
1786621660.760866,1,camera
1786621660.807158,3,camera
1786621660.844539,2,scan
1786621660.847294,2,camera
1786621660.857307,3,scan
1786621660.857701,1,camera
1786621660.859473,1,scan
1786621660.910136,3,camera
1786621660.943955,2,scan
1786621660.948379,2,camera
1786621660.958390,3,scan
1786621660.959201,1,camera
1786621660.959866,1,scan
1786621661.008758,3,camera
1786621661.044720,2,scan
1786621661.056158,2,camera
1786621661.058987,3,scan
1786621661.061166,1,scan
1786621661.067227,1,camera
1786621661.112078,3,camera
1786621661.142795,2,camera
1786621661.143843,2,scan
1786621661.152820,1,camera
1786621661.156987,3,scan
1786621661.159656,1,scan
1786621661.200050,3,camera
1786621661.242766,2,camera
1786621661.243514,2,scan
1786621661.247606,1,camera
1786621661.257287,3,scan
1786621661.259884,1,scan
1786621661.309020,3,camera
1786621661.344465,2,scan
1786621661.352512,2,camera
1786621661.357648,3,scan
1786621661.359411,1,camera
1786621661.359821,1,scan
1786621661.407536,3,camera
1786621661.444289,2,scan
1786621661.455960,2,camera
1786621661.457440,3,scan
1786621661.459705,1,camera
1786621661.460329,1,scan
1786621661.508428,3,camera
1786621661.544097,2,scan
1786621661.549414,2,camera
1786621661.557520,3,scan
1786621661.558937,1,camera
1786621661.559738,1,scan
1786621661.606377,3,camera
1786621661.644902,2,scan
1786621661.650320,2,camera
1786621661.657200,3,scan
1786621661.658440,1,camera
1786621661.659313,1,scan
1786621661.707123,3,camera
1786621661.744214,2,scan
1786621661.750345,2,camera
1786621661.757778,3,scan
1786621661.759890,1,scan
1786621661.761875,1,camera
1786621661.810400,3,camera
1786621661.844344,2,scan
1786621661.849670,2,camera
1786621661.855960,1,camera
1786621661.856947,3,scan
1786621661.859456,1,scan
1786621661.908119,3,camera
1786621661.944348,2,scan
1786621661.951286,2,camera
1786621661.957759,3,scan
1786621661.960296,1,scan
1786621661.961182,1,camera
1786621662.008147,3,camera
1786621662.045197,2,scan
1786621662.058949,3,scan
1786621662.059877,2,camera
1786621662.060717,1,scan
1786621662.065897,1,camera
1786621662.108161,3,camera
1786621662.144028,2,scan
1786621662.144437,2,camera
1786621662.155704,1,camera
1786621662.157001,3,scan
1786621662.159426,1,scan
1786621662.195194,3,camera
1786621662.238176,2,camera
1786621662.243014,2,scan
1786621662.247299,1,camera
1786621662.257680,3,scan
1786621662.259857,1,scan
1786621662.310452,3,camera
1786621662.344561,2,scan
1786621662.349226,2,camera
1786621662.357926,3,scan
1786621662.359975,1,scan
1786621662.362814,1,camera
1786621662.404358,3,camera
1786621662.444561,2,scan
1786621662.450791,2,camera
1786621662.457649,3,scan
1786621662.458441,1,camera
1786621662.459713,1,scan
1786621662.507752,3,camera
1786621662.544209,2,scan
1786621662.549588,2,camera
1786621662.557726,3,scan
1786621662.559351,1,camera
1786621662.559827,1,scan
1786621662.608213,3,camera
1786621662.644361,2,scan
1786621662.653013,2,camera
1786621662.657709,3,scan
1786621662.658180,1,camera
1786621662.659632,1,scan
1786621662.706218,3,camera
1786621662.744039,2,scan
1786621662.751869,2,camera
1786621662.755792,1,camera
1786621662.757044,3,scan
1786621662.759267,1,scan
1786621662.811161,3,camera
1786621662.844111,2,scan
1786621662.848019,2,camera
1786621662.857590,3,scan
1786621662.857950,1,camera
1786621662.859672,1,scan
1786621662.908881,3,camera
1786621662.944377,2,scan
1786621662.948645,2,camera
1786621662.958096,3,scan
1786621662.960186,1,scan
1786621662.960506,1,camera
1786621663.017754,3,camera
1786621663.045829,2,scan
1786621663.061554,3,scan
1786621663.062661,1,scan
1786621663.063615,2,camera
1786621663.064925,1,camera
1786621663.106093,3,camera
1786621663.144490,2,scan
1786621663.145816,2,camera
1786621663.154898,1,camera
1786621663.156940,3,scan
1786621663.159367,1,scan
1786621663.196481,3,camera
1786621663.243752,2,scan
1786621663.244406,2,camera
1786621663.249541,1,camera
1786621663.257172,3,scan
1786621663.259785,1,scan
1786621663.309962,3,camera
1786621663.344435,2,scan
1786621663.347197,2,camera
1786621663.358222,3,scan
1786621663.359882,1,camera
1786621663.360846,1,scan
1786621663.407980,3,camera
1786621663.444140,2,scan
1786621663.447067,2,camera
1786621663.457595,3,scan
1786621663.458929,1,camera
1786621663.459666,1,scan
1786621663.509255,3,camera
1786621663.544597,2,scan
1786621663.549886,2,camera
1786621663.557705,3,scan
1786621663.560040,1,scan
1786621663.560493,1,camera
1786621663.606790,3,camera
1786621663.644796,2,scan
1786621663.649478,2,camera
1786621663.657955,3,scan
1786621663.660393,1,scan
1786621663.662772,1,camera
1786621663.708050,3,camera
1786621663.745130,2,scan
1786621663.748679,2,camera
1786621663.758025,3,scan
1786621663.760257,1,scan
1786621663.761340,1,camera
1786621663.803290,3,camera
1786621663.843453,2,scan
1786621663.846218,2,camera
1786621663.851912,1,camera
1786621663.857125,3,scan
1786621663.859520,1,scan
1786621663.908831,3,camera
1786621663.944471,2,scan
1786621663.951741,2,camera
1786621663.957936,3,scan
1786621663.959505,1,camera
1786621663.960244,1,scan
1786621664.008204,3,camera
1786621664.044986,2,scan
1786621664.058627,3,scan
1786621664.061044,1,scan
1786621664.062735,2,camera
1786621664.070758,1,camera
1786621664.107785,3,camera
1786621664.144150,2,scan
1786621664.146178,2,camera
1786621664.155805,1,camera
1786621664.157070,3,scan
1786621664.159505,1,scan
1786621664.197462,3,camera
1786621664.244335,2,scan
1786621664.246884,2,camera
1786621664.252453,1,camera
1786621664.256933,3,scan
1786621664.259411,1,scan
1786621664.308640,3,camera
1786621664.344193,2,scan
1786621664.348964,2,camera
1786621664.357828,3,scan
1786621664.359715,1,camera
1786621664.360366,1,scan
1786621664.409822,3,camera
1786621664.444310,2,scan
1786621664.451730,2,camera
1786621664.457809,3,scan
1786621664.460156,1,scan
1786621664.460945,1,camera
1786621664.507415,3,camera
1786621664.544664,2,scan
1786621664.550932,2,camera
1786621664.557684,3,scan
1786621664.559954,1,scan
1786621664.561747,1,camera
1786621664.609279,3,camera
1786621664.644736,2,scan
1786621664.649340,2,camera
1786621664.657839,3,scan
1786621664.659243,1,camera
1786621664.660033,1,scan
1786621664.707124,3,camera
1786621664.744159,2,scan
1786621664.748980,2,camera
1786621664.757732,3,scan
1786621664.760252,1,scan
1786621664.761507,1,camera
1786621664.808360,3,camera
1786621664.844906,2,scan
1786621664.849841,2,camera
1786621664.857679,3,scan
1786621664.859868,1,scan
1786621664.860252,1,camera
1786621664.906450,3,camera
1786621664.944480,2,scan
1786621664.949521,2,camera
1786621664.955096,1,camera
1786621664.956986,3,scan
1786621664.959573,1,scan
1786621665.011567,3,camera
1786621665.045058,2,scan
1786621665.055987,2,camera
1786621665.058680,3,scan
1786621665.060656,1,scan
1786621665.063822,1,camera
1786621665.108731,3,camera
1786621665.140439,2,camera
1786621665.143869,2,scan
1786621665.149049,1,camera
1786621665.156999,3,scan
1786621665.159467,1,scan
1786621665.204997,3,camera
1786621665.236493,2,camera
1786621665.242960,2,scan
1786621665.243957,1,camera
1786621665.257586,3,scan
1786621665.260244,1,scan
1786621665.307172,3,camera
1786621665.344225,2,scan
1786621665.349406,2,camera
1786621665.357772,3,scan
1786621665.358347,1,camera
1786621665.360017,1,scan
1786621665.409821,3,camera
1786621665.444274,2,scan
1786621665.448030,2,camera
1786621665.458312,3,scan
1786621665.458872,1,camera
1786621665.459760,1,scan
1786621665.508834,3,camera
1786621665.544120,2,scan
1786621665.549899,2,camera
1786621665.557781,3,scan
1786621665.559967,1,camera
1786621665.560310,1,scan
1786621665.606897,3,camera
1786621665.644284,2,scan
1786621665.650823,2,camera
1786621665.658565,3,scan
1786621665.660254,1,scan
1786621665.661751,1,camera
1786621665.708315,3,camera
1786621665.744562,2,scan
1786621665.746808,2,camera
1786621665.757922,3,scan
1786621665.760041,1,scan
1786621665.761282,1,camera
1786621665.807980,3,camera
1786621665.844127,2,scan
1786621665.853217,2,camera
1786621665.857844,3,scan
1786621665.858833,1,camera
1786621665.859535,1,scan
1786621665.909086,3,camera
1786621665.944470,2,scan
1786621665.954369,2,camera
1786621665.957648,3,scan
1786621665.959317,1,camera
1786621665.959914,1,scan
1786621666.009416,3,camera
1786621666.048063,2,scan
1786621666.058971,3,scan
1786621666.061471,1,scan
1786621666.069244,2,camera
1786621666.079651,1,camera
1786621666.099936,3,camera
1786621666.143138,2,camera
1786621666.144930,2,scan
1786621666.157734,3,scan
1786621666.159232,1,scan
1786621666.159690,1,camera
1786621666.197691,3,camera
1786621666.239015,2,camera
1786621666.243148,2,scan
1786621666.245025,1,camera
1786621666.257268,3,scan
1786621666.260411,1,scan
1786621666.310111,3,camera
1786621666.344143,2,scan
1786621666.349748,2,camera
1786621666.357763,3,scan
1786621666.359982,1,scan
1786621666.361735,1,camera
1786621666.404231,3,camera
1786621666.445825,2,scan
1786621666.457363,2,camera
1786621666.457855,3,scan
1786621666.459597,1,camera
1786621666.459888,1,scan
1786621666.505595,3,camera
1786621666.544279,2,scan
1786621666.547577,2,camera
1786621666.558114,3,scan
1786621666.558852,1,camera
1786621666.559846,1,scan
1786621666.610152,3,camera
1786621666.644606,2,scan
1786621666.647925,2,camera
1786621666.657839,3,scan
1786621666.660354,1,scan
1786621666.660835,1,camera
1786621666.707503,3,camera
1786621666.744463,2,scan
1786621666.747876,2,camera
1786621666.757933,3,scan
1786621666.759957,1,camera
1786621666.760343,1,scan
1786621666.812069,3,camera
1786621666.844786,2,scan
1786621666.851744,2,camera
1786621666.858188,3,scan
1786621666.859972,1,scan
1786621666.860392,1,camera
1786621666.909561,3,camera
1786621666.944429,2,scan
1786621666.949349,2,camera
1786621666.957587,3,scan
1786621666.958043,1,camera
1786621666.959570,1,scan
1786621667.009408,3,camera
1786621667.044799,2,scan
1786621667.053807,2,camera
1786621667.058798,3,scan
1786621667.064161,1,scan
1786621667.078301,1,camera
1786621667.109108,3,camera
1786621667.141126,2,camera
1786621667.143737,2,scan
1786621667.154526,1,camera
1786621667.156974,3,scan
1786621667.159290,1,scan
1786621667.196414,3,camera
1786621667.243162,2,scan
1786621667.243798,2,camera
1786621667.248308,1,camera
1786621667.257072,3,scan
1786621667.259588,1,scan
1786621667.309945,3,camera
1786621667.344701,2,scan
1786621667.356071,2,camera
1786621667.358102,3,scan
1786621667.360259,1,scan
1786621667.362016,1,camera
1786621667.411191,3,camera
1786621667.444066,2,scan
1786621667.448905,2,camera
1786621667.457649,3,scan
1786621667.460192,1,scan
1786621667.462607,1,camera
1786621667.508315,3,camera
1786621667.544790,2,scan
1786621667.552831,2,camera
1786621667.558158,3,scan
1786621667.560145,1,scan
1786621667.560794,1,camera
1786621667.608949,3,camera
1786621667.644364,2,scan
1786621667.650401,2,camera
1786621667.657890,3,scan
1786621667.660121,1,scan
1786621667.661762,1,camera
1786621667.709409,3,camera
1786621667.745038,2,scan
1786621667.751421,2,camera
1786621667.758057,3,scan
1786621667.759229,1,camera
1786621667.759851,1,scan
1786621667.806263,3,camera
1786621667.845128,2,scan
1786621667.857923,2,camera
1786621667.858982,3,scan
1786621667.860321,1,scan
1786621667.861483,1,camera
1786621667.910418,3,camera
1786621667.944160,2,scan
1786621667.947602,2,camera
1786621667.958743,3,scan
1786621667.960336,1,scan
1786621667.963222,1,camera
1786621668.008443,3,camera
1786621668.045628,2,scan
1786621668.059100,3,scan
1786621668.060930,1,scan
1786621668.067582,2,camera
1786621668.068332,1,camera
1786621668.116007,3,camera
1786621668.139847,2,camera
1786621668.143320,2,scan
1786621668.148942,1,camera
1786621668.156900,3,scan
1786621668.159313,1,scan
1786621668.196820,3,camera
1786621668.237513,2,camera
1786621668.242950,2,scan
1786621668.243530,1,camera
1786621668.257109,3,scan
1786621668.259785,1,scan
1786621668.314327,3,camera
1786621668.344151,2,scan
1786621668.348812,2,camera
1786621668.358124,3,scan
1786621668.359634,1,scan
1786621668.360595,1,camera
1786621668.411192,3,camera
1786621668.444218,2,scan
1786621668.450024,2,camera
1786621668.457689,3,scan
1786621668.458943,1,camera
1786621668.459786,1,scan
1786621668.508088,3,camera
1786621668.544203,2,scan
1786621668.548590,2,camera
1786621668.557236,3,scan
1786621668.557761,1,camera
1786621668.559421,1,scan
1786621668.609170,3,camera
1786621668.644143,2,scan
1786621668.649757,2,camera
1786621668.657412,3,scan
1786621668.658209,1,camera
1786621668.659229,1,scan
1786621668.697050,3,camera
